/home/pi_123/data/src/pressure_project/system_upload.py:62: DeprecationWarning: Callback API version 1 is deprecated, update to latest version
  client = mqtt.Client(client_id=CLIENT_ID, protocol=mqtt.MQTTv311, clean_session=True)
=== DEBUG START ===
DB exists: True
CA exists: True
CERT exists: True
KEY exists: True
=== DEBUG END ===
✅ Connected to AWS IoT Core
✅ Uploaded | id=6524 BP=8910.0 FP=21407.0 CR=5187.0 BC=23505.0 timestamp="2026-02-09 07:12:29"
📤 AWS IoT Sent { id=6524 BP=8910.0 FP=21407.0 CR=5187.0 BC=23505.0 timestamp="2026-02-09 07:12:29" }
✅ Uploaded | id=6526 BP=6318.0 FP=17784.0 CR=8560.0 BC=21471.0 timestamp="2026-02-09 07:12:39"
📤 AWS IoT Sent { id=6526 BP=6318.0 FP=17784.0 CR=8560.0 BC=21471.0 timestamp="2026-02-09 07:12:39" }
🛑 Shutdown signal received
🔻 Shutting down cleanly...
⚠️ MQTT disconnected, reason: 0
✅ Shutdown complete
/home/pi_123/data/src/pressure_project/system_upload.py:62: DeprecationWarning: Callback API version 1 is deprecated, update to latest version
  client = mqtt.Client(client_id=CLIENT_ID, protocol=mqtt.MQTTv311, clean_session=True)
=== DEBUG START ===
DB exists: True
CA exists: True
CERT exists: True
KEY exists: True
=== DEBUG END ===
✅ Connected to AWS IoT Core
✅ Uploaded | id=6529 BP=14935.0 FP=10362.0 CR=19350.0 BC=6876.0 timestamp="2026-02-09 07:12:44"
📤 AWS IoT Sent { id=6529 BP=14935.0 FP=10362.0 CR=19350.0 BC=6876.0 timestamp="2026-02-09 07:12:44" }
✅ Uploaded | id=6531 BP=11835.0 FP=13888.0 CR=15456.0 BC=10814.0 timestamp="2026-02-09 07:12:49"
📤 AWS IoT Sent { id=6531 BP=11835.0 FP=13888.0 CR=15456.0 BC=10814.0 timestamp="2026-02-09 07:12:49" }
✅ Uploaded | id=6533 BP=11003.0 FP=15365.0 CR=16151.0 BC=943.0 timestamp="2026-02-09 07:12:54"
📤 AWS IoT Sent { id=6533 BP=11003.0 FP=15365.0 CR=16151.0 BC=943.0 timestamp="2026-02-09 07:12:54" }
✅ Uploaded | id=6535 BP=5363.0 FP=24794.0 CR=3039.0 BC=24238.0 timestamp="2026-02-09 07:12:59"
📤 AWS IoT Sent { id=6535 BP=5363.0 FP=24794.0 CR=3039.0 BC=24238.0 timestamp="2026-02-09 07:12:59" }
✅ Uploaded | id=6537 BP=20499.0 FP=5654.0 CR=22253.0 BC=6628.0 timestamp="2026-02-09 07:13:04"
📤 AWS IoT Sent { id=6537 BP=20499.0 FP=5654.0 CR=22253.0 BC=6628.0 timestamp="2026-02-09 07:13:04" }
✅ Uploaded | id=6539 BP=24166.0 FP=4181.0 CR=24262.0 BC=4419.0 timestamp="2026-02-09 07:13:09"
📤 AWS IoT Sent { id=6539 BP=24166.0 FP=4181.0 CR=24262.0 BC=4419.0 timestamp="2026-02-09 07:13:09" }
✅ Uploaded | id=6541 BP=21690.0 FP=4337.0 CR=23521.0 BC=1452.0 timestamp="2026-02-09 07:13:14"
📤 AWS IoT Sent { id=6541 BP=21690.0 FP=4337.0 CR=23521.0 BC=1452.0 timestamp="2026-02-09 07:13:14" }
✅ Uploaded | id=6543 BP=14103.0 FP=10661.0 CR=18509.0 BC=7392.0 timestamp="2026-02-09 07:13:19"
📤 AWS IoT Sent { id=6543 BP=14103.0 FP=10661.0 CR=18509.0 BC=7392.0 timestamp="2026-02-09 07:13:19" }
✅ Uploaded | id=6545 BP=8932.0 FP=18055.0 CR=11332.0 BC=14725.0 timestamp="2026-02-09 07:13:24"
📤 AWS IoT Sent { id=6545 BP=8932.0 FP=18055.0 CR=11332.0 BC=14725.0 timestamp="2026-02-09 07:13:24" }
✅ Uploaded | id=6547 BP=4138.0 FP=23824.0 CR=6854.0 BC=21397.0 timestamp="2026-02-09 07:13:29"
📤 AWS IoT Sent { id=6547 BP=4138.0 FP=23824.0 CR=6854.0 BC=21397.0 timestamp="2026-02-09 07:13:29" }
✅ Uploaded | id=6549 BP=1522.0 FP=24090.0 CR=8136.0 BC=22027.0 timestamp="2026-02-09 07:13:35"
📤 AWS IoT Sent { id=6549 BP=1522.0 FP=24090.0 CR=8136.0 BC=22027.0 timestamp="2026-02-09 07:13:35" }
✅ Uploaded | id=6551 BP=8316.0 FP=19102.0 CR=10565.0 BC=14986.0 timestamp="2026-02-09 07:13:40"
📤 AWS IoT Sent { id=6551 BP=8316.0 FP=19102.0 CR=10565.0 BC=14986.0 timestamp="2026-02-09 07:13:40" }
✅ Uploaded | id=6553 BP=6601.0 FP=21963.0 CR=9327.0 BC=18220.0 timestamp="2026-02-09 07:13:45"
📤 AWS IoT Sent { id=6553 BP=6601.0 FP=21963.0 CR=9327.0 BC=18220.0 timestamp="2026-02-09 07:13:45" }
✅ Uploaded | id=6555 BP=4005.0 FP=23979.0 CR=7167.0 BC=21500.0 timestamp="2026-02-09 07:13:50"
📤 AWS IoT Sent { id=6555 BP=4005.0 FP=23979.0 CR=7167.0 BC=21500.0 timestamp="2026-02-09 07:13:50" }
✅ Uploaded | id=6557 BP=8258.0 FP=19543.0 CR=10501.0 BC=16176.0 timestamp="2026-02-09 07:14:00"
📤 AWS IoT Sent { id=6557 BP=8258.0 FP=19543.0 CR=10501.0 BC=16176.0 timestamp="2026-02-09 07:14:00" }
✅ Uploaded | id=6559 BP=13099.0 FP=12270.0 CR=13155.0 BC=16234.0 timestamp="2026-02-09 07:14:05"
📤 AWS IoT Sent { id=6559 BP=13099.0 FP=12270.0 CR=13155.0 BC=16234.0 timestamp="2026-02-09 07:14:05" }
✅ Uploaded | id=6561 BP=19435.0 FP=5949.0 CR=23249.0 BC=2899.0 timestamp="2026-02-09 07:14:10"
📤 AWS IoT Sent { id=6561 BP=19435.0 FP=5949.0 CR=23249.0 BC=2899.0 timestamp="2026-02-09 07:14:10" }
✅ Uploaded | id=6563 BP=1338.0 FP=23891.0 CR=1483.0 BC=24707.0 timestamp="2026-02-09 07:14:15"
📤 AWS IoT Sent { id=6563 BP=1338.0 FP=23891.0 CR=1483.0 BC=24707.0 timestamp="2026-02-09 07:14:15" }
✅ Uploaded | id=6565 BP=2647.0 FP=23779.0 CR=2753.0 BC=9549.0 timestamp="2026-02-09 07:14:20"
📤 AWS IoT Sent { id=6565 BP=2647.0 FP=23779.0 CR=2753.0 BC=9549.0 timestamp="2026-02-09 07:14:20" }
✅ Uploaded | id=6567 BP=14744.0 FP=11260.0 CR=15182.0 BC=14003.0 timestamp="2026-02-09 07:14:25"
📤 AWS IoT Sent { id=6567 BP=14744.0 FP=11260.0 CR=15182.0 BC=14003.0 timestamp="2026-02-09 07:14:25" }
✅ Uploaded | id=6569 BP=16038.0 FP=9487.0 CR=20361.0 BC=6176.0 timestamp="2026-02-09 07:14:30"
📤 AWS IoT Sent { id=6569 BP=16038.0 FP=9487.0 CR=20361.0 BC=6176.0 timestamp="2026-02-09 07:14:30" }
✅ Uploaded | id=6571 BP=1266.0 FP=23502.0 CR=1207.0 BC=23776.0 timestamp="2026-02-09 07:14:35"
📤 AWS IoT Sent { id=6571 BP=1266.0 FP=23502.0 CR=1207.0 BC=23776.0 timestamp="2026-02-09 07:14:35" }
✅ Uploaded | id=6573 BP=23633.0 FP=7950.0 CR=20453.0 BC=10155.0 timestamp="2026-02-09 07:14:40"
📤 AWS IoT Sent { id=6573 BP=23633.0 FP=7950.0 CR=20453.0 BC=10155.0 timestamp="2026-02-09 07:14:40" }
✅ Uploaded | id=6575 BP=18424.0 FP=11773.0 CR=18703.0 BC=7785.0 timestamp="2026-02-09 07:14:45"
📤 AWS IoT Sent { id=6575 BP=18424.0 FP=11773.0 CR=18703.0 BC=7785.0 timestamp="2026-02-09 07:14:45" }
✅ Uploaded | id=6577 BP=1752.0 FP=24785.0 CR=5123.0 BC=23762.0 timestamp="2026-02-09 07:14:50"
📤 AWS IoT Sent { id=6577 BP=1752.0 FP=24785.0 CR=5123.0 BC=23762.0 timestamp="2026-02-09 07:14:50" }
✅ Uploaded | id=6579 BP=14421.0 FP=11698.0 CR=13975.0 BC=15305.0 timestamp="2026-02-09 07:14:55"
📤 AWS IoT Sent { id=6579 BP=14421.0 FP=11698.0 CR=13975.0 BC=15305.0 timestamp="2026-02-09 07:14:55" }
✅ Uploaded | id=6581 BP=23507.0 FP=779.0 CR=24528.0 BC=7413.0 timestamp="2026-02-09 07:15:00"
📤 AWS IoT Sent { id=6581 BP=23507.0 FP=779.0 CR=24528.0 BC=7413.0 timestamp="2026-02-09 07:15:00" }
✅ Uploaded | id=6583 BP=6398.0 FP=24892.0 CR=6151.0 BC=22700.0 timestamp="2026-02-09 07:15:05"
📤 AWS IoT Sent { id=6583 BP=6398.0 FP=24892.0 CR=6151.0 BC=22700.0 timestamp="2026-02-09 07:15:05" }
✅ Uploaded | id=6585 BP=19185.0 FP=11356.0 CR=14798.0 BC=14383.0 timestamp="2026-02-09 07:15:10"
📤 AWS IoT Sent { id=6585 BP=19185.0 FP=11356.0 CR=14798.0 BC=14383.0 timestamp="2026-02-09 07:15:10" }
✅ Uploaded | id=6587 BP=22046.0 FP=7500.0 CR=22299.0 BC=4064.0 timestamp="2026-02-09 07:15:16"
📤 AWS IoT Sent { id=6587 BP=22046.0 FP=7500.0 CR=22299.0 BC=4064.0 timestamp="2026-02-09 07:15:16" }
✅ Uploaded | id=6591 BP=8545.0 FP=17447.0 CR=8456.0 BC=21642.0 timestamp="2026-02-09 07:15:26"
📤 AWS IoT Sent { id=6591 BP=8545.0 FP=17447.0 CR=8456.0 BC=21642.0 timestamp="2026-02-09 07:15:26" }
✅ Uploaded | id=6593 BP=24204.0 FP=7644.0 CR=21110.0 BC=9728.0 timestamp="2026-02-09 07:15:31"
📤 AWS IoT Sent { id=6593 BP=24204.0 FP=7644.0 CR=21110.0 BC=9728.0 timestamp="2026-02-09 07:15:31" }
✅ Uploaded | id=6595 BP=23162.0 FP=6340.0 CR=23284.0 BC=2981.0 timestamp="2026-02-09 07:15:36"
📤 AWS IoT Sent { id=6595 BP=23162.0 FP=6340.0 CR=23284.0 BC=2981.0 timestamp="2026-02-09 07:15:36" }
✅ Uploaded | id=6597 BP=12063.0 FP=14915.0 CR=19277.0 BC=6399.0 timestamp="2026-02-09 07:15:41"
📤 AWS IoT Sent { id=6597 BP=12063.0 FP=14915.0 CR=19277.0 BC=6399.0 timestamp="2026-02-09 07:15:41" }
✅ Uploaded | id=6599 BP=17164.0 FP=11690.0 CR=14277.0 BC=10737.0 timestamp="2026-02-09 07:15:46"
📤 AWS IoT Sent { id=6599 BP=17164.0 FP=11690.0 CR=14277.0 BC=10737.0 timestamp="2026-02-09 07:15:46" }
✅ Uploaded | id=6601 BP=685.0 FP=7235.0 CR=22993.0 BC=3652.0 timestamp="2026-02-09 07:15:51"
📤 AWS IoT Sent { id=6601 BP=685.0 FP=7235.0 CR=22993.0 BC=3652.0 timestamp="2026-02-09 07:15:51" }
✅ Uploaded | id=6603 BP=5048.0 FP=23283.0 CR=8324.0 BC=20339.0 timestamp="2026-02-09 07:15:56"
📤 AWS IoT Sent { id=6603 BP=5048.0 FP=23283.0 CR=8324.0 BC=20339.0 timestamp="2026-02-09 07:15:56" }
✅ Uploaded | id=6605 BP=6258.0 FP=20274.0 CR=5918.0 BC=23476.0 timestamp="2026-02-09 07:16:01"
📤 AWS IoT Sent { id=6605 BP=6258.0 FP=20274.0 CR=5918.0 BC=23476.0 timestamp="2026-02-09 07:16:01" }
✅ Uploaded | id=6607 BP=17175.0 FP=8226.0 CR=21561.0 BC=4990.0 timestamp="2026-02-09 07:16:06"
📤 AWS IoT Sent { id=6607 BP=17175.0 FP=8226.0 CR=21561.0 BC=4990.0 timestamp="2026-02-09 07:16:06" }
✅ Uploaded | id=6609 BP=8373.0 FP=23017.0 CR=8410.0 BC=19593.0 timestamp="2026-02-09 07:16:11"
📤 AWS IoT Sent { id=6609 BP=8373.0 FP=23017.0 CR=8410.0 BC=19593.0 timestamp="2026-02-09 07:16:11" }
✅ Uploaded | id=6611 BP=2591.0 FP=24002.0 CR=988.0 BC=24673.0 timestamp="2026-02-09 07:16:16"
📤 AWS IoT Sent { id=6611 BP=2591.0 FP=24002.0 CR=988.0 BC=24673.0 timestamp="2026-02-09 07:16:16" }
✅ Uploaded | id=6613 BP=11417.0 FP=14607.0 CR=10419.0 BC=19509.0 timestamp="2026-02-09 07:16:21"
📤 AWS IoT Sent { id=6613 BP=11417.0 FP=14607.0 CR=10419.0 BC=19509.0 timestamp="2026-02-09 07:16:21" }
✅ Uploaded | id=6615 BP=4372.0 FP=22102.0 CR=4258.0 BC=23766.0 timestamp="2026-02-09 07:16:26"
📤 AWS IoT Sent { id=6615 BP=4372.0 FP=22102.0 CR=4258.0 BC=23766.0 timestamp="2026-02-09 07:16:26" }
✅ Uploaded | id=6617 BP=17063.0 FP=13329.0 CR=12902.0 BC=16829.0 timestamp="2026-02-09 07:16:31"
📤 AWS IoT Sent { id=6617 BP=17063.0 FP=13329.0 CR=12902.0 BC=16829.0 timestamp="2026-02-09 07:16:31" }
✅ Uploaded | id=6619 BP=24538.0 FP=3644.0 CR=25017.0 BC=6359.0 timestamp="2026-02-09 07:16:36"
📤 AWS IoT Sent { id=6619 BP=24538.0 FP=3644.0 CR=25017.0 BC=6359.0 timestamp="2026-02-09 07:16:36" }
✅ Uploaded | id=6621 BP=16873.0 FP=13140.0 CR=17324.0 BC=9379.0 timestamp="2026-02-09 07:16:41"
📤 AWS IoT Sent { id=6621 BP=16873.0 FP=13140.0 CR=17324.0 BC=9379.0 timestamp="2026-02-09 07:16:41" }
✅ Uploaded | id=6623 BP=6508.0 FP=22174.0 CR=9361.0 BC=18931.0 timestamp="2026-02-09 07:16:47"
📤 AWS IoT Sent { id=6623 BP=6508.0 FP=22174.0 CR=9361.0 BC=18931.0 timestamp="2026-02-09 07:16:47" }
✅ Uploaded | id=6625 BP=5560.0 FP=21047.0 CR=5335.0 BC=23416.0 timestamp="2026-02-09 07:16:52"
📤 AWS IoT Sent { id=6625 BP=5560.0 FP=21047.0 CR=5335.0 BC=23416.0 timestamp="2026-02-09 07:16:52" }
✅ Uploaded | id=6627 BP=22337.0 FP=9709.0 CR=18458.0 BC=11805.0 timestamp="2026-02-09 07:16:57"
📤 AWS IoT Sent { id=6627 BP=22337.0 FP=9709.0 CR=18458.0 BC=11805.0 timestamp="2026-02-09 07:16:57" }
✅ Uploaded | id=6629 BP=16250.0 FP=15781.0 CR=10063.0 BC=22989.0 timestamp="2026-02-09 07:17:02"
📤 AWS IoT Sent { id=6629 BP=16250.0 FP=15781.0 CR=10063.0 BC=22989.0 timestamp="2026-02-09 07:17:02" }
✅ Uploaded | id=6631 BP=8496.0 FP=22697.0 CR=8670.0 BC=18409.0 timestamp="2026-02-09 07:17:07"
📤 AWS IoT Sent { id=6631 BP=8496.0 FP=22697.0 CR=8670.0 BC=18409.0 timestamp="2026-02-09 07:17:07" }
✅ Uploaded | id=6633 BP=5546.0 FP=23540.0 CR=1791.0 BC=23904.0 timestamp="2026-02-09 07:17:12"
📤 AWS IoT Sent { id=6633 BP=5546.0 FP=23540.0 CR=1791.0 BC=23904.0 timestamp="2026-02-09 07:17:12" }
✅ Uploaded | id=6635 BP=17532.0 FP=23900.0 CR=7662.0 BC=21081.0 timestamp="2026-02-09 07:17:17"
📤 AWS IoT Sent { id=6635 BP=17532.0 FP=23900.0 CR=7662.0 BC=21081.0 timestamp="2026-02-09 07:17:17" }
✅ Uploaded | id=6637 BP=1577.0 FP=24085.0 CR=2526.0 BC=24978.0 timestamp="2026-02-09 07:17:22"
📤 AWS IoT Sent { id=6637 BP=1577.0 FP=24085.0 CR=2526.0 BC=24978.0 timestamp="2026-02-09 07:17:22" }
✅ Uploaded | id=6639 BP=8958.0 FP=16933.0 CR=8607.0 BC=21068.0 timestamp="2026-02-09 07:17:27"
📤 AWS IoT Sent { id=6639 BP=8958.0 FP=16933.0 CR=8607.0 BC=21068.0 timestamp="2026-02-09 07:17:27" }
✅ Uploaded | id=6641 BP=21333.0 FP=9808.0 CR=17236.0 BC=12121.0 timestamp="2026-02-09 07:17:32"
📤 AWS IoT Sent { id=6641 BP=21333.0 FP=9808.0 CR=17236.0 BC=12121.0 timestamp="2026-02-09 07:17:32" }
✅ Uploaded | id=6643 BP=24020.0 FP=905.0 CR=24027.0 BC=3152.0 timestamp="2026-02-09 07:17:37"
📤 AWS IoT Sent { id=6643 BP=24020.0 FP=905.0 CR=24027.0 BC=3152.0 timestamp="2026-02-09 07:17:37" }
✅ Uploaded | id=6645 BP=17959.0 FP=8333.0 CR=21921.0 BC=5036.0 timestamp="2026-02-09 07:17:42"
📤 AWS IoT Sent { id=6645 BP=17959.0 FP=8333.0 CR=21921.0 BC=5036.0 timestamp="2026-02-09 07:17:42" }
✅ Uploaded | id=6647 BP=3893.0 FP=24399.0 CR=6574.0 BC=21149.0 timestamp="2026-02-09 07:17:47"
📤 AWS IoT Sent { id=6647 BP=3893.0 FP=24399.0 CR=6574.0 BC=21149.0 timestamp="2026-02-09 07:17:47" }
✅ Uploaded | id=6649 BP=5354.0 FP=20953.0 CR=5024.0 BC=23408.0 timestamp="2026-02-09 07:17:52"
📤 AWS IoT Sent { id=6649 BP=5354.0 FP=20953.0 CR=5024.0 BC=23408.0 timestamp="2026-02-09 07:17:52" }
✅ Uploaded | id=6651 BP=17926.0 FP=12335.0 CR=13547.0 BC=15515.0 timestamp="2026-02-09 07:17:57"
📤 AWS IoT Sent { id=6651 BP=17926.0 FP=12335.0 CR=13547.0 BC=15515.0 timestamp="2026-02-09 07:17:57" }
✅ Uploaded | id=6653 BP=22113.0 FP=6255.0 CR=21946.0 BC=8985.0 timestamp="2026-02-09 07:18:02"
📤 AWS IoT Sent { id=6653 BP=22113.0 FP=6255.0 CR=21946.0 BC=8985.0 timestamp="2026-02-09 07:18:02" }
✅ Uploaded | id=6655 BP=24338.0 FP=3362.0 CR=24940.0 BC=6358.0 timestamp="2026-02-09 07:18:07"
📤 AWS IoT Sent { id=6655 BP=24338.0 FP=3362.0 CR=24940.0 BC=6358.0 timestamp="2026-02-09 07:18:07" }
✅ Uploaded | id=6657 BP=23702.0 FP=4430.0 CR=23720.0 BC=1169.0 timestamp="2026-02-09 07:18:12"
📤 AWS IoT Sent { id=6657 BP=23702.0 FP=4430.0 CR=23720.0 BC=1169.0 timestamp="2026-02-09 07:18:12" }
✅ Uploaded | id=6659 BP=17673.0 FP=7756.0 CR=21885.0 BC=4706.0 timestamp="2026-02-09 07:18:17"
📤 AWS IoT Sent { id=6659 BP=17673.0 FP=7756.0 CR=21885.0 BC=4706.0 timestamp="2026-02-09 07:18:17" }
✅ Uploaded | id=6661 BP=11032.0 FP=19049.0 CR=11137.0 BC=15153.0 timestamp="2026-02-09 07:18:23"
📤 AWS IoT Sent { id=6661 BP=11032.0 FP=19049.0 CR=11137.0 BC=15153.0 timestamp="2026-02-09 07:18:23" }
✅ Uploaded | id=6663 BP=3561.0 FP=24990.0 CR=6844.0 BC=22452.0 timestamp="2026-02-09 07:18:28"
📤 AWS IoT Sent { id=6663 BP=3561.0 FP=24990.0 CR=6844.0 BC=22452.0 timestamp="2026-02-09 07:18:28" }
✅ Uploaded | id=6665 BP=14548.0 FP=10821.0 CR=16385.0 BC=13236.0 timestamp="2026-02-09 07:18:33"
📤 AWS IoT Sent { id=6665 BP=14548.0 FP=10821.0 CR=16385.0 BC=13236.0 timestamp="2026-02-09 07:18:33" }
✅ Uploaded | id=6667 BP=23936.0 FP=3125.0 CR=24901.0 BC=5969.0 timestamp="2026-02-09 07:18:38"
📤 AWS IoT Sent { id=6667 BP=23936.0 FP=3125.0 CR=24901.0 BC=5969.0 timestamp="2026-02-09 07:18:38" }
✅ Uploaded | id=6669 BP=23151.0 FP=7005.0 CR=23364.0 BC=3575.0 timestamp="2026-02-09 07:18:43"
📤 AWS IoT Sent { id=6669 BP=23151.0 FP=7005.0 CR=23364.0 BC=3575.0 timestamp="2026-02-09 07:18:43" }
✅ Uploaded | id=6671 BP=15033.0 FP=10380.0 CR=19744.0 BC=6874.0 timestamp="2026-02-09 07:18:48"
📤 AWS IoT Sent { id=6671 BP=15033.0 FP=10380.0 CR=19744.0 BC=6874.0 timestamp="2026-02-09 07:18:48" }
✅ Uploaded | id=6673 BP=10153.0 FP=21087.0 CR=10314.0 BC=17387.0 timestamp="2026-02-09 07:18:53"
📤 AWS IoT Sent { id=6673 BP=10153.0 FP=21087.0 CR=10314.0 BC=17387.0 timestamp="2026-02-09 07:18:53" }
✅ Uploaded | id=6675 BP=3454.0 FP=24723.0 CR=6816.0 BC=22231.0 timestamp="2026-02-09 07:18:58"
📤 AWS IoT Sent { id=6675 BP=3454.0 FP=24723.0 CR=6816.0 BC=22231.0 timestamp="2026-02-09 07:18:58" }
✅ Uploaded | id=6677 BP=4943.0 FP=22001.0 CR=4822.0 BC=23562.0 timestamp="2026-02-09 07:19:03"
📤 AWS IoT Sent { id=6677 BP=4943.0 FP=22001.0 CR=4822.0 BC=23562.0 timestamp="2026-02-09 07:19:03" }
✅ Uploaded | id=6681 BP=15543.0 FP=13082.0 CR=17338.0 BC=9280.0 timestamp="2026-02-09 07:19:13"
📤 AWS IoT Sent { id=6681 BP=15543.0 FP=13082.0 CR=17338.0 BC=9280.0 timestamp="2026-02-09 07:19:13" }
✅ Uploaded | id=6683 BP=6403.0 FP=21581.0 CR=9264.0 BC=18405.0 timestamp="2026-02-09 07:19:18"
📤 AWS IoT Sent { id=6683 BP=6403.0 FP=21581.0 CR=9264.0 BC=18405.0 timestamp="2026-02-09 07:19:18" }
✅ Uploaded | id=6685 BP=671.0 FP=24365.0 CR=3369.0 BC=25089.0 timestamp="2026-02-09 07:19:23"
📤 AWS IoT Sent { id=6685 BP=671.0 FP=24365.0 CR=3369.0 BC=25089.0 timestamp="2026-02-09 07:19:23" }
✅ Uploaded | id=6687 BP=4776.0 FP=21536.0 CR=4702.0 BC=23493.0 timestamp="2026-02-09 07:19:28"
📤 AWS IoT Sent { id=6687 BP=4776.0 FP=21536.0 CR=4702.0 BC=23493.0 timestamp="2026-02-09 07:19:28" }
✅ Uploaded | id=6689 BP=14042.0 FP=16445.0 CR=9967.0 BC=19948.0 timestamp="2026-02-09 07:19:33"
📤 AWS IoT Sent { id=6689 BP=14042.0 FP=16445.0 CR=9967.0 BC=19948.0 timestamp="2026-02-09 07:19:33" }
✅ Uploaded | id=6691 BP=21645.0 FP=7368.0 CR=21175.0 BC=9861.0 timestamp="2026-02-09 07:19:38"
📤 AWS IoT Sent { id=6691 BP=21645.0 FP=7368.0 CR=21175.0 BC=9861.0 timestamp="2026-02-09 07:19:38" }
✅ Uploaded | id=6693 BP=23891.0 FP=2061.0 CR=24860.0 BC=4931.0 timestamp="2026-02-09 07:19:43"
📤 AWS IoT Sent { id=6693 BP=23891.0 FP=2061.0 CR=24860.0 BC=4931.0 timestamp="2026-02-09 07:19:43" }
✅ Uploaded | id=6695 BP=23063.0 FP=7364.0 CR=23202.0 BC=3744.0 timestamp="2026-02-09 07:19:48"
📤 AWS IoT Sent { id=6695 BP=23063.0 FP=7364.0 CR=23202.0 BC=3744.0 timestamp="2026-02-09 07:19:48" }
✅ Uploaded | id=6697 BP=24960.0 FP=6307.0 CR=21666.0 BC=8756.0 timestamp="2026-02-09 07:19:53"
📤 AWS IoT Sent { id=6697 BP=24960.0 FP=6307.0 CR=21666.0 BC=8756.0 timestamp="2026-02-09 07:19:53" }
✅ Uploaded | id=6699 BP=23943.0 FP=22126.0 CR=4694.0 BC=23570.0 timestamp="2026-02-09 07:19:59"
📤 AWS IoT Sent { id=6699 BP=23943.0 FP=22126.0 CR=4694.0 BC=23570.0 timestamp="2026-02-09 07:19:59" }
✅ Uploaded | id=6701 BP=17944.0 FP=12678.0 CR=13634.0 BC=15845.0 timestamp="2026-02-09 07:20:04"
📤 AWS IoT Sent { id=6701 BP=17944.0 FP=12678.0 CR=13634.0 BC=15845.0 timestamp="2026-02-09 07:20:04" }
✅ Uploaded | id=6703 BP=6127.0 FP=23468.0 CR=2637.0 BC=23867.0 timestamp="2026-02-09 07:20:09"
📤 AWS IoT Sent { id=6703 BP=6127.0 FP=23468.0 CR=2637.0 BC=23867.0 timestamp="2026-02-09 07:20:09" }
✅ Uploaded | id=6705 BP=9031.0 FP=16850.0 CR=8877.0 BC=21026.0 timestamp="2026-02-09 07:20:14"
📤 AWS IoT Sent { id=6705 BP=9031.0 FP=16850.0 CR=8877.0 BC=21026.0 timestamp="2026-02-09 07:20:14" }
✅ Uploaded | id=6707 BP=12322.0 FP=18414.0 CR=8122.0 BC=22128.0 timestamp="2026-02-09 07:20:19"
📤 AWS IoT Sent { id=6707 BP=12322.0 FP=18414.0 CR=8122.0 BC=22128.0 timestamp="2026-02-09 07:20:19" }
✅ Uploaded | id=6709 BP=12870.0 FP=12983.0 CR=12753.0 BC=17038.0 timestamp="2026-02-09 07:20:24"
📤 AWS IoT Sent { id=6709 BP=12870.0 FP=12983.0 CR=12753.0 BC=17038.0 timestamp="2026-02-09 07:20:24" }
✅ Uploaded | id=6711 BP=19214.0 FP=11724.0 CR=14898.0 BC=14733.0 timestamp="2026-02-09 07:20:29"
📤 AWS IoT Sent { id=6711 BP=19214.0 FP=11724.0 CR=14898.0 BC=14733.0 timestamp="2026-02-09 07:20:29" }
✅ Uploaded | id=6713 BP=22161.0 FP=7823.0 CR=19867.0 BC=11459.0 timestamp="2026-02-09 07:20:34"
📤 AWS IoT Sent { id=6713 BP=22161.0 FP=7823.0 CR=19867.0 BC=11459.0 timestamp="2026-02-09 07:20:34" }
⚠️ MQTT disconnected, reason: 16
⚠️ MQTT disconnected, reason: 16
✅ Connected to AWS IoT Core
✅ Uploaded | id=6714 BP=7823.0 FP=19867.0 CR=11459.0 BC=13618.0 timestamp="2026-02-09 07:20:34"
📤 AWS IoT Sent { id=6714 BP=7823.0 FP=19867.0 CR=11459.0 BC=13618.0 timestamp="2026-02-09 07:20:34" }
✅ Uploaded | id=6716 BP=14702.0 FP=11446.0 CR=19074.0 BC=11584.0 timestamp="2026-02-09 07:20:39"
📤 AWS IoT Sent { id=6716 BP=14702.0 FP=11446.0 CR=19074.0 BC=11584.0 timestamp="2026-02-09 07:20:39" }
✅ Uploaded | id=6717 BP=8768.0 FP=22876.0 CR=9059.0 BC=19418.0 timestamp="2026-02-09 07:20:44"
📤 AWS IoT Sent { id=6717 BP=8768.0 FP=22876.0 CR=9059.0 BC=19418.0 timestamp="2026-02-09 07:20:44" }
✅ Uploaded | id=6718 BP=22876.0 FP=9059.0 CR=19418.0 BC=11238.0 timestamp="2026-02-09 07:20:44"
📤 AWS IoT Sent { id=6718 BP=22876.0 FP=9059.0 CR=19418.0 BC=11238.0 timestamp="2026-02-09 07:20:44" }
✅ Uploaded | id=6719 BP=7437.0 FP=20861.0 CR=10057.0 BC=17571.0 timestamp="2026-02-09 07:20:49"
📤 AWS IoT Sent { id=6719 BP=7437.0 FP=20861.0 CR=10057.0 BC=17571.0 timestamp="2026-02-09 07:20:49" }
✅ Uploaded | id=6721 BP=8981.0 FP=22843.0 CR=9107.0 BC=19391.0 timestamp="2026-02-09 07:20:54"
📤 AWS IoT Sent { id=6721 BP=8981.0 FP=22843.0 CR=9107.0 BC=19391.0 timestamp="2026-02-09 07:20:54" }
✅ Uploaded | id=6723 BP=8560.0 FP=18941.0 CR=11281.0 BC=15285.0 timestamp="2026-02-09 07:20:59"
📤 AWS IoT Sent { id=6723 BP=8560.0 FP=18941.0 CR=11281.0 BC=15285.0 timestamp="2026-02-09 07:20:59" }
✅ Uploaded | id=6725 BP=12535.0 FP=17694.0 CR=12754.0 BC=13664.0 timestamp="2026-02-09 07:21:04"
📤 AWS IoT Sent { id=6725 BP=12535.0 FP=17694.0 CR=12754.0 BC=13664.0 timestamp="2026-02-09 07:21:04" }
✅ Uploaded | id=6727 BP=12608.0 FP=12912.0 CR=16937.0 BC=9497.0 timestamp="2026-02-09 07:21:09"
📤 AWS IoT Sent { id=6727 BP=12608.0 FP=12912.0 CR=16937.0 BC=9497.0 timestamp="2026-02-09 07:21:09" }
✅ Uploaded | id=6729 BP=21050.0 FP=7547.0 CR=22733.0 BC=3976.0 timestamp="2026-02-09 07:21:14"
📤 AWS IoT Sent { id=6729 BP=21050.0 FP=7547.0 CR=22733.0 BC=3976.0 timestamp="2026-02-09 07:21:14" }
✅ Uploaded | id=6731 BP=23855.0 FP=1656.0 CR=24793.0 BC=4846.0 timestamp="2026-02-09 07:21:19"
📤 AWS IoT Sent { id=6731 BP=23855.0 FP=1656.0 CR=24793.0 BC=4846.0 timestamp="2026-02-09 07:21:19" }
✅ Uploaded | id=6733 BP=24964.0 FP=3317.0 CR=24905.0 BC=6326.0 timestamp="2026-02-09 07:21:24"
📤 AWS IoT Sent { id=6733 BP=24964.0 FP=3317.0 CR=24905.0 BC=6326.0 timestamp="2026-02-09 07:21:24" }
✅ Uploaded | id=6735 BP=20919.0 FP=10486.0 CR=16591.0 BC=12847.0 timestamp="2026-02-09 07:21:29"
📤 AWS IoT Sent { id=6735 BP=20919.0 FP=10486.0 CR=16591.0 BC=12847.0 timestamp="2026-02-09 07:21:29" }
✅ Uploaded | id=6737 BP=12735.0 FP=12962.0 CR=12336.0 BC=17269.0 timestamp="2026-02-09 07:21:35"
📤 AWS IoT Sent { id=6737 BP=12735.0 FP=12962.0 CR=12336.0 BC=17269.0 timestamp="2026-02-09 07:21:35" }
✅ Uploaded | id=6739 BP=12230.0 FP=18480.0 CR=7901.0 BC=22074.0 timestamp="2026-02-09 07:21:40"
📤 AWS IoT Sent { id=6739 BP=12230.0 FP=18480.0 CR=7901.0 BC=22074.0 timestamp="2026-02-09 07:21:40" }
✅ Uploaded | id=6741 BP=7909.0 FP=18245.0 CR=7365.0 BC=22470.0 timestamp="2026-02-09 07:21:45"
📤 AWS IoT Sent { id=6741 BP=7909.0 FP=18245.0 CR=7365.0 BC=22470.0 timestamp="2026-02-09 07:21:45" }
✅ Uploaded | id=6743 BP=10841.0 FP=20220.0 CR=6303.0 BC=23307.0 timestamp="2026-02-09 07:21:50"
📤 AWS IoT Sent { id=6743 BP=10841.0 FP=20220.0 CR=6303.0 BC=23307.0 timestamp="2026-02-09 07:21:50" }
✅ Uploaded | id=6745 BP=14099.0 FP=12103.0 CR=13910.0 BC=15579.0 timestamp="2026-02-09 07:21:55"
📤 AWS IoT Sent { id=6745 BP=14099.0 FP=12103.0 CR=13910.0 BC=15579.0 timestamp="2026-02-09 07:21:55" }
✅ Uploaded | id=6747 BP=21253.0 FP=10708.0 CR=16683.0 BC=13986.0 timestamp="2026-02-09 07:22:00"
📤 AWS IoT Sent { id=6747 BP=21253.0 FP=10708.0 CR=16683.0 BC=13986.0 timestamp="2026-02-09 07:22:00" }
✅ Uploaded | id=6749 BP=11811.0 FP=14490.0 CR=14265.0 BC=15933.0 timestamp="2026-02-09 07:22:05"
📤 AWS IoT Sent { id=6749 BP=11811.0 FP=14490.0 CR=14265.0 BC=15933.0 timestamp="2026-02-09 07:22:05" }
✅ Uploaded | id=6751 BP=19147.0 FP=9423.0 CR=19399.0 BC=11171.0 timestamp="2026-02-09 07:22:10"
📤 AWS IoT Sent { id=6751 BP=19147.0 FP=9423.0 CR=19399.0 BC=11171.0 timestamp="2026-02-09 07:22:10" }
✅ Uploaded | id=6753 BP=21469.0 FP=10724.0 CR=17392.0 BC=12835.0 timestamp="2026-02-09 07:22:15"
📤 AWS IoT Sent { id=6753 BP=21469.0 FP=10724.0 CR=17392.0 BC=12835.0 timestamp="2026-02-09 07:22:15" }
✅ Uploaded | id=6755 BP=22874.0 FP=6051.0 CR=23127.0 BC=8338.0 timestamp="2026-02-09 07:22:20"
📤 AWS IoT Sent { id=6755 BP=22874.0 FP=6051.0 CR=23127.0 BC=8338.0 timestamp="2026-02-09 07:22:20" }
✅ Uploaded | id=6757 BP=24509.0 FP=5274.0 CR=24003.0 BC=7574.0 timestamp="2026-02-09 07:22:25"
📤 AWS IoT Sent { id=6757 BP=24509.0 FP=5274.0 CR=24003.0 BC=7574.0 timestamp="2026-02-09 07:22:25" }
✅ Uploaded | id=6759 BP=23757.0 FP=858.0 CR=24188.0 BC=4148.0 timestamp="2026-02-09 07:22:30"
📤 AWS IoT Sent { id=6759 BP=23757.0 FP=858.0 CR=24188.0 BC=4148.0 timestamp="2026-02-09 07:22:30" }
✅ Uploaded | id=6761 BP=7804.0 FP=22862.0 CR=3840.0 BC=23570.0 timestamp="2026-02-09 07:22:35"
📤 AWS IoT Sent { id=6761 BP=7804.0 FP=22862.0 CR=3840.0 BC=23570.0 timestamp="2026-02-09 07:22:35" }
✅ Uploaded | id=6763 BP=12471.0 FP=13230.0 CR=16848.0 BC=10203.0 timestamp="2026-02-09 07:22:40"
📤 AWS IoT Sent { id=6763 BP=12471.0 FP=13230.0 CR=16848.0 BC=10203.0 timestamp="2026-02-09 07:22:40" }
✅ Uploaded | id=6765 BP=2243.0 FP=23519.0 CR=1629.0 BC=24589.0 timestamp="2026-02-09 07:22:45"
📤 AWS IoT Sent { id=6765 BP=2243.0 FP=23519.0 CR=1629.0 BC=24589.0 timestamp="2026-02-09 07:22:45" }
✅ Uploaded | id=6767 BP=19909.0 FP=10097.0 CR=17455.0 BC=8731.0 timestamp="2026-02-09 07:22:55"
📤 AWS IoT Sent { id=6767 BP=19909.0 FP=10097.0 CR=17455.0 BC=8731.0 timestamp="2026-02-09 07:22:55" }
✅ Uploaded | id=6769 BP=10301.0 FP=21297.0 CR=10664.0 BC=17435.0 timestamp="2026-02-09 07:23:00"
📤 AWS IoT Sent { id=6769 BP=10301.0 FP=21297.0 CR=10664.0 BC=17435.0 timestamp="2026-02-09 07:23:00" }
✅ Uploaded | id=6771 BP=5279.0 FP=23202.0 CR=8699.0 BC=20467.0 timestamp="2026-02-09 07:23:05"
📤 AWS IoT Sent { id=6771 BP=5279.0 FP=23202.0 CR=8699.0 BC=20467.0 timestamp="2026-02-09 07:23:05" }
✅ Uploaded | id=6773 BP=1557.0 FP=23437.0 CR=1424.0 BC=23726.0 timestamp="2026-02-09 07:23:10"
📤 AWS IoT Sent { id=6773 BP=1557.0 FP=23437.0 CR=1424.0 BC=23726.0 timestamp="2026-02-09 07:23:10" }
✅ Uploaded | id=6775 BP=7386.0 FP=23097.0 CR=3470.0 BC=23667.0 timestamp="2026-02-09 07:23:16"
📤 AWS IoT Sent { id=6775 BP=7386.0 FP=23097.0 CR=3470.0 BC=23667.0 timestamp="2026-02-09 07:23:16" }
✅ Uploaded | id=6777 BP=11665.0 FP=14162.0 CR=11511.0 BC=18771.0 timestamp="2026-02-09 07:23:21"
📤 AWS IoT Sent { id=6777 BP=11665.0 FP=14162.0 CR=11511.0 BC=18771.0 timestamp="2026-02-09 07:23:21" }
✅ Uploaded | id=6779 BP=20477.0 FP=10283.0 CR=16323.0 BC=13440.0 timestamp="2026-02-09 07:23:26"
📤 AWS IoT Sent { id=6779 BP=20477.0 FP=10283.0 CR=16323.0 BC=13440.0 timestamp="2026-02-09 07:23:26" }
✅ Uploaded | id=6781 BP=20786.0 FP=7684.0 CR=20477.0 BC=10057.0 timestamp="2026-02-09 07:23:31"
📤 AWS IoT Sent { id=6781 BP=20786.0 FP=7684.0 CR=20477.0 BC=10057.0 timestamp="2026-02-09 07:23:31" }
✅ Uploaded | id=6783 BP=23985.0 FP=3273.0 CR=24950.0 BC=6194.0 timestamp="2026-02-09 07:23:36"
📤 AWS IoT Sent { id=6783 BP=23985.0 FP=3273.0 CR=24950.0 BC=6194.0 timestamp="2026-02-09 07:23:36" }
✅ Uploaded | id=6785 BP=21779.0 FP=8360.0 CR=22140.0 BC=4775.0 timestamp="2026-02-09 07:23:41"
📤 AWS IoT Sent { id=6785 BP=21779.0 FP=8360.0 CR=22140.0 BC=4775.0 timestamp="2026-02-09 07:23:41" }
✅ Uploaded | id=6787 BP=14386.0 FP=10899.0 CR=18844.0 BC=7554.0 timestamp="2026-02-09 07:23:46"
📤 AWS IoT Sent { id=6787 BP=14386.0 FP=10899.0 CR=18844.0 BC=7554.0 timestamp="2026-02-09 07:23:46" }
✅ Uploaded | id=6789 BP=9441.0 FP=22123.0 CR=9474.0 BC=18468.0 timestamp="2026-02-09 07:23:51"
📤 AWS IoT Sent { id=6789 BP=9441.0 FP=22123.0 CR=9474.0 BC=18468.0 timestamp="2026-02-09 07:23:51" }
✅ Uploaded | id=6791 BP=1322.0 FP=23729.0 CR=3436.0 BC=24536.0 timestamp="2026-02-09 07:23:56"
📤 AWS IoT Sent { id=6791 BP=1322.0 FP=23729.0 CR=3436.0 BC=24536.0 timestamp="2026-02-09 07:23:56" }
✅ Uploaded | id=6793 BP=6960.0 FP=19335.0 CR=6833.0 BC=23170.0 timestamp="2026-02-09 07:24:01"
📤 AWS IoT Sent { id=6793 BP=6960.0 FP=19335.0 CR=6833.0 BC=23170.0 timestamp="2026-02-09 07:24:01" }
✅ Uploaded | id=6795 BP=13465.0 FP=16114.0 CR=10186.0 BC=21616.0 timestamp="2026-02-09 07:24:06"
📤 AWS IoT Sent { id=6795 BP=13465.0 FP=16114.0 CR=10186.0 BC=21616.0 timestamp="2026-02-09 07:24:06" }
✅ Uploaded | id=6797 BP=23458.0 FP=8729.0 CR=19954.0 BC=10861.0 timestamp="2026-02-09 07:24:11"
📤 AWS IoT Sent { id=6797 BP=23458.0 FP=8729.0 CR=19954.0 BC=10861.0 timestamp="2026-02-09 07:24:11" }
✅ Uploaded | id=6799 BP=24541.0 FP=2462.0 CR=24574.0 BC=5475.0 timestamp="2026-02-09 07:24:16"
📤 AWS IoT Sent { id=6799 BP=24541.0 FP=2462.0 CR=24574.0 BC=5475.0 timestamp="2026-02-09 07:24:16" }
✅ Uploaded | id=6801 BP=23528.0 FP=3116.0 CR=24572.0 BC=5920.0 timestamp="2026-02-09 07:24:21"
📤 AWS IoT Sent { id=6801 BP=23528.0 FP=3116.0 CR=24572.0 BC=5920.0 timestamp="2026-02-09 07:24:21" }
✅ Uploaded | id=6803 BP=3248.0 FP=23656.0 CR=661.0 BC=23959.0 timestamp="2026-02-09 07:24:31"
📤 AWS IoT Sent { id=6803 BP=3248.0 FP=23656.0 CR=661.0 BC=23959.0 timestamp="2026-02-09 07:24:31" }
✅ Uploaded | id=6805 BP=23059.0 FP=2786.0 CR=23602.0 BC=888.0 timestamp="2026-02-09 07:24:41"
📤 AWS IoT Sent { id=6805 BP=23059.0 FP=2786.0 CR=23602.0 BC=888.0 timestamp="2026-02-09 07:24:41" }
✅ Uploaded | id=6806 BP=2435.0 FP=23367.0 CR=1889.0 BC=23370.0 timestamp="2026-02-09 07:24:46"
📤 AWS IoT Sent { id=6806 BP=2435.0 FP=23367.0 CR=1889.0 BC=23370.0 timestamp="2026-02-09 07:24:46" }
✅ Uploaded | id=6807 BP=23367.0 FP=1889.0 CR=23370.0 BC=3231.0 timestamp="2026-02-09 07:24:46"
📤 AWS IoT Sent { id=6807 BP=23367.0 FP=1889.0 CR=23370.0 BC=3231.0 timestamp="2026-02-09 07:24:46" }
✅ Uploaded | id=6808 BP=5151.0 FP=24562.0 CR=5032.0 BC=23774.0 timestamp="2026-02-09 07:24:51"
📤 AWS IoT Sent { id=6808 BP=5151.0 FP=24562.0 CR=5032.0 BC=23774.0 timestamp="2026-02-09 07:24:51" }
✅ Uploaded | id=6809 BP=24562.0 FP=5032.0 CR=23774.0 BC=7299.0 timestamp="2026-02-09 07:24:51"
📤 AWS IoT Sent { id=6809 BP=24562.0 FP=5032.0 CR=23774.0 BC=7299.0 timestamp="2026-02-09 07:24:51" }
✅ Uploaded | id=6810 BP=5051.0 FP=23173.0 CR=8180.0 BC=20334.0 timestamp="2026-02-09 07:24:57"
📤 AWS IoT Sent { id=6810 BP=5051.0 FP=23173.0 CR=8180.0 BC=20334.0 timestamp="2026-02-09 07:24:57" }
✅ Uploaded | id=6811 BP=5051.0 FP=23173.0 CR=8180.0 BC=20334.0 timestamp="2026-02-09 07:24:57"
📤 AWS IoT Sent { id=6811 BP=5051.0 FP=23173.0 CR=8180.0 BC=20334.0 timestamp="2026-02-09 07:24:57" }
✅ Uploaded | id=6812 BP=5170.0 FP=24577.0 CR=5479.0 BC=23494.0 timestamp="2026-02-09 07:25:02"
📤 AWS IoT Sent { id=6812 BP=5170.0 FP=24577.0 CR=5479.0 BC=23494.0 timestamp="2026-02-09 07:25:02" }
✅ Uploaded | id=6813 BP=24577.0 FP=5479.0 CR=23494.0 BC=8078.0 timestamp="2026-02-09 07:25:02"
📤 AWS IoT Sent { id=6813 BP=24577.0 FP=5479.0 CR=23494.0 BC=8078.0 timestamp="2026-02-09 07:25:02" }
✅ Uploaded | id=6814 BP=3339.0 FP=24616.0 CR=6407.0 BC=22820.0 timestamp="2026-02-09 07:25:07"
📤 AWS IoT Sent { id=6814 BP=3339.0 FP=24616.0 CR=6407.0 BC=22820.0 timestamp="2026-02-09 07:25:07" }
✅ Uploaded | id=6815 BP=3339.0 FP=24616.0 CR=6407.0 BC=22820.0 timestamp="2026-02-09 07:25:07"
📤 AWS IoT Sent { id=6815 BP=3339.0 FP=24616.0 CR=6407.0 BC=22820.0 timestamp="2026-02-09 07:25:07" }
✅ Uploaded | id=6816 BP=1498.0 FP=23597.0 CR=1576.0 BC=24364.0 timestamp="2026-02-09 07:25:12"
📤 AWS IoT Sent { id=6816 BP=1498.0 FP=23597.0 CR=1576.0 BC=24364.0 timestamp="2026-02-09 07:25:12" }
✅ Uploaded | id=6817 BP=23597.0 FP=1576.0 CR=24364.0 BC=4795.0 timestamp="2026-02-09 07:25:12"
📤 AWS IoT Sent { id=6817 BP=23597.0 FP=1576.0 CR=24364.0 BC=4795.0 timestamp="2026-02-09 07:25:12" }
✅ Uploaded | id=6818 BP=2490.0 FP=23645.0 CR=2071.0 BC=24314.0 timestamp="2026-02-09 07:25:17"
📤 AWS IoT Sent { id=6818 BP=2490.0 FP=23645.0 CR=2071.0 BC=24314.0 timestamp="2026-02-09 07:25:17" }
✅ Uploaded | id=6819 BP=23570.0 FP=676.0 CR=23868.0 BC=3093.0 timestamp="2026-02-09 07:25:22"
📤 AWS IoT Sent { id=6819 BP=23570.0 FP=676.0 CR=23868.0 BC=3093.0 timestamp="2026-02-09 07:25:22" }
✅ Uploaded | id=6820 BP=676.0 FP=23868.0 CR=3093.0 BC=24745.0 timestamp="2026-02-09 07:25:22"
📤 AWS IoT Sent { id=6820 BP=676.0 FP=23868.0 CR=3093.0 BC=24745.0 timestamp="2026-02-09 07:25:22" }
✅ Uploaded | id=6821 BP=23469.0 FP=721.0 CR=23761.0 BC=4249.0 timestamp="2026-02-09 07:25:27"
📤 AWS IoT Sent { id=6821 BP=23469.0 FP=721.0 CR=23761.0 BC=4249.0 timestamp="2026-02-09 07:25:27" }
✅ Uploaded | id=6822 BP=565.0 FP=23594.0 CR=1617.0 BC=24753.0 timestamp="2026-02-09 07:25:32"
📤 AWS IoT Sent { id=6822 BP=565.0 FP=23594.0 CR=1617.0 BC=24753.0 timestamp="2026-02-09 07:25:32" }
✅ Uploaded | id=6823 BP=23594.0 FP=1617.0 CR=24753.0 BC=7933.0 timestamp="2026-02-09 07:25:32"
📤 AWS IoT Sent { id=6823 BP=23594.0 FP=1617.0 CR=24753.0 BC=7933.0 timestamp="2026-02-09 07:25:32" }
✅ Uploaded | id=6824 BP=8808.0 FP=23033.0 CR=7225.0 BC=23875.0 timestamp="2026-02-09 07:25:37"
📤 AWS IoT Sent { id=6824 BP=8808.0 FP=23033.0 CR=7225.0 BC=23875.0 timestamp="2026-02-09 07:25:37" }
✅ Uploaded | id=6825 BP=23875.0 FP=8039.0 CR=23838.0 BC=6408.0 timestamp="2026-02-09 07:25:37"
📤 AWS IoT Sent { id=6825 BP=23875.0 FP=8039.0 CR=23838.0 BC=6408.0 timestamp="2026-02-09 07:25:37" }
✅ Uploaded | id=6826 BP=6964.0 FP=24660.0 CR=4845.0 BC=24575.0 timestamp="2026-02-09 07:25:42"
📤 AWS IoT Sent { id=6826 BP=6964.0 FP=24660.0 CR=4845.0 BC=24575.0 timestamp="2026-02-09 07:25:42" }
✅ Uploaded | id=6828 BP=3349.0 FP=24669.0 CR=6614.0 BC=23826.0 timestamp="2026-02-09 07:25:47"
📤 AWS IoT Sent { id=6828 BP=3349.0 FP=24669.0 CR=6614.0 BC=23826.0 timestamp="2026-02-09 07:25:47" }
✅ Uploaded | id=6830 BP=3531.0 FP=24699.0 CR=3615.0 BC=24367.0 timestamp="2026-02-09 07:25:52"
📤 AWS IoT Sent { id=6830 BP=3531.0 FP=24699.0 CR=3615.0 BC=24367.0 timestamp="2026-02-09 07:25:52" }
✅ Uploaded | id=6832 BP=23791.0 FP=3367.0 CR=24635.0 BC=4500.0 timestamp="2026-02-09 07:25:57"
📤 AWS IoT Sent { id=6832 BP=23791.0 FP=3367.0 CR=24635.0 BC=4500.0 timestamp="2026-02-09 07:25:57" }
✅ Uploaded | id=6834 BP=2938.0 FP=24693.0 CR=6793.0 BC=22206.0 timestamp="2026-02-09 07:26:02"
📤 AWS IoT Sent { id=6834 BP=2938.0 FP=24693.0 CR=6793.0 BC=22206.0 timestamp="2026-02-09 07:26:02" }
✅ Uploaded | id=6836 BP=20275.0 FP=10889.0 CR=17288.0 BC=13301.0 timestamp="2026-02-09 07:26:07"
📤 AWS IoT Sent { id=6836 BP=20275.0 FP=10889.0 CR=17288.0 BC=13301.0 timestamp="2026-02-09 07:26:07" }
✅ Uploaded | id=6838 BP=6670.0 FP=21315.0 CR=9309.0 BC=17285.0 timestamp="2026-02-09 07:26:12"
📤 AWS IoT Sent { id=6838 BP=6670.0 FP=21315.0 CR=9309.0 BC=17285.0 timestamp="2026-02-09 07:26:12" }
✅ Uploaded | id=6840 BP=9912.0 FP=17030.0 CR=12294.0 BC=13615.0 timestamp="2026-02-09 07:26:17"
📤 AWS IoT Sent { id=6840 BP=9912.0 FP=17030.0 CR=12294.0 BC=13615.0 timestamp="2026-02-09 07:26:17" }
✅ Uploaded | id=6842 BP=12716.0 FP=17291.0 CR=8817.0 BC=21127.0 timestamp="2026-02-09 07:26:22"
📤 AWS IoT Sent { id=6842 BP=12716.0 FP=17291.0 CR=8817.0 BC=21127.0 timestamp="2026-02-09 07:26:22" }
✅ Uploaded | id=6844 BP=21673.0 FP=4012.0 CR=23485.0 BC=1006.0 timestamp="2026-02-09 07:26:27"
📤 AWS IoT Sent { id=6844 BP=21673.0 FP=4012.0 CR=23485.0 BC=1006.0 timestamp="2026-02-09 07:26:27" }
✅ Uploaded | id=6847 BP=23754.0 FP=1049.0 CR=24107.0 BC=3915.0 timestamp="2026-02-09 07:26:38"
📤 AWS IoT Sent { id=6847 BP=23754.0 FP=1049.0 CR=24107.0 BC=3915.0 timestamp="2026-02-09 07:26:38" }
✅ Uploaded | id=6850 BP=6038.0 FP=24727.0 CR=3995.0 BC=24672.0 timestamp="2026-02-09 07:26:48"
📤 AWS IoT Sent { id=6850 BP=6038.0 FP=24727.0 CR=3995.0 BC=24672.0 timestamp="2026-02-09 07:26:48" }
✅ Uploaded | id=6853 BP=4964.0 FP=23403.0 CR=1247.0 BC=23489.0 timestamp="2026-02-09 07:26:53"
📤 AWS IoT Sent { id=6853 BP=4964.0 FP=23403.0 CR=1247.0 BC=23489.0 timestamp="2026-02-09 07:26:53" }
✅ Uploaded | id=6856 BP=3964.0 FP=23586.0 CR=570.0 BC=24007.0 timestamp="2026-02-09 07:27:03"
📤 AWS IoT Sent { id=6856 BP=3964.0 FP=23586.0 CR=570.0 BC=24007.0 timestamp="2026-02-09 07:27:03" }
✅ Uploaded | id=6859 BP=18801.0 FP=7340.0 CR=22592.0 BC=4270.0 timestamp="2026-02-09 07:27:08"
📤 AWS IoT Sent { id=6859 BP=18801.0 FP=7340.0 CR=22592.0 BC=4270.0 timestamp="2026-02-09 07:27:08" }
✅ Uploaded | id=6862 BP=18306.0 FP=9363.0 CR=18171.0 BC=11814.0 timestamp="2026-02-09 07:27:18"
📤 AWS IoT Sent { id=6862 BP=18306.0 FP=9363.0 CR=18171.0 BC=11814.0 timestamp="2026-02-09 07:27:18" }
✅ Uploaded | id=6865 BP=22958.0 FP=8942.0 CR=19289.0 BC=10929.0 timestamp="2026-02-09 07:27:23"
📤 AWS IoT Sent { id=6865 BP=22958.0 FP=8942.0 CR=19289.0 BC=10929.0 timestamp="2026-02-09 07:27:23" }
✅ Uploaded | id=6868 BP=10105.0 FP=18542.0 CR=8320.0 BC=18002.0 timestamp="2026-02-09 07:27:33"
📤 AWS IoT Sent { id=6868 BP=10105.0 FP=18542.0 CR=8320.0 BC=18002.0 timestamp="2026-02-09 07:27:33" }
✅ Uploaded | id=6871 BP=6643.0 FP=22698.0 CR=3331.0 BC=23172.0 timestamp="2026-02-09 07:27:38"
📤 AWS IoT Sent { id=6871 BP=6643.0 FP=22698.0 CR=3331.0 BC=23172.0 timestamp="2026-02-09 07:27:38" }
✅ Uploaded | id=6874 BP=11775.0 FP=18237.0 CR=11959.0 BC=14243.0 timestamp="2026-02-09 07:27:48"
📤 AWS IoT Sent { id=6874 BP=11775.0 FP=18237.0 CR=11959.0 BC=14243.0 timestamp="2026-02-09 07:27:48" }
✅ Uploaded | id=6877 BP=8163.0 FP=19317.0 CR=10788.0 BC=15910.0 timestamp="2026-02-09 07:27:53"
📤 AWS IoT Sent { id=6877 BP=8163.0 FP=19317.0 CR=10788.0 BC=15910.0 timestamp="2026-02-09 07:27:53" }
✅ Uploaded | id=6880 BP=12404.0 FP=13051.0 CR=16439.0 BC=9697.0 timestamp="2026-02-09 07:28:03"
📤 AWS IoT Sent { id=6880 BP=12404.0 FP=13051.0 CR=16439.0 BC=9697.0 timestamp="2026-02-09 07:28:03" }
✅ Uploaded | id=6883 BP=7100.0 FP=22906.0 CR=3748.0 BC=23298.0 timestamp="2026-02-09 07:28:09"
📤 AWS IoT Sent { id=6883 BP=7100.0 FP=22906.0 CR=3748.0 BC=23298.0 timestamp="2026-02-09 07:28:09" }
✅ Uploaded | id=6886 BP=787.0 FP=23287.0 CR=788.0 BC=23578.0 timestamp="2026-02-09 07:28:19"
📤 AWS IoT Sent { id=6886 BP=787.0 FP=23287.0 CR=788.0 BC=23578.0 timestamp="2026-02-09 07:28:19" }
✅ Uploaded | id=6889 BP=15951.0 FP=9895.0 CR=19955.0 BC=6356.0 timestamp="2026-02-09 07:28:24"
📤 AWS IoT Sent { id=6889 BP=15951.0 FP=9895.0 CR=19955.0 BC=6356.0 timestamp="2026-02-09 07:28:24" }
✅ Uploaded | id=6892 BP=10057.0 FP=20078.0 CR=5485.0 BC=23068.0 timestamp="2026-02-09 07:28:39"
📤 AWS IoT Sent { id=6892 BP=10057.0 FP=20078.0 CR=5485.0 BC=23068.0 timestamp="2026-02-09 07:28:39" }
✅ Uploaded | id=6895 BP=19613.0 FP=6686.0 CR=19732.0 BC=9167.0 timestamp="2026-02-09 07:28:44"
📤 AWS IoT Sent { id=6895 BP=19613.0 FP=6686.0 CR=19732.0 BC=9167.0 timestamp="2026-02-09 07:28:44" }
✅ Uploaded | id=6898 BP=12265.0 FP=13779.0 CR=14746.0 BC=14854.0 timestamp="2026-02-09 07:28:54"
📤 AWS IoT Sent { id=6898 BP=12265.0 FP=13779.0 CR=14746.0 BC=14854.0 timestamp="2026-02-09 07:28:54" }
✅ Uploaded | id=6901 BP=20924.0 FP=9847.0 CR=17380.0 BC=12153.0 timestamp="2026-02-09 07:28:59"
📤 AWS IoT Sent { id=6901 BP=20924.0 FP=9847.0 CR=17380.0 BC=12153.0 timestamp="2026-02-09 07:28:59" }
✅ Uploaded | id=6904 BP=23289.0 FP=8195.0 CR=20050.0 BC=10291.0 timestamp="2026-02-09 07:29:09"
📤 AWS IoT Sent { id=6904 BP=23289.0 FP=8195.0 CR=20050.0 BC=10291.0 timestamp="2026-02-09 07:29:09" }
✅ Uploaded | id=6907 BP=853.0 FP=23590.0 CR=4489.0 BC=23671.0 timestamp="2026-02-09 07:29:14"
📤 AWS IoT Sent { id=6907 BP=853.0 FP=23590.0 CR=4489.0 BC=23671.0 timestamp="2026-02-09 07:29:14" }
✅ Uploaded | id=6910 BP=24425.0 FP=3071.0 CR=24464.0 BC=5852.0 timestamp="2026-02-09 07:29:24"
📤 AWS IoT Sent { id=6910 BP=24425.0 FP=3071.0 CR=24464.0 BC=5852.0 timestamp="2026-02-09 07:29:24" }
✅ Uploaded | id=6913 BP=5551.0 FP=22803.0 CR=8256.0 BC=19762.0 timestamp="2026-02-09 07:29:29"
📤 AWS IoT Sent { id=6913 BP=5551.0 FP=22803.0 CR=8256.0 BC=19762.0 timestamp="2026-02-09 07:29:29" }
✅ Uploaded | id=6916 BP=23379.0 FP=4126.0 CR=23034.0 BC=2681.0 timestamp="2026-02-09 07:29:39"
📤 AWS IoT Sent { id=6916 BP=23379.0 FP=4126.0 CR=23034.0 BC=2681.0 timestamp="2026-02-09 07:29:39" }
✅ Uploaded | id=6919 BP=23627.0 FP=1865.0 CR=24318.0 BC=4937.0 timestamp="2026-02-09 07:29:45"
📤 AWS IoT Sent { id=6919 BP=23627.0 FP=1865.0 CR=24318.0 BC=4937.0 timestamp="2026-02-09 07:29:45" }
✅ Uploaded | id=6929 BP=24200.0 FP=7325.0 CR=21045.0 BC=9635.0 timestamp="2026-02-09 07:30:10"
📤 AWS IoT Sent { id=6929 BP=24200.0 FP=7325.0 CR=21045.0 BC=9635.0 timestamp="2026-02-09 07:30:10" }
✅ Uploaded | id=6931 BP=23155.0 FP=2806.0 CR=23614.0 BC=1664.0 timestamp="2026-02-09 07:30:15"
📤 AWS IoT Sent { id=6931 BP=23155.0 FP=2806.0 CR=23614.0 BC=1664.0 timestamp="2026-02-09 07:30:15" }
✅ Uploaded | id=6933 BP=23260.0 FP=7976.0 CR=20209.0 BC=11020.0 timestamp="2026-02-09 07:30:20"
📤 AWS IoT Sent { id=6933 BP=23260.0 FP=7976.0 CR=20209.0 BC=11020.0 timestamp="2026-02-09 07:30:20" }
✅ Uploaded | id=6935 BP=23393.0 FP=645.0 CR=23901.0 BC=3203.0 timestamp="2026-02-09 07:30:25"
📤 AWS IoT Sent { id=6935 BP=23393.0 FP=645.0 CR=23901.0 BC=3203.0 timestamp="2026-02-09 07:30:25" }
✅ Uploaded | id=6937 BP=20106.0 FP=5336.0 CR=23115.0 BC=2112.0 timestamp="2026-02-09 07:30:30"
📤 AWS IoT Sent { id=6937 BP=20106.0 FP=5336.0 CR=23115.0 BC=2112.0 timestamp="2026-02-09 07:30:30" }
✅ Uploaded | id=6939 BP=15423.0 FP=9512.0 CR=20026.0 BC=6036.0 timestamp="2026-02-09 07:30:35"
📤 AWS IoT Sent { id=6939 BP=15423.0 FP=9512.0 CR=20026.0 BC=6036.0 timestamp="2026-02-09 07:30:35" }
✅ Uploaded | id=6941 BP=6677.0 FP=21028.0 CR=9263.0 BC=17822.0 timestamp="2026-02-09 07:30:40"
📤 AWS IoT Sent { id=6941 BP=6677.0 FP=21028.0 CR=9263.0 BC=17822.0 timestamp="2026-02-09 07:30:40" }
✅ Uploaded | id=6945 BP=21978.0 FP=4262.0 CR=23862.0 BC=7124.0 timestamp="2026-02-09 07:30:55"
📤 AWS IoT Sent { id=6945 BP=21978.0 FP=4262.0 CR=23862.0 BC=7124.0 timestamp="2026-02-09 07:30:55" }
✅ Uploaded | id=6947 BP=868.0 FP=23406.0 CR=1541.0 BC=24422.0 timestamp="2026-02-09 07:31:00"
📤 AWS IoT Sent { id=6947 BP=868.0 FP=23406.0 CR=1541.0 BC=24422.0 timestamp="2026-02-09 07:31:00" }/home/pi_123/data/src/pressure_project/system_upload.py:62: DeprecationWarning: Callback API version 1 is deprecated, update to latest version
  client = mqtt.Client(client_id=CLIENT_ID, protocol=mqtt.MQTTv311)
=== DEBUG START ===
DB exists: True
CA exists: True
CERT exists: True
KEY exists: True
=== DEBUG END ===
❌ Initial MQTT connect failed: [Errno -3] Temporary failure in name resolution
/home/pi_123/data/src/pressure_project/system_upload.py:62: DeprecationWarning: Callback API version 1 is deprecated, update to latest version
  client = mqtt.Client(client_id=CLIENT_ID, protocol=mqtt.MQTTv311)
=== DEBUG START ===
DB exists: True
CA exists: True
CERT exists: True
KEY exists: True
=== DEBUG END ===
❌ Initial MQTT connect failed: [Errno 104] Connection reset by peer
/home/pi_123/data/src/pressure_project/system_upload.py:62: DeprecationWarning: Callback API version 1 is deprecated, update to latest version
  client = mqtt.Client(client_id=CLIENT_ID, protocol=mqtt.MQTTv311)
=== DEBUG START ===
DB exists: True
CA exists: True
CERT exists: True
KEY exists: True
=== DEBUG END ===
❌ Initial MQTT connect failed: [Errno 104] Connection reset by peer
/home/pi_123/data/src/pressure_project/system_upload.py:62: DeprecationWarning: Callback API version 1 is deprecated, update to latest version
  client = mqtt.Client(client_id=CLIENT_ID, protocol=mqtt.MQTTv311)
=== DEBUG START ===
DB exists: True
CA exists: True
CERT exists: True
KEY exists: True
=== DEBUG END ===
❌ Initial MQTT connect failed: [Errno 104] Connection reset by peer
/home/pi_123/data/src/pressure_project/system_upload.py:62: DeprecationWarning: Callback API version 1 is deprecated, update to latest version
  client = mqtt.Client(client_id=CLIENT_ID, protocol=mqtt.MQTTv311)
=== DEBUG START ===
DB exists: True
CA exists: True
CERT exists: True
KEY exists: True
=== DEBUG END ===
❌ Initial MQTT connect failed: [Errno 104] Connection reset by peer
/home/pi_123/data/src/pressure_project/system_upload.py:62: DeprecationWarning: Callback API version 1 is deprecated, update to latest version
  client = mqtt.Client(client_id=CLIENT_ID, protocol=mqtt.MQTTv311)
=== DEBUG START ===
DB exists: True
CA exists: True
CERT exists: True
KEY exists: True
=== DEBUG END ===
❌ Initial MQTT connect failed: [Errno 104] Connection reset by peer
/home/pi_123/data/src/pressure_project/system_upload.py:62: DeprecationWarning: Callback API version 1 is deprecated, update to latest version
  client = mqtt.Client(client_id=CLIENT_ID, protocol=mqtt.MQTTv311)
=== DEBUG START ===
DB exists: True
CA exists: True
CERT exists: True
KEY exists: True
=== DEBUG END ===
❌ Initial MQTT connect failed: [Errno 104] Connection reset by peer
/home/pi_123/data/src/pressure_project/system_upload.py:62: DeprecationWarning: Callback API version 1 is deprecated, update to latest version
  client = mqtt.Client(client_id=CLIENT_ID, protocol=mqtt.MQTTv311)
=== DEBUG START ===
DB exists: True
CA exists: True
CERT exists: True
KEY exists: True
=== DEBUG END ===
❌ Initial MQTT connect failed: [Errno 104] Connection reset by peer
/home/pi_123/data/src/pressure_project/system_upload.py:62: DeprecationWarning: Callback API version 1 is deprecated, update to latest version
  client = mqtt.Client(client_id=CLIENT_ID, protocol=mqtt.MQTTv311)
=== DEBUG START ===
DB exists: True
CA exists: True
CERT exists: True
KEY exists: True
=== DEBUG END ===
❌ Initial MQTT connect failed: [Errno 104] Connection reset by peer
/home/pi_123/data/src/pressure_project/system_upload.py:62: DeprecationWarning: Callback API version 1 is deprecated, update to latest version
  client = mqtt.Client(client_id=CLIENT_ID, protocol=mqtt.MQTTv311)
=== DEBUG START ===
DB exists: True
CA exists: True
CERT exists: True
KEY exists: True
=== DEBUG END ===
❌ Initial MQTT connect failed: [Errno 104] Connection reset by peer
/home/pi_123/data/src/pressure_project/system_upload.py:62: DeprecationWarning: Callback API version 1 is deprecated, update to latest version
  client = mqtt.Client(client_id=CLIENT_ID, protocol=mqtt.MQTTv311)
=== DEBUG START ===
DB exists: True
CA exists: True
CERT exists: True
KEY exists: True
=== DEBUG END ===
❌ Initial MQTT connect failed: [Errno 104] Connection reset by peer
/home/pi_123/data/src/pressure_project/system_upload.py:62: DeprecationWarning: Callback API version 1 is deprecated, update to latest version
  client = mqtt.Client(client_id=CLIENT_ID, protocol=mqtt.MQTTv311)
=== DEBUG START ===
DB exists: True
CA exists: True
CERT exists: True
KEY exists: True
=== DEBUG END ===
❌ Initial MQTT connect failed: [Errno 104] Connection reset by peer
/home/pi_123/data/src/pressure_project/system_upload.py:62: DeprecationWarning: Callback API version 1 is deprecated, update to latest version
  client = mqtt.Client(client_id=CLIENT_ID, protocol=mqtt.MQTTv311)
=== DEBUG START ===
DB exists: True
CA exists: True
CERT exists: True
KEY exists: True
=== DEBUG END ===
❌ Initial MQTT connect failed: [Errno 104] Connection reset by peer
/home/pi_123/data/src/pressure_project/system_upload.py:62: DeprecationWarning: Callback API version 1 is deprecated, update to latest version
  client = mqtt.Client(client_id=CLIENT_ID, protocol=mqtt.MQTTv311)
=== DEBUG START ===
DB exists: True
CA exists: True
CERT exists: True
KEY exists: True
=== DEBUG END ===
❌ Initial MQTT connect failed: [Errno 104] Connection reset by peer
/home/pi_123/data/src/pressure_project/system_upload.py:62: DeprecationWarning: Callback API version 1 is deprecated, update to latest version
  client = mqtt.Client(client_id=CLIENT_ID, protocol=mqtt.MQTTv311)
=== DEBUG START ===
DB exists: True
CA exists: True
CERT exists: True
KEY exists: True
=== DEBUG END ===
❌ Initial MQTT connect failed: [Errno 104] Connection reset by peer
/home/pi_123/data/src/pressure_project/system_upload.py:62: DeprecationWarning: Callback API version 1 is deprecated, update to latest version
  client = mqtt.Client(client_id=CLIENT_ID, protocol=mqtt.MQTTv311)
=== DEBUG START ===
DB exists: True
CA exists: True
CERT exists: True
KEY exists: True
=== DEBUG END ===
❌ Initial MQTT connect failed: [Errno 104] Connection reset by peer
/home/pi_123/data/src/pressure_project/system_upload.py:62: DeprecationWarning: Callback API version 1 is deprecated, update to latest version
  client = mqtt.Client(client_id=CLIENT_ID, protocol=mqtt.MQTTv311)
=== DEBUG START ===
DB exists: True
CA exists: True
CERT exists: True
KEY exists: True
=== DEBUG END ===
❌ Initial MQTT connect failed: [Errno 104] Connection reset by peer
/home/pi_123/data/src/pressure_project/system_upload.py:62: DeprecationWarning: Callback API version 1 is deprecated, update to latest version
  client = mqtt.Client(client_id=CLIENT_ID, protocol=mqtt.MQTTv311)
=== DEBUG START ===
DB exists: True
CA exists: True
CERT exists: True
KEY exists: True
=== DEBUG END ===
❌ Initial MQTT connect failed: [Errno 104] Connection reset by peer
/home/pi_123/data/src/pressure_project/system_upload.py:62: DeprecationWarning: Callback API version 1 is deprecated, update to latest version
  client = mqtt.Client(client_id=CLIENT_ID, protocol=mqtt.MQTTv311)
=== DEBUG START ===
DB exists: True
CA exists: True
CERT exists: True
KEY exists: True
=== DEBUG END ===
❌ Initial MQTT connect failed: [Errno 104] Connection reset by peer
/home/pi_123/data/src/pressure_project/system_upload.py:62: DeprecationWarning: Callback API version 1 is deprecated, update to latest version
  client = mqtt.Client(client_id=CLIENT_ID, protocol=mqtt.MQTTv311)
=== DEBUG START ===
DB exists: True
CA exists: True
CERT exists: True
KEY exists: True
=== DEBUG END ===
❌ Initial MQTT connect failed: [Errno 104] Connection reset by peer
/home/pi_123/data/src/pressure_project/system_upload.py:62: DeprecationWarning: Callback API version 1 is deprecated, update to latest version
  client = mqtt.Client(client_id=CLIENT_ID, protocol=mqtt.MQTTv311)
=== DEBUG START ===
DB exists: True
CA exists: True
CERT exists: True
KEY exists: True
=== DEBUG END ===
❌ Initial MQTT connect failed: [Errno 104] Connection reset by peer
/home/pi_123/data/src/pressure_project/system_upload.py:62: DeprecationWarning: Callback API version 1 is deprecated, update to latest version
  client = mqtt.Client(client_id=CLIENT_ID, protocol=mqtt.MQTTv311)
=== DEBUG START ===
DB exists: True
CA exists: True
CERT exists: True
KEY exists: True
=== DEBUG END ===
❌ Initial MQTT connect failed: [Errno 104] Connection reset by peer
/home/pi_123/data/src/pressure_project/system_upload.py:62: DeprecationWarning: Callback API version 1 is deprecated, update to latest version
  client = mqtt.Client(client_id=CLIENT_ID, protocol=mqtt.MQTTv311)
=== DEBUG START ===
DB exists: True
CA exists: True
CERT exists: True
KEY exists: True
=== DEBUG END ===
❌ Initial MQTT connect failed: [Errno 104] Connection reset by peer
/home/pi_123/data/src/pressure_project/system_upload.py:62: DeprecationWarning: Callback API version 1 is deprecated, update to latest version
  client = mqtt.Client(client_id=CLIENT_ID, protocol=mqtt.MQTTv311)
=== DEBUG START ===
DB exists: True
CA exists: True
CERT exists: True
KEY exists: True
=== DEBUG END ===
❌ Initial MQTT connect failed: [Errno 104] Connection reset by peer
/home/pi_123/data/src/pressure_project/system_upload.py:62: DeprecationWarning: Callback API version 1 is deprecated, update to latest version
  client = mqtt.Client(client_id=CLIENT_ID, protocol=mqtt.MQTTv311)
=== DEBUG START ===
DB exists: True
CA exists: True
CERT exists: True
KEY exists: True
=== DEBUG END ===
❌ Initial MQTT connect failed: [Errno 104] Connection reset by peer
/home/pi_123/data/src/pressure_project/system_upload.py:62: DeprecationWarning: Callback API version 1 is deprecated, update to latest version
  client = mqtt.Client(client_id=CLIENT_ID, protocol=mqtt.MQTTv311)
=== DEBUG START ===
DB exists: True
CA exists: True
CERT exists: True
KEY exists: True
=== DEBUG END ===
❌ Initial MQTT connect failed: [Errno 104] Connection reset by peer
/home/pi_123/data/src/pressure_project/system_upload.py:62: DeprecationWarning: Callback API version 1 is deprecated, update to latest version
  client = mqtt.Client(client_id=CLIENT_ID, protocol=mqtt.MQTTv311)
=== DEBUG START ===
DB exists: True
CA exists: True
CERT exists: True
KEY exists: True
=== DEBUG END ===
❌ Initial MQTT connect failed: [Errno 104] Connection reset by peer
/home/pi_123/data/src/pressure_project/system_upload.py:62: DeprecationWarning: Callback API version 1 is deprecated, update to latest version
  client = mqtt.Client(client_id=CLIENT_ID, protocol=mqtt.MQTTv311)
=== DEBUG START ===
DB exists: True
CA exists: True
CERT exists: True
KEY exists: True
=== DEBUG END ===
❌ Initial MQTT connect failed: [Errno 104] Connection reset by peer
/home/pi_123/data/src/pressure_project/system_upload.py:62: DeprecationWarning: Callback API version 1 is deprecated, update to latest version
  client = mqtt.Client(client_id=CLIENT_ID, protocol=mqtt.MQTTv311)
=== DEBUG START ===
DB exists: True
CA exists: True
CERT exists: True
KEY exists: True
=== DEBUG END ===
❌ Initial MQTT connect failed: [Errno 104] Connection reset by peer
/home/pi_123/data/src/pressure_project/system_upload.py:62: DeprecationWarning: Callback API version 1 is deprecated, update to latest version
  client = mqtt.Client(client_id=CLIENT_ID, protocol=mqtt.MQTTv311)
=== DEBUG START ===
DB exists: True
CA exists: True
CERT exists: True
KEY exists: True
=== DEBUG END ===
❌ Initial MQTT connect failed: [Errno 104] Connection reset by peer
/home/pi_123/data/src/pressure_project/system_upload.py:62: DeprecationWarning: Callback API version 1 is deprecated, update to latest version
  client = mqtt.Client(client_id=CLIENT_ID, protocol=mqtt.MQTTv311)
=== DEBUG START ===
DB exists: True
CA exists: True
CERT exists: True
KEY exists: True
=== DEBUG END ===
❌ Initial MQTT connect failed: [Errno 104] Connection reset by peer
/home/pi_123/data/src/pressure_project/system_upload.py:62: DeprecationWarning: Callback API version 1 is deprecated, update to latest version
  client = mqtt.Client(client_id=CLIENT_ID, protocol=mqtt.MQTTv311)
=== DEBUG START ===
DB exists: True
CA exists: True
CERT exists: True
KEY exists: True
=== DEBUG END ===
❌ Initial MQTT connect failed: [Errno 104] Connection reset by peer
/home/pi_123/data/src/pressure_project/system_upload.py:62: DeprecationWarning: Callback API version 1 is deprecated, update to latest version
  client = mqtt.Client(client_id=CLIENT_ID, protocol=mqtt.MQTTv311)
=== DEBUG START ===
DB exists: True
CA exists: True
CERT exists: True
KEY exists: True
=== DEBUG END ===
❌ Initial MQTT connect failed: [Errno 104] Connection reset by peer
/home/pi_123/data/src/pressure_project/system_upload.py:62: DeprecationWarning: Callback API version 1 is deprecated, update to latest version
  client = mqtt.Client(client_id=CLIENT_ID, protocol=mqtt.MQTTv311)
=== DEBUG START ===
DB exists: True
CA exists: True
CERT exists: True
KEY exists: True
=== DEBUG END ===
❌ Initial MQTT connect failed: [Errno 104] Connection reset by peer
/home/pi_123/data/src/pressure_project/system_upload.py:62: DeprecationWarning: Callback API version 1 is deprecated, update to latest version
  client = mqtt.Client(client_id=CLIENT_ID, protocol=mqtt.MQTTv311)
=== DEBUG START ===
DB exists: True
CA exists: True
CERT exists: True
KEY exists: True
=== DEBUG END ===
❌ Initial MQTT connect failed: [Errno 104] Connection reset by peer
/home/pi_123/data/src/pressure_project/system_upload.py:62: DeprecationWarning: Callback API version 1 is deprecated, update to latest version
  client = mqtt.Client(client_id=CLIENT_ID, protocol=mqtt.MQTTv311)
=== DEBUG START ===
DB exists: True
CA exists: True
CERT exists: True
KEY exists: True
=== DEBUG END ===
❌ Initial MQTT connect failed: [Errno 104] Connection reset by peer
/home/pi_123/data/src/pressure_project/system_upload.py:62: DeprecationWarning: Callback API version 1 is deprecated, update to latest version
  client = mqtt.Client(client_id=CLIENT_ID, protocol=mqtt.MQTTv311)
=== DEBUG START ===
DB exists: True
CA exists: True
CERT exists: True
KEY exists: True
=== DEBUG END ===
❌ Initial MQTT connect failed: [Errno 104] Connection reset by peer
/home/pi_123/data/src/pressure_project/system_upload.py:62: DeprecationWarning: Callback API version 1 is deprecated, update to latest version
  client = mqtt.Client(client_id=CLIENT_ID, protocol=mqtt.MQTTv311)
=== DEBUG START ===
DB exists: True
CA exists: True
CERT exists: True
KEY exists: True
=== DEBUG END ===
❌ Initial MQTT connect failed: [Errno 104] Connection reset by peer
/home/pi_123/data/src/pressure_project/system_upload.py:62: DeprecationWarning: Callback API version 1 is deprecated, update to latest version
  client = mqtt.Client(client_id=CLIENT_ID, protocol=mqtt.MQTTv311)
=== DEBUG START ===
DB exists: True
CA exists: True
CERT exists: True
KEY exists: True
=== DEBUG END ===
❌ Initial MQTT connect failed: [Errno 104] Connection reset by peer
/home/pi_123/data/src/pressure_project/system_upload.py:62: DeprecationWarning: Callback API version 1 is deprecated, update to latest version
  client = mqtt.Client(client_id=CLIENT_ID, protocol=mqtt.MQTTv311)
=== DEBUG START ===
DB exists: True
CA exists: True
CERT exists: True
KEY exists: True
=== DEBUG END ===
❌ Initial MQTT connect failed: [Errno 104] Connection reset by peer
/home/pi_123/data/src/pressure_project/system_upload.py:62: DeprecationWarning: Callback API version 1 is deprecated, update to latest version
  client = mqtt.Client(client_id=CLIENT_ID, protocol=mqtt.MQTTv311)
=== DEBUG START ===
DB exists: True
CA exists: True
CERT exists: True
KEY exists: True
=== DEBUG END ===
❌ Initial MQTT connect failed: [Errno 104] Connection reset by peer
/home/pi_123/data/src/pressure_project/system_upload.py:62: DeprecationWarning: Callback API version 1 is deprecated, update to latest version
  client = mqtt.Client(client_id=CLIENT_ID, protocol=mqtt.MQTTv311)
=== DEBUG START ===
DB exists: True
CA exists: True
CERT exists: True
KEY exists: True
=== DEBUG END ===
❌ Initial MQTT connect failed: [Errno 104] Connection reset by peer
/home/pi_123/data/src/pressure_project/system_upload.py:62: DeprecationWarning: Callback API version 1 is deprecated, update to latest version
  client = mqtt.Client(client_id=CLIENT_ID, protocol=mqtt.MQTTv311)
=== DEBUG START ===
DB exists: True
CA exists: True
CERT exists: True
KEY exists: True
=== DEBUG END ===
❌ Initial MQTT connect failed: [Errno 104] Connection reset by peer
/home/pi_123/data/src/pressure_project/system_upload.py:62: DeprecationWarning: Callback API version 1 is deprecated, update to latest version
  client = mqtt.Client(client_id=CLIENT_ID, protocol=mqtt.MQTTv311)
=== DEBUG START ===
DB exists: True
CA exists: True
CERT exists: True
KEY exists: True
=== DEBUG END ===
❌ Initial MQTT connect failed: [Errno 104] Connection reset by peer
/home/pi_123/data/src/pressure_project/system_upload.py:62: DeprecationWarning: Callback API version 1 is deprecated, update to latest version
  client = mqtt.Client(client_id=CLIENT_ID, protocol=mqtt.MQTTv311)
=== DEBUG START ===
DB exists: True
CA exists: True
CERT exists: True
KEY exists: True
=== DEBUG END ===
❌ Initial MQTT connect failed: [Errno 104] Connection reset by peer
/home/pi_123/data/src/pressure_project/system_upload.py:62: DeprecationWarning: Callback API version 1 is deprecated, update to latest version
  client = mqtt.Client(client_id=CLIENT_ID, protocol=mqtt.MQTTv311)
=== DEBUG START ===
DB exists: True
CA exists: True
CERT exists: True
KEY exists: True
=== DEBUG END ===
❌ Initial MQTT connect failed: [Errno 104] Connection reset by peer
/home/pi_123/data/src/pressure_project/system_upload.py:62: DeprecationWarning: Callback API version 1 is deprecated, update to latest version
  client = mqtt.Client(client_id=CLIENT_ID, protocol=mqtt.MQTTv311)
=== DEBUG START ===
DB exists: True
CA exists: True
CERT exists: True
KEY exists: True
=== DEBUG END ===
❌ Initial MQTT connect failed: [Errno 104] Connection reset by peer
/home/pi_123/data/src/pressure_project/system_upload.py:62: DeprecationWarning: Callback API version 1 is deprecated, update to latest version
  client = mqtt.Client(client_id=CLIENT_ID, protocol=mqtt.MQTTv311)
=== DEBUG START ===
DB exists: True
CA exists: True
CERT exists: True
KEY exists: True
=== DEBUG END ===
❌ Initial MQTT connect failed: [Errno 104] Connection reset by peer
/home/pi_123/data/src/pressure_project/system_upload.py:62: DeprecationWarning: Callback API version 1 is deprecated, update to latest version
  client = mqtt.Client(client_id=CLIENT_ID, protocol=mqtt.MQTTv311)
=== DEBUG START ===
DB exists: True
CA exists: True
CERT exists: True
KEY exists: True
=== DEBUG END ===
❌ Initial MQTT connect failed: [Errno 104] Connection reset by peer
/home/pi_123/data/src/pressure_project/system_upload.py:62: DeprecationWarning: Callback API version 1 is deprecated, update to latest version
  client = mqtt.Client(client_id=CLIENT_ID, protocol=mqtt.MQTTv311)
=== DEBUG START ===
DB exists: True
CA exists: True
CERT exists: True
KEY exists: True
=== DEBUG END ===
❌ Initial MQTT connect failed: [Errno 104] Connection reset by peer
/home/pi_123/data/src/pressure_project/system_upload.py:62: DeprecationWarning: Callback API version 1 is deprecated, update to latest version
  client = mqtt.Client(client_id=CLIENT_ID, protocol=mqtt.MQTTv311)
=== DEBUG START ===
DB exists: True
CA exists: True
CERT exists: True
KEY exists: True
=== DEBUG END ===
❌ Initial MQTT connect failed: [Errno 104] Connection reset by peer
/home/pi_123/data/src/pressure_project/system_upload.py:62: DeprecationWarning: Callback API version 1 is deprecated, update to latest version
  client = mqtt.Client(client_id=CLIENT_ID, protocol=mqtt.MQTTv311)
=== DEBUG START ===
DB exists: True
CA exists: True
CERT exists: True
KEY exists: True
=== DEBUG END ===
❌ Initial MQTT connect failed: [Errno 104] Connection reset by peer
/home/pi_123/data/src/pressure_project/system_upload.py:62: DeprecationWarning: Callback API version 1 is deprecated, update to latest version
  client = mqtt.Client(client_id=CLIENT_ID, protocol=mqtt.MQTTv311)
=== DEBUG START ===
DB exists: True
CA exists: True
CERT exists: True
KEY exists: True
=== DEBUG END ===
❌ Initial MQTT connect failed: [Errno 104] Connection reset by peer
/home/pi_123/data/src/pressure_project/system_upload.py:62: DeprecationWarning: Callback API version 1 is deprecated, update to latest version
  client = mqtt.Client(client_id=CLIENT_ID, protocol=mqtt.MQTTv311)
=== DEBUG START ===
DB exists: True
CA exists: True
CERT exists: True
KEY exists: True
=== DEBUG END ===
❌ Initial MQTT connect failed: [Errno 104] Connection reset by peer
/home/pi_123/data/src/pressure_project/system_upload.py:62: DeprecationWarning: Callback API version 1 is deprecated, update to latest version
  client = mqtt.Client(client_id=CLIENT_ID, protocol=mqtt.MQTTv311)
=== DEBUG START ===
DB exists: True
CA exists: True
CERT exists: True
KEY exists: True
=== DEBUG END ===
❌ Initial MQTT connect failed: [Errno 104] Connection reset by peer
/home/pi_123/data/src/pressure_project/system_upload.py:62: DeprecationWarning: Callback API version 1 is deprecated, update to latest version
  client = mqtt.Client(client_id=CLIENT_ID, protocol=mqtt.MQTTv311)
=== DEBUG START ===
DB exists: True
CA exists: True
CERT exists: True
KEY exists: True
=== DEBUG END ===
❌ Initial MQTT connect failed: [Errno 104] Connection reset by peer
/home/pi_123/data/src/pressure_project/system_upload.py:62: DeprecationWarning: Callback API version 1 is deprecated, update to latest version
  client = mqtt.Client(client_id=CLIENT_ID, protocol=mqtt.MQTTv311)
=== DEBUG START ===
DB exists: True
CA exists: True
CERT exists: True
KEY exists: True
=== DEBUG END ===
❌ Initial MQTT connect failed: [Errno 104] Connection reset by peer
/home/pi_123/data/src/pressure_project/system_upload.py:62: DeprecationWarning: Callback API version 1 is deprecated, update to latest version
  client = mqtt.Client(client_id=CLIENT_ID, protocol=mqtt.MQTTv311)
=== DEBUG START ===
DB exists: True
CA exists: True
CERT exists: True
KEY exists: True
=== DEBUG END ===
❌ Initial MQTT connect failed: [Errno 104] Connection reset by peer
/home/pi_123/data/src/pressure_project/system_upload.py:62: DeprecationWarning: Callback API version 1 is deprecated, update to latest version
  client = mqtt.Client(client_id=CLIENT_ID, protocol=mqtt.MQTTv311)
=== DEBUG START ===
DB exists: True
CA exists: True
CERT exists: True
KEY exists: True
=== DEBUG END ===
❌ Initial MQTT connect failed: [Errno 104] Connection reset by peer
/home/pi_123/data/src/pressure_project/system_upload.py:62: DeprecationWarning: Callback API version 1 is deprecated, update to latest version
  client = mqtt.Client(client_id=CLIENT_ID, protocol=mqtt.MQTTv311)
=== DEBUG START ===
DB exists: True
CA exists: True
CERT exists: True
KEY exists: True
=== DEBUG END ===
❌ Initial MQTT connect failed: [Errno 104] Connection reset by peer
/home/pi_123/data/src/pressure_project/system_upload.py:62: DeprecationWarning: Callback API version 1 is deprecated, update to latest version
  client = mqtt.Client(client_id=CLIENT_ID, protocol=mqtt.MQTTv311)
=== DEBUG START ===
DB exists: True
CA exists: True
CERT exists: True
KEY exists: True
=== DEBUG END ===
❌ Initial MQTT connect failed: [Errno 104] Connection reset by peer
/home/pi_123/data/src/pressure_project/system_upload.py:62: DeprecationWarning: Callback API version 1 is deprecated, update to latest version
  client = mqtt.Client(client_id=CLIENT_ID, protocol=mqtt.MQTTv311)
=== DEBUG START ===
DB exists: True
CA exists: True
CERT exists: True
KEY exists: True
=== DEBUG END ===
❌ Initial MQTT connect failed: [Errno 104] Connection reset by peer
/home/pi_123/data/src/pressure_project/system_upload.py:62: DeprecationWarning: Callback API version 1 is deprecated, update to latest version
  client = mqtt.Client(client_id=CLIENT_ID, protocol=mqtt.MQTTv311)
=== DEBUG START ===
DB exists: True
CA exists: True
CERT exists: True
KEY exists: True
=== DEBUG END ===
❌ Initial MQTT connect failed: [Errno 104] Connection reset by peer
/home/pi_123/data/src/pressure_project/system_upload.py:62: DeprecationWarning: Callback API version 1 is deprecated, update to latest version
  client = mqtt.Client(client_id=CLIENT_ID, protocol=mqtt.MQTTv311)
=== DEBUG START ===
DB exists: True
CA exists: True
CERT exists: True
KEY exists: True
=== DEBUG END ===
❌ Initial MQTT connect failed: [Errno 104] Connection reset by peer
/home/pi_123/data/src/pressure_project/system_upload.py:62: DeprecationWarning: Callback API version 1 is deprecated, update to latest version
  client = mqtt.Client(client_id=CLIENT_ID, protocol=mqtt.MQTTv311)
=== DEBUG START ===
DB exists: True
CA exists: True
CERT exists: True
KEY exists: True
=== DEBUG END ===
❌ Initial MQTT connect failed: [Errno 104] Connection reset by peer
/home/pi_123/data/src/pressure_project/system_upload.py:62: DeprecationWarning: Callback API version 1 is deprecated, update to latest version
  client = mqtt.Client(client_id=CLIENT_ID, protocol=mqtt.MQTTv311)
=== DEBUG START ===
DB exists: True
CA exists: True
CERT exists: True
KEY exists: True
=== DEBUG END ===
❌ Initial MQTT connect failed: [Errno 104] Connection reset by peer
/home/pi_123/data/src/pressure_project/system_upload.py:62: DeprecationWarning: Callback API version 1 is deprecated, update to latest version
  client = mqtt.Client(client_id=CLIENT_ID, protocol=mqtt.MQTTv311)
=== DEBUG START ===
DB exists: True
CA exists: True
CERT exists: True
KEY exists: True
=== DEBUG END ===
❌ Initial MQTT connect failed: [Errno 104] Connection reset by peer
/home/pi_123/data/src/pressure_project/system_upload.py:62: DeprecationWarning: Callback API version 1 is deprecated, update to latest version
  client = mqtt.Client(client_id=CLIENT_ID, protocol=mqtt.MQTTv311)
=== DEBUG START ===
DB exists: True
CA exists: True
CERT exists: True
KEY exists: True
=== DEBUG END ===
❌ Initial MQTT connect failed: [Errno 104] Connection reset by peer
/home/pi_123/data/src/pressure_project/system_upload.py:62: DeprecationWarning: Callback API version 1 is deprecated, update to latest version
  client = mqtt.Client(client_id=CLIENT_ID, protocol=mqtt.MQTTv311)
=== DEBUG START ===
DB exists: True
CA exists: True
CERT exists: True
KEY exists: True
=== DEBUG END ===
❌ Initial MQTT connect failed: [Errno 104] Connection reset by peer
/home/pi_123/data/src/pressure_project/system_upload.py:62: DeprecationWarning: Callback API version 1 is deprecated, update to latest version
  client = mqtt.Client(client_id=CLIENT_ID, protocol=mqtt.MQTTv311)
=== DEBUG START ===
DB exists: True
CA exists: True
CERT exists: True
KEY exists: True
=== DEBUG END ===
❌ Initial MQTT connect failed: [Errno 104] Connection reset by peer
/home/pi_123/data/src/pressure_project/system_upload.py:62: DeprecationWarning: Callback API version 1 is deprecated, update to latest version
  client = mqtt.Client(client_id=CLIENT_ID, protocol=mqtt.MQTTv311)
=== DEBUG START ===
DB exists: True
CA exists: True
CERT exists: True
KEY exists: True
=== DEBUG END ===
❌ Initial MQTT connect failed: [Errno 104] Connection reset by peer
/home/pi_123/data/src/pressure_project/system_upload.py:62: DeprecationWarning: Callback API version 1 is deprecated, update to latest version
  client = mqtt.Client(client_id=CLIENT_ID, protocol=mqtt.MQTTv311)
=== DEBUG START ===
DB exists: True
CA exists: True
CERT exists: True
KEY exists: True
=== DEBUG END ===
❌ Initial MQTT connect failed: [Errno 104] Connection reset by peer
/home/pi_123/data/src/pressure_project/system_upload.py:62: DeprecationWarning: Callback API version 1 is deprecated, update to latest version
  client = mqtt.Client(client_id=CLIENT_ID, protocol=mqtt.MQTTv311)
=== DEBUG START ===
DB exists: True
CA exists: True
CERT exists: True
KEY exists: True
=== DEBUG END ===
❌ Initial MQTT connect failed: [Errno 104] Connection reset by peer
/home/pi_123/data/src/pressure_project/system_upload.py:62: DeprecationWarning: Callback API version 1 is deprecated, update to latest version
  client = mqtt.Client(client_id=CLIENT_ID, protocol=mqtt.MQTTv311)
=== DEBUG START ===
DB exists: True
CA exists: True
CERT exists: True
KEY exists: True
=== DEBUG END ===
❌ Initial MQTT connect failed: [Errno 104] Connection reset by peer
/home/pi_123/data/src/pressure_project/system_upload.py:62: DeprecationWarning: Callback API version 1 is deprecated, update to latest version
  client = mqtt.Client(client_id=CLIENT_ID, protocol=mqtt.MQTTv311)
=== DEBUG START ===
DB exists: True
CA exists: True
CERT exists: True
KEY exists: True
=== DEBUG END ===
❌ Initial MQTT connect failed: [Errno 104] Connection reset by peer
/home/pi_123/data/src/pressure_project/system_upload.py:62: DeprecationWarning: Callback API version 1 is deprecated, update to latest version
  client = mqtt.Client(client_id=CLIENT_ID, protocol=mqtt.MQTTv311)
=== DEBUG START ===
DB exists: True
CA exists: True
CERT exists: True
KEY exists: True
=== DEBUG END ===
❌ Initial MQTT connect failed: [Errno 104] Connection reset by peer
/home/pi_123/data/src/pressure_project/system_upload.py:62: DeprecationWarning: Callback API version 1 is deprecated, update to latest version
  client = mqtt.Client(client_id=CLIENT_ID, protocol=mqtt.MQTTv311)
=== DEBUG START ===
DB exists: True
CA exists: True
CERT exists: True
KEY exists: True
=== DEBUG END ===
❌ Initial MQTT connect failed: [Errno 104] Connection reset by peer
/home/pi_123/data/src/pressure_project/system_upload.py:62: DeprecationWarning: Callback API version 1 is deprecated, update to latest version
  client = mqtt.Client(client_id=CLIENT_ID, protocol=mqtt.MQTTv311)
=== DEBUG START ===
DB exists: True
CA exists: True
CERT exists: True
KEY exists: True
=== DEBUG END ===
❌ Initial MQTT connect failed: [Errno 104] Connection reset by peer
/home/pi_123/data/src/pressure_project/system_upload.py:62: DeprecationWarning: Callback API version 1 is deprecated, update to latest version
  client = mqtt.Client(client_id=CLIENT_ID, protocol=mqtt.MQTTv311)
=== DEBUG START ===
DB exists: True
CA exists: True
CERT exists: True
KEY exists: True
=== DEBUG END ===
❌ Initial MQTT connect failed: [Errno 104] Connection reset by peer
/home/pi_123/data/src/pressure_project/system_upload.py:62: DeprecationWarning: Callback API version 1 is deprecated, update to latest version
  client = mqtt.Client(client_id=CLIENT_ID, protocol=mqtt.MQTTv311)
=== DEBUG START ===
DB exists: True
CA exists: True
CERT exists: True
KEY exists: True
=== DEBUG END ===
❌ Initial MQTT connect failed: [Errno 104] Connection reset by peer
/home/pi_123/data/src/pressure_project/system_upload.py:62: DeprecationWarning: Callback API version 1 is deprecated, update to latest version
  client = mqtt.Client(client_id=CLIENT_ID, protocol=mqtt.MQTTv311)
=== DEBUG START ===
DB exists: True
CA exists: True
CERT exists: True
KEY exists: True
=== DEBUG END ===
❌ Initial MQTT connect failed: [Errno 104] Connection reset by peer
/home/pi_123/data/src/pressure_project/system_upload.py:62: DeprecationWarning: Callback API version 1 is deprecated, update to latest version
  client = mqtt.Client(client_id=CLIENT_ID, protocol=mqtt.MQTTv311)
=== DEBUG START ===
DB exists: True
CA exists: True
CERT exists: True
KEY exists: True
=== DEBUG END ===
❌ Initial MQTT connect failed: [Errno 104] Connection reset by peer
/home/pi_123/data/src/pressure_project/system_upload.py:62: DeprecationWarning: Callback API version 1 is deprecated, update to latest version
  client = mqtt.Client(client_id=CLIENT_ID, protocol=mqtt.MQTTv311)
=== DEBUG START ===
DB exists: True
CA exists: True
CERT exists: True
KEY exists: True
=== DEBUG END ===
❌ Initial MQTT connect failed: [Errno 104] Connection reset by peer
/home/pi_123/data/src/pressure_project/system_upload.py:62: DeprecationWarning: Callback API version 1 is deprecated, update to latest version
  client = mqtt.Client(client_id=CLIENT_ID, protocol=mqtt.MQTTv311)
=== DEBUG START ===
DB exists: True
CA exists: True
CERT exists: True
KEY exists: True
=== DEBUG END ===
❌ Initial MQTT connect failed: [Errno 104] Connection reset by peer
/home/pi_123/data/src/pressure_project/system_upload.py:62: DeprecationWarning: Callback API version 1 is deprecated, update to latest version
  client = mqtt.Client(client_id=CLIENT_ID, protocol=mqtt.MQTTv311)
=== DEBUG START ===
DB exists: True
CA exists: True
CERT exists: True
KEY exists: True
=== DEBUG END ===
❌ Initial MQTT connect failed: [Errno 104] Connection reset by peer
/home/pi_123/data/src/pressure_project/system_upload.py:62: DeprecationWarning: Callback API version 1 is deprecated, update to latest version
  client = mqtt.Client(client_id=CLIENT_ID, protocol=mqtt.MQTTv311)
=== DEBUG START ===
DB exists: True
CA exists: True
CERT exists: True
KEY exists: True
=== DEBUG END ===
❌ Initial MQTT connect failed: [Errno 104] Connection reset by peer
/home/pi_123/data/src/pressure_project/system_upload.py:62: DeprecationWarning: Callback API version 1 is deprecated, update to latest version
  client = mqtt.Client(client_id=CLIENT_ID, protocol=mqtt.MQTTv311)
=== DEBUG START ===
DB exists: True
CA exists: True
CERT exists: True
KEY exists: True
=== DEBUG END ===
❌ Initial MQTT connect failed: [Errno 104] Connection reset by peer
/home/pi_123/data/src/pressure_project/system_upload.py:62: DeprecationWarning: Callback API version 1 is deprecated, update to latest version
  client = mqtt.Client(client_id=CLIENT_ID, protocol=mqtt.MQTTv311)
=== DEBUG START ===
DB exists: True
CA exists: True
CERT exists: True
KEY exists: True
=== DEBUG END ===
❌ Initial MQTT connect failed: [Errno 104] Connection reset by peer
/home/pi_123/data/src/pressure_project/system_upload.py:62: DeprecationWarning: Callback API version 1 is deprecated, update to latest version
  client = mqtt.Client(client_id=CLIENT_ID, protocol=mqtt.MQTTv311)
=== DEBUG START ===
DB exists: True
CA exists: True
CERT exists: True
KEY exists: True
=== DEBUG END ===
❌ Initial MQTT connect failed: [Errno 104] Connection reset by peer
/home/pi_123/data/src/pressure_project/system_upload.py:62: DeprecationWarning: Callback API version 1 is deprecated, update to latest version
  client = mqtt.Client(client_id=CLIENT_ID, protocol=mqtt.MQTTv311)
=== DEBUG START ===
DB exists: True
CA exists: True
CERT exists: True
KEY exists: True
=== DEBUG END ===
❌ Initial MQTT connect failed: [Errno 104] Connection reset by peer
/home/pi_123/data/src/pressure_project/system_upload.py:62: DeprecationWarning: Callback API version 1 is deprecated, update to latest version
  client = mqtt.Client(client_id=CLIENT_ID, protocol=mqtt.MQTTv311)
=== DEBUG START ===
DB exists: True
CA exists: True
CERT exists: True
KEY exists: True
=== DEBUG END ===
❌ Initial MQTT connect failed: [Errno 104] Connection reset by peer
/home/pi_123/data/src/pressure_project/system_upload.py:62: DeprecationWarning: Callback API version 1 is deprecated, update to latest version
  client = mqtt.Client(client_id=CLIENT_ID, protocol=mqtt.MQTTv311)
=== DEBUG START ===
DB exists: True
CA exists: True
CERT exists: True
KEY exists: True
=== DEBUG END ===
❌ Initial MQTT connect failed: [Errno 104] Connection reset by peer
/home/pi_123/data/src/pressure_project/system_upload.py:62: DeprecationWarning: Callback API version 1 is deprecated, update to latest version
  client = mqtt.Client(client_id=CLIENT_ID, protocol=mqtt.MQTTv311)
=== DEBUG START ===
DB exists: True
CA exists: True
CERT exists: True
KEY exists: True
=== DEBUG END ===
❌ Initial MQTT connect failed: [Errno 104] Connection reset by peer
/home/pi_123/data/src/pressure_project/system_upload.py:62: DeprecationWarning: Callback API version 1 is deprecated, update to latest version
  client = mqtt.Client(client_id=CLIENT_ID, protocol=mqtt.MQTTv311)
=== DEBUG START ===
DB exists: True
CA exists: True
CERT exists: True
KEY exists: True
=== DEBUG END ===
❌ Initial MQTT connect failed: [Errno 104] Connection reset by peer
/home/pi_123/data/src/pressure_project/system_upload.py:62: DeprecationWarning: Callback API version 1 is deprecated, update to latest version
  client = mqtt.Client(client_id=CLIENT_ID, protocol=mqtt.MQTTv311)
=== DEBUG START ===
DB exists: True
CA exists: True
CERT exists: True
KEY exists: True
=== DEBUG END ===
❌ Initial MQTT connect failed: [Errno 104] Connection reset by peer
/home/pi_123/data/src/pressure_project/system_upload.py:62: DeprecationWarning: Callback API version 1 is deprecated, update to latest version
  client = mqtt.Client(client_id=CLIENT_ID, protocol=mqtt.MQTTv311)
=== DEBUG START ===
DB exists: True
CA exists: True
CERT exists: True
KEY exists: True
=== DEBUG END ===
❌ Initial MQTT connect failed: [Errno 104] Connection reset by peer
/home/pi_123/data/src/pressure_project/system_upload.py:62: DeprecationWarning: Callback API version 1 is deprecated, update to latest version
  client = mqtt.Client(client_id=CLIENT_ID, protocol=mqtt.MQTTv311)
=== DEBUG START ===
DB exists: True
CA exists: True
CERT exists: True
KEY exists: True
=== DEBUG END ===
❌ Initial MQTT connect failed: [Errno 104] Connection reset by peer
/home/pi_123/data/src/pressure_project/system_upload.py:62: DeprecationWarning: Callback API version 1 is deprecated, update to latest version
  client = mqtt.Client(client_id=CLIENT_ID, protocol=mqtt.MQTTv311)
/home/pi_123/data/src/pressure_project/system_upload.py:62: DeprecationWarning: Callback API version 1 is deprecated, update to latest version
  client = mqtt.Client(client_id=CLIENT_ID, protocol=mqtt.MQTTv311)
=== DEBUG START ===
DB exists: True
CA exists: True
CERT exists: True
KEY exists: True
=== DEBUG END ===
❌ Initial MQTT connect failed: [Errno -3] Temporary failure in name resolution
✅ Connected to AWS IoT Core
✅ Uploaded | id=7168 BP=19.0 FP=23375.0 CR=1647.0 BC=23392.0 timestamp="2026-02-09 07:50:20"
✅ Uploaded | id=7169 BP=4888.0 FP=24072.0 CR=3144.0 BC=23873.0 timestamp="2026-02-09 07:50:25"
✅ Uploaded | id=7170 BP=12690.0 FP=13881.0 CR=14871.0 BC=12877.0 timestamp="2026-02-09 07:50:30"
✅ Uploaded | id=7171 BP=20171.0 FP=9746.0 CR=16192.0 BC=13684.0 timestamp="2026-02-09 07:50:35"
✅ Uploaded | id=7172 BP=23701.0 FP=4979.0 CR=23616.0 BC=3306.0 timestamp="2026-02-09 07:50:40"
✅ Uploaded | id=7173 BP=8919.0 FP=22371.0 CR=22807.0 BC=5787.0 timestamp="2026-02-09 07:50:45"
✅ Uploaded | id=7174 BP=8532.0 FP=22397.0 CR=7360.0 BC=23179.0 timestamp="2026-02-09 07:52:26"
✅ Uploaded | id=7175 BP=3199.0 FP=23533.0 CR=1177.0 BC=23396.0 timestamp="2026-02-09 07:52:31"
✅ Uploaded | id=7176 BP=6473.0 FP=19896.0 CR=9045.0 BC=18793.0 timestamp="2026-02-09 07:52:36"
✅ Uploaded | id=7177 BP=16382.0 FP=10690.0 CR=18750.0 BC=10261.0 timestamp="2026-02-09 07:52:41"
✅ Uploaded | id=7178 BP=24427.0 FP=3790.0 CR=24169.0 BC=1701.0 timestamp="2026-02-09 07:52:46"
✅ Uploaded | id=7179 BP=17921.0 FP=12252.0 CR=15190.0 BC=13017.0 timestamp="2026-02-09 07:52:51"
✅ Uploaded | id=7180 BP=8013.0 FP=23528.0 CR=6063.0 BC=24206.0 timestamp="2026-02-09 07:52:56"
✅ Uploaded | id=7181 BP=23218.0 FP=4102.0 CR=23071.0 BC=5093.0 timestamp="2026-02-09 07:53:01"
✅ Uploaded | id=7182 BP=23333.0 FP=1237.0 CR=23062.0 BC=4227.0 timestamp="2026-02-09 07:53:06"
✅ Uploaded | id=7183 BP=18075.0 FP=9374.0 CR=20534.0 BC=7792.0 timestamp="2026-02-09 07:53:11"
✅ Uploaded | id=7184 BP=15934.0 FP=10915.0 CR=18391.0 BC=10377.0 timestamp="2026-02-09 07:53:16"
✅ Uploaded | id=7185 BP=4947.0 FP=24009.0 CR=2719.0 BC=23545.0 timestamp="2026-02-09 07:53:21"
✅ Uploaded | id=7186 BP=24467.0 FP=4081.0 CR=24293.0 BC=3218.0 timestamp="2026-02-09 07:53:27"
✅ Uploaded | id=7187 BP=21420.0 FP=9197.0 CR=18594.0 BC=10019.0 timestamp="2026-02-09 07:53:32"
✅ Uploaded | id=7188 BP=12611.0 FP=15128.0 CR=13466.0 BC=14078.0 timestamp="2026-02-09 07:53:37"
✅ Uploaded | id=7189 BP=23319.0 FP=3187.0 CR=22925.0 BC=4348.0 timestamp="2026-02-09 07:53:42"
✅ Uploaded | id=7190 BP=11609.0 FP=19015.0 CR=10068.0 BC=19874.0 timestamp="2026-02-09 07:53:47"
✅ Uploaded | id=7191 BP=21486.0 FP=7192.0 CR=19393.0 BC=9843.0 timestamp="2026-02-09 07:53:52"
✅ Uploaded | id=7193 BP=22920.0 FP=5940.0 CR=21929.0 BC=8511.0 timestamp="2026-02-09 07:54:02"
✅ Uploaded | id=7195 BP=24440.0 FP=3763.0 CR=24021.0 BC=2522.0 timestamp="2026-02-09 07:54:12"
✅ Uploaded | id=7197 BP=1885.0 FP=23066.0 CR=1046.0 BC=23049.0 timestamp="2026-02-09 07:54:22"
✅ Uploaded | id=7199 BP=23209.0 FP=1965.0 CR=22770.0 BC=3085.0 timestamp="2026-02-09 07:54:32"
✅ Uploaded | id=7201 BP=11931.0 FP=17831.0 CR=10616.0 BC=18996.0 timestamp="2026-02-09 07:54:42"
✅ Uploaded | id=7203 BP=9181.0 FP=18365.0 CR=12039.0 BC=15334.0 timestamp="2026-02-09 07:54:52"
✅ Uploaded | id=7205 BP=23343.0 FP=2403.0 CR=23035.0 BC=3479.0 timestamp="2026-02-09 07:55:02"
✅ Uploaded | id=7207 BP=4627.0 FP=24261.0 CR=2360.0 BC=23448.0 timestamp="2026-02-09 07:55:13"
✅ Uploaded | id=7209 BP=15543.0 FP=10853.0 CR=17945.0 BC=10357.0 timestamp="2026-02-09 07:55:23"
✅ Uploaded | id=7211 BP=19032.0 FP=8564.0 CR=21383.0 BC=8062.0 timestamp="2026-02-09 07:55:33"
✅ Uploaded | id=7213 BP=5225.0 FP=20950.0 CR=7356.0 BC=20153.0 timestamp="2026-02-09 07:55:43"
✅ Uploaded | id=7215 BP=11120.0 FP=18727.0 CR=10149.0 BC=20294.0 timestamp="2026-02-09 07:55:53"
✅ Uploaded | id=7216 BP=2924.0 FP=23084.0 CR=742.0 BC=23212.0 timestamp="2026-02-09 07:55:58"
✅ Uploaded | id=7217 BP=12581.0 FP=13318.0 CR=14627.0 BC=12363.0 timestamp="2026-02-09 07:56:03"
✅ Uploaded | id=7218 BP=23401.0 FP=1325.0 CR=22656.0 BC=863.0 timestamp="2026-02-09 07:56:08"
✅ Uploaded | id=7219 BP=12295.0 FP=16135.0 CR=10598.0 BC=17375.0 timestamp="2026-02-09 07:56:13"
✅ Uploaded | id=7220 BP=2440.0 FP=22303.0 CR=4726.0 BC=22225.0 timestamp="2026-02-09 07:56:18"
✅ Uploaded | id=7221 BP=23935.0 FP=2887.0 CR=23281.0 BC=1591.0 timestamp="2026-02-09 07:56:23"
✅ Uploaded | id=7222 BP=13842.0 FP=15780.0 CR=11747.0 BC=16785.0 timestamp="2026-02-09 07:56:28"
✅ Uploaded | id=7223 BP=2516.0 FP=22960.0 CR=885.0 BC=22830.0 timestamp="2026-02-09 07:56:33"
✅ Uploaded | id=7224 BP=10230.0 FP=15947.0 CR=12589.0 BC=13681.0 timestamp="2026-02-09 07:56:38"
✅ Uploaded | id=7225 BP=23983.0 FP=3659.0 CR=23215.0 BC=2153.0 timestamp="2026-02-09 07:56:43"
✅ Uploaded | id=7226 BP=15734.0 FP=14040.0 CR=14044.0 BC=15041.0 timestamp="2026-02-09 07:56:48"
✅ Uploaded | id=7227 BP=4220.0 FP=23756.0 CR=2737.0 BC=23569.0 timestamp="2026-02-09 07:56:54"
✅ Uploaded | id=7228 BP=11139.0 FP=15021.0 CR=13249.0 BC=13275.0 timestamp="2026-02-09 07:56:59"
✅ Uploaded | id=7229 BP=23775.0 FP=1211.0 CR=23281.0 BC=787.0 timestamp="2026-02-09 07:57:04"
✅ Uploaded | id=7231 BP=1048.0 FP=22974.0 CR=1769.0 BC=22939.0 timestamp="2026-02-09 07:57:14"
✅ Uploaded | id=7233 BP=14170.0 FP=11946.0 CR=16616.0 BC=11054.0 timestamp="2026-02-09 07:57:24"
✅ Uploaded | id=7235 BP=17894.0 FP=11788.0 CR=15471.0 BC=12863.0 timestamp="2026-02-09 07:57:34"
✅ Uploaded | id=7237 BP=1345.0 FP=22674.0 CR=4855.0 BC=21439.0 timestamp="2026-02-09 07:57:44"
✅ Uploaded | id=7239 BP=22804.0 FP=6212.0 CR=23846.0 BC=5959.0 timestamp="2026-02-09 07:57:54"
✅ Uploaded | id=7241 BP=19288.0 FP=10730.0 CR=16625.0 BC=12019.0 timestamp="2026-02-09 07:58:04"
✅ Uploaded | id=7243 BP=7940.0 FP=23086.0 CR=6356.0 BC=23893.0 timestamp="2026-02-09 07:58:14"
✅ Uploaded | id=7245 BP=23323.0 FP=2023.0 CR=22965.0 BC=2872.0 timestamp="2026-02-09 07:58:24"
✅ Uploaded | id=7247 BP=18563.0 FP=10650.0 CR=17797.0 BC=12030.0 timestamp="2026-02-09 07:58:35"
✅ Uploaded | id=7249 BP=4865.0 FP=21364.0 CR=5484.0 BC=20725.0 timestamp="2026-02-09 07:58:45"
✅ Uploaded | id=7251 BP=16652.0 FP=12999.0 CR=14540.0 BC=13560.0 timestamp="2026-02-09 07:58:55"
✅ Uploaded | id=7253 BP=2319.0 FP=22564.0 CR=4509.0 BC=22566.0 timestamp="2026-02-09 07:59:05"
✅ Uploaded | id=7255 BP=24158.0 FP=4552.0 CR=23587.0 BC=1388.0 timestamp="2026-02-09 07:59:15"
✅ Uploaded | id=7257 BP=16747.0 FP=10405.0 CR=18903.0 BC=10018.0 timestamp="2026-02-09 07:59:25"
✅ Uploaded | id=7259 BP=8835.0 FP=21760.0 CR=7877.0 BC=22308.0 timestamp="2026-02-09 07:59:35"
✅ Uploaded | id=7261 BP=22980.0 FP=1224.0 CR=22730.0 BC=2102.0 timestamp="2026-02-09 07:59:45"
✅ Uploaded | id=7263 BP=10727.0 FP=15230.0 CR=12942.0 BC=13197.0 timestamp="2026-02-09 07:59:55"
✅ Uploaded | id=7265 BP=2615.0 FP=23134.0 CR=737.0 BC=23256.0 timestamp="2026-02-09 08:00:05"
✅ Uploaded | id=7267 BP=22941.0 FP=2039.0 CR=22817.0 BC=2730.0 timestamp="2026-02-09 08:00:16"
✅ Uploaded | id=7269 BP=1652.0 FP=22612.0 CR=3493.0 BC=22166.0 timestamp="2026-02-09 08:00:26"
✅ Uploaded | id=7272 BP=24195.0 FP=3906.0 CR=23809.0 BC=4523.0 timestamp="2026-02-09 08:00:41"
✅ Uploaded | id=7275 BP=19592.0 FP=10020.0 CR=17417.0 BC=12485.0 timestamp="2026-02-09 08:00:56"
✅ Uploaded | id=7278 BP=20223.0 FP=8287.0 CR=23003.0 BC=6655.0 timestamp="2026-02-09 08:01:11"
✅ Uploaded | id=7281 BP=18272.0 FP=9561.0 CR=20495.0 BC=7619.0 timestamp="2026-02-09 08:01:26"
✅ Uploaded | id=7284 BP=10178.0 FP=15592.0 CR=12773.0 BC=14524.0 timestamp="2026-02-09 08:01:51"
✅ Uploaded | id=7287 BP=7152.0 FP=23050.0 CR=5094.0 BC=24380.0 timestamp="2026-02-09 08:02:07"
✅ Uploaded | id=7290 BP=10730.0 FP=14718.0 CR=13081.0 BC=13962.0 timestamp="2026-02-09 08:02:27"
✅ Uploaded | id=7293 BP=5493.0 FP=20355.0 CR=7720.0 BC=19254.0 timestamp="2026-02-09 08:02:52"
✅ Uploaded | id=7296 BP=9089.0 FP=21741.0 CR=7848.0 BC=22349.0 timestamp="2026-02-09 08:03:12"
✅ Uploaded | id=7299 BP=20641.0 FP=7775.0 CR=23010.0 BC=5752.0 timestamp="2026-02-09 08:03:27"
✅ Uploaded | id=7301 BP=22.0 FP=10244.0 CR=19515.0 BC=9566.0 timestamp="2026-02-09 08:03:48"
✅ Uploaded | id=7304 BP=5609.0 FP=24270.0 CR=3976.0 BC=23727.0 timestamp="2026-02-09 08:04:03"/home/pi_123/data/src/pressure_project/system_upload.py:77: DeprecationWarning: Callback API version 1 is deprecated, update to latest version
  client = mqtt.Client(client_id=CLIENT_ID, protocol=mqtt.MQTTv311)
=== DEBUG START ===
DB exists: True
CA exists: True
CERT exists: True
KEY exists: True
=== DEBUG END ===
⚠️ Network not ready, waiting 5s...
✅ Connected to AWS IoT Core
✅ Uploaded | id=7392 BP=3694.0 FP=22361.0 CR=6097.0 BC=21149.0 timestamp="2026-02-09 08:11:42"
📤 AWS IoT Sent {'id': 7392, 'bp': 3694.0, 'fp': 22361.0, 'cr': 6097.0, 'bc': 21149.0, 'timestamp': '2026-02-09 08:11:42'}
✅ Uploaded | id=7394 BP=12753.0 FP=13298.0 CR=16438.0 BC=10236.0 timestamp="2026-02-09 08:11:53"
📤 AWS IoT Sent {'id': 7394, 'bp': 12753.0, 'fp': 13298.0, 'cr': 16438.0, 'bc': 10236.0, 'timestamp': '2026-02-09 08:11:53'}
✅ Uploaded | id=7396 BP=13271.0 FP=16563.0 CR=11100.0 BC=19209.0 timestamp="2026-02-09 08:12:03"
📤 AWS IoT Sent {'id': 7396, 'bp': 13271.0, 'fp': 16563.0, 'cr': 11100.0, 'bc': 19209.0, 'timestamp': '2026-02-09 08:12:03'}
✅ Uploaded | id=7398 BP=18271.0 FP=9326.0 CR=20196.0 BC=8650.0 timestamp="2026-02-09 08:12:13"
📤 AWS IoT Sent {'id': 7398, 'bp': 18271.0, 'fp': 9326.0, 'cr': 20196.0, 'bc': 8650.0, 'timestamp': '2026-02-09 08:12:13'}
✅ Uploaded | id=7400 BP=10151.0 FP=20238.0 CR=8688.0 BC=21233.0 timestamp="2026-02-09 08:12:23"
📤 AWS IoT Sent {'id': 7400, 'bp': 10151.0, 'fp': 20238.0, 'cr': 8688.0, 'bc': 21233.0, 'timestamp': '2026-02-09 08:12:23'}
✅ Uploaded | id=7402 BP=17294.0 FP=10091.0 CR=19376.0 BC=8929.0 timestamp="2026-02-09 08:12:33"
📤 AWS IoT Sent {'id': 7402, 'bp': 17294.0, 'fp': 10091.0, 'cr': 19376.0, 'bc': 8929.0, 'timestamp': '2026-02-09 08:12:33'}
✅ Uploaded | id=7404 BP=18656.0 FP=10816.0 CR=16212.0 BC=11931.0 timestamp="2026-02-09 08:12:43"
📤 AWS IoT Sent {'id': 7404, 'bp': 18656.0, 'fp': 10816.0, 'cr': 16212.0, 'bc': 11931.0, 'timestamp': '2026-02-09 08:12:43'}
✅ Uploaded | id=7406 BP=915.0 FP=22731.0 CR=3322.0 BC=22336.0 timestamp="2026-02-09 08:12:53"
📤 AWS IoT Sent {'id': 7406, 'bp': 915.0, 'fp': 22731.0, 'cr': 3322.0, 'bc': 22336.0, 'timestamp': '2026-02-09 08:12:53'}
✅ Uploaded | id=7408 BP=24094.0 FP=2447.0 CR=23418.0 BC=1414.0 timestamp="2026-02-09 08:13:03"
📤 AWS IoT Sent {'id': 7408, 'bp': 24094.0, 'fp': 2447.0, 'cr': 23418.0, 'bc': 1414.0, 'timestamp': '2026-02-09 08:13:03'}
✅ Uploaded | id=7410 BP=4379.0 FP=24109.0 CR=2619.0 BC=23292.0 timestamp="2026-02-09 08:13:13"
📤 AWS IoT Sent {'id': 7410, 'bp': 4379.0, 'fp': 24109.0, 'cr': 2619.0, 'bc': 23292.0, 'timestamp': '2026-02-09 08:13:13'}
✅ Uploaded | id=7412 BP=15808.0 FP=10965.0 CR=18165.0 BC=10309.0 timestamp="2026-02-09 08:13:23"
📤 AWS IoT Sent {'id': 7412, 'bp': 15808.0, 'fp': 10965.0, 'cr': 18165.0, 'bc': 10309.0, 'timestamp': '2026-02-09 08:13:23'}
✅ Uploaded | id=7414 BP=22280.0 FP=7225.0 CR=19781.0 BC=8459.0 timestamp="2026-02-09 08:13:33"
📤 AWS IoT Sent {'id': 7414, 'bp': 22280.0, 'fp': 7225.0, 'cr': 19781.0, 'bc': 8459.0, 'timestamp': '2026-02-09 08:13:33'}
✅ Uploaded | id=7416 BP=7264.0 FP=23749.0 CR=5086.0 BC=24141.0 timestamp="2026-02-09 08:13:44"
📤 AWS IoT Sent {'id': 7416, 'bp': 7264.0, 'fp': 23749.0, 'cr': 5086.0, 'bc': 24141.0, 'timestamp': '2026-02-09 08:13:44'}
✅ Uploaded | id=7418 BP=3474.0 FP=22429.0 CR=6130.0 BC=19865.0 timestamp="2026-02-09 08:13:54"
📤 AWS IoT Sent {'id': 7418, 'bp': 3474.0, 'fp': 22429.0, 'cr': 6130.0, 'bc': 19865.0, 'timestamp': '2026-02-09 08:13:54'}
✅ Uploaded | id=7420 BP=23901.0 FP=4505.0 CR=24052.0 BC=3525.0 timestamp="2026-02-09 08:14:04"
📤 AWS IoT Sent {'id': 7420, 'bp': 23901.0, 'fp': 4505.0, 'cr': 24052.0, 'bc': 3525.0, 'timestamp': '2026-02-09 08:14:04'}
✅ Uploaded | id=7422 BP=23125.0 FP=1230.0 CR=22900.0 BC=2304.0 timestamp="2026-02-09 08:14:14"
📤 AWS IoT Sent {'id': 7422, 'bp': 23125.0, 'fp': 1230.0, 'cr': 22900.0, 'bc': 2304.0, 'timestamp': '2026-02-09 08:14:14'}
✅ Uploaded | id=7424 BP=22335.0 FP=5986.0 CR=21211.0 BC=7038.0 timestamp="2026-02-09 08:14:24"
📤 AWS IoT Sent {'id': 7424, 'bp': 22335.0, 'fp': 5986.0, 'cr': 21211.0, 'bc': 7038.0, 'timestamp': '2026-02-09 08:14:24'}
✅ Uploaded | id=7426 BP=1349.0 FP=23245.0 CR=1248.0 BC=22755.0 timestamp="2026-02-09 08:14:34"
📤 AWS IoT Sent {'id': 7426, 'bp': 1349.0, 'fp': 23245.0, 'cr': 1248.0, 'bc': 22755.0, 'timestamp': '2026-02-09 08:14:34'}
✅ Uploaded | id=7428 BP=6939.0 FP=18836.0 CR=9659.0 BC=17105.0 timestamp="2026-02-09 08:14:44"
📤 AWS IoT Sent {'id': 7428, 'bp': 6939.0, 'fp': 18836.0, 'cr': 9659.0, 'bc': 17105.0, 'timestamp': '2026-02-09 08:14:44'}
✅ Uploaded | id=7430 BP=17087.0 FP=10303.0 CR=19268.0 BC=10117.0 timestamp="2026-02-09 08:14:54"
📤 AWS IoT Sent {'id': 7430, 'bp': 17087.0, 'fp': 10303.0, 'cr': 19268.0, 'bc': 10117.0, 'timestamp': '2026-02-09 08:14:54'}
✅ Uploaded | id=7432 BP=23369.0 FP=831.0 CR=22994.0 BC=1198.0 timestamp="2026-02-09 08:15:04"
📤 AWS IoT Sent {'id': 7432, 'bp': 23369.0, 'fp': 831.0, 'cr': 22994.0, 'bc': 1198.0, 'timestamp': '2026-02-09 08:15:04'}
✅ Uploaded | id=7434 BP=22890.0 FP=1477.0 CR=22668.0 BC=3185.0 timestamp="2026-02-09 08:15:14"
📤 AWS IoT Sent {'id': 7434, 'bp': 22890.0, 'fp': 1477.0, 'cr': 22668.0, 'bc': 3185.0, 'timestamp': '2026-02-09 08:15:14'}
✅ Uploaded | id=7436 BP=22625.0 FP=4306.0 CR=22619.0 BC=5474.0 timestamp="2026-02-09 08:15:25"
📤 AWS IoT Sent {'id': 7436, 'bp': 22625.0, 'fp': 4306.0, 'cr': 22619.0, 'bc': 5474.0, 'timestamp': '2026-02-09 08:15:25'}
✅ Uploaded | id=7438 BP=22487.0 FP=6862.0 CR=20651.0 BC=7868.0 timestamp="2026-02-09 08:15:35"
📤 AWS IoT Sent {'id': 7438, 'bp': 22487.0, 'fp': 6862.0, 'cr': 20651.0, 'bc': 7868.0, 'timestamp': '2026-02-09 08:15:35'}
✅ Uploaded | id=7440 BP=17604.0 FP=12132.0 CR=14936.0 BC=13338.0 timestamp="2026-02-09 08:15:45"
📤 AWS IoT Sent {'id': 7440, 'bp': 17604.0, 'fp': 12132.0, 'cr': 14936.0, 'bc': 13338.0, 'timestamp': '2026-02-09 08:15:45'}
✅ Uploaded | id=7442 BP=4232.0 FP=23678.0 CR=1564.0 BC=23167.0 timestamp="2026-02-09 08:15:55"
📤 AWS IoT Sent {'id': 7442, 'bp': 4232.0, 'fp': 23678.0, 'cr': 1564.0, 'bc': 23167.0, 'timestamp': '2026-02-09 08:15:55'}
✅ Uploaded | id=7444 BP=716.0 FP=22996.0 CR=2529.0 BC=22611.0 timestamp="2026-02-09 08:16:05"
📤 AWS IoT Sent {'id': 7444, 'bp': 716.0, 'fp': 22996.0, 'cr': 2529.0, 'bc': 22611.0, 'timestamp': '2026-02-09 08:16:05'}
✅ Uploaded | id=7446 BP=5948.0 FP=19448.0 CR=8567.0 BC=18173.0 timestamp="2026-02-09 08:16:15"
📤 AWS IoT Sent {'id': 7446, 'bp': 5948.0, 'fp': 19448.0, 'cr': 8567.0, 'bc': 18173.0, 'timestamp': '2026-02-09 08:16:15'}
✅ Uploaded | id=7448 BP=14670.0 FP=11330.0 CR=17303.0 BC=10496.0 timestamp="2026-02-09 08:16:25"
📤 AWS IoT Sent {'id': 7448, 'bp': 14670.0, 'fp': 11330.0, 'cr': 17303.0, 'bc': 10496.0, 'timestamp': '2026-02-09 08:16:25'}
✅ Uploaded | id=7449 BP=10787.0 FP=19535.0 CR=9240.0 BC=20404.0 timestamp="2026-02-09 08:16:30"
📤 AWS IoT Sent {'id': 7449, 'bp': 10787.0, 'fp': 19535.0, 'cr': 9240.0, 'bc': 20404.0, 'timestamp': '2026-02-09 08:16:30'}
✅ Uploaded | id=7451 BP=20309.0 FP=7811.0 CR=22199.0 BC=5822.0 timestamp="2026-02-09 08:16:40"
📤 AWS IoT Sent {'id': 7451, 'bp': 20309.0, 'fp': 7811.0, 'cr': 22199.0, 'bc': 5822.0, 'timestamp': '2026-02-09 08:16:40'}
✅ Uploaded | id=7453 BP=20740.0 FP=7550.0 CR=22549.0 BC=5885.0 timestamp="2026-02-09 08:16:50"
📤 AWS IoT Sent {'id': 7453, 'bp': 20740.0, 'fp': 7550.0, 'cr': 22549.0, 'bc': 5885.0, 'timestamp': '2026-02-09 08:16:50'}
✅ Uploaded | id=7455 BP=15522.0 FP=11457.0 CR=17871.0 BC=11214.0 timestamp="2026-02-09 08:17:00"
📤 AWS IoT Sent {'id': 7455, 'bp': 15522.0, 'fp': 11457.0, 'cr': 17871.0, 'bc': 11214.0, 'timestamp': '2026-02-09 08:17:00'}
✅ Uploaded | id=7457 BP=11553.0 FP=14598.0 CR=14083.0 BC=12544.0 timestamp="2026-02-09 08:17:11"
📤 AWS IoT Sent {'id': 7457, 'bp': 11553.0, 'fp': 14598.0, 'cr': 14083.0, 'bc': 12544.0, 'timestamp': '2026-02-09 08:17:11'}
✅ Uploaded | id=7459 BP=24340.0 FP=4093.0 CR=24015.0 BC=1408.0 timestamp="2026-02-09 08:17:21"
📤 AWS IoT Sent {'id': 7459, 'bp': 24340.0, 'fp': 4093.0, 'cr': 24015.0, 'bc': 1408.0, 'timestamp': '2026-02-09 08:17:21'}
✅ Uploaded | id=7461 BP=4232.0 FP=23620.0 CR=2258.0 BC=23333.0 timestamp="2026-02-09 08:17:31"
📤 AWS IoT Sent {'id': 7461, 'bp': 4232.0, 'fp': 23620.0, 'cr': 2258.0, 'bc': 23333.0, 'timestamp': '2026-02-09 08:17:31'}
✅ Uploaded | id=7463 BP=10114.0 FP=20533.0 CR=8567.0 BC=21329.0 timestamp="2026-02-09 08:17:41"
📤 AWS IoT Sent {'id': 7463, 'bp': 10114.0, 'fp': 20533.0, 'cr': 8567.0, 'bc': 21329.0, 'timestamp': '2026-02-09 08:17:41'}
✅ Uploaded | id=7465 BP=9916.0 FP=20604.0 CR=8424.0 BC=21573.0 timestamp="2026-02-09 08:17:51"
📤 AWS IoT Sent {'id': 7465, 'bp': 9916.0, 'fp': 20604.0, 'cr': 8424.0, 'bc': 21573.0, 'timestamp': '2026-02-09 08:17:51'}
✅ Uploaded | id=7467 BP=14126.0 FP=14706.0 CR=11725.0 BC=18007.0 timestamp="2026-02-09 08:18:01"
📤 AWS IoT Sent {'id': 7467, 'bp': 14126.0, 'fp': 14706.0, 'cr': 11725.0, 'bc': 18007.0, 'timestamp': '2026-02-09 08:18:01'}
✅ Uploaded | id=7469 BP=21144.0 FP=8904.0 CR=18293.0 BC=10106.0 timestamp="2026-02-09 08:18:11"
📤 AWS IoT Sent {'id': 7469, 'bp': 21144.0, 'fp': 8904.0, 'cr': 18293.0, 'bc': 10106.0, 'timestamp': '2026-02-09 08:18:11'}
✅ Uploaded | id=7471 BP=17847.0 FP=11850.0 CR=15404.0 BC=12927.0 timestamp="2026-02-09 08:18:21"
📤 AWS IoT Sent {'id': 7471, 'bp': 17847.0, 'fp': 11850.0, 'cr': 15404.0, 'bc': 12927.0, 'timestamp': '2026-02-09 08:18:21'}
✅ Uploaded | id=7472 BP=9149.0 FP=16607.0 CR=11982.0 BC=15376.0 timestamp="2026-02-09 08:18:26"
📤 AWS IoT Sent {'id': 7472, 'bp': 9149.0, 'fp': 16607.0, 'cr': 11982.0, 'bc': 15376.0, 'timestamp': '2026-02-09 08:18:26'}
✅ Uploaded | id=7473 BP=19826.0 FP=8882.0 CR=18349.0 BC=9999.0 timestamp="2026-02-09 08:18:31"
📤 AWS IoT Sent {'id': 7473, 'bp': 19826.0, 'fp': 8882.0, 'cr': 18349.0, 'bc': 9999.0, 'timestamp': '2026-02-09 08:18:31'}
✅ Uploaded | id=7474 BP=5786.0 FP=20211.0 CR=9528.0 BC=17602.0 timestamp="2026-02-09 08:18:36"
📤 AWS IoT Sent {'id': 7474, 'bp': 5786.0, 'fp': 20211.0, 'cr': 9528.0, 'bc': 17602.0, 'timestamp': '2026-02-09 08:18:36'}
✅ Uploaded | id=7475 BP=14161.0 FP=16129.0 CR=11760.0 BC=18571.0 timestamp="2026-02-09 08:18:42"
📤 AWS IoT Sent {'id': 7475, 'bp': 14161.0, 'fp': 16129.0, 'cr': 11760.0, 'bc': 18571.0, 'timestamp': '2026-02-09 08:18:42'}
✅ Uploaded | id=7476 BP=23451.0 FP=2693.0 CR=22683.0 BC=3480.0 timestamp="2026-02-09 08:18:47"
📤 AWS IoT Sent {'id': 7476, 'bp': 23451.0, 'fp': 2693.0, 'cr': 22683.0, 'bc': 3480.0, 'timestamp': '2026-02-09 08:18:47'}
✅ Uploaded | id=7477 BP=5615.0 FP=20083.0 CR=7970.0 BC=18847.0 timestamp="2026-02-09 08:18:52"
📤 AWS IoT Sent {'id': 7477, 'bp': 5615.0, 'fp': 20083.0, 'cr': 7970.0, 'bc': 18847.0, 'timestamp': '2026-02-09 08:18:52'}
✅ Uploaded | id=7478 BP=16175.0 FP=13243.0 CR=14580.0 BC=15598.0 timestamp="2026-02-09 08:18:57"
📤 AWS IoT Sent {'id': 7478, 'bp': 16175.0, 'fp': 13243.0, 'cr': 14580.0, 'bc': 15598.0, 'timestamp': '2026-02-09 08:18:57'}
✅ Uploaded | id=7479 BP=18240.0 FP=9329.0 CR=20315.0 BC=8554.0 timestamp="2026-02-09 08:19:02"
📤 AWS IoT Sent {'id': 7479, 'bp': 18240.0, 'fp': 9329.0, 'cr': 20315.0, 'bc': 8554.0, 'timestamp': '2026-02-09 08:19:02'}
✅ Uploaded | id=7480 BP=6070.0 FP=24183.0 CR=3918.0 BC=24035.0 timestamp="2026-02-09 08:19:07"
📤 AWS IoT Sent {'id': 7480, 'bp': 6070.0, 'fp': 24183.0, 'cr': 3918.0, 'bc': 24035.0, 'timestamp': '2026-02-09 08:19:07'}
✅ Uploaded | id=7481 BP=23482.0 FP=975.0 CR=23213.0 BC=1831.0 timestamp="2026-02-09 08:19:12"
📤 AWS IoT Sent {'id': 7481, 'bp': 23482.0, 'fp': 975.0, 'cr': 23213.0, 'bc': 1831.0, 'timestamp': '2026-02-09 08:19:12'}
✅ Uploaded | id=7482 BP=2480.0 FP=22528.0 CR=4820.0 BC=22189.0 timestamp="2026-02-09 08:19:17"
📤 AWS IoT Sent {'id': 7482, 'bp': 2480.0, 'fp': 22528.0, 'cr': 4820.0, 'bc': 22189.0, 'timestamp': '2026-02-09 08:19:17'}
✅ Uploaded | id=7483 BP=21960.0 FP=7561.0 CR=18385.0 BC=11461.0 timestamp="2026-02-09 08:19:22"
📤 AWS IoT Sent {'id': 7483, 'bp': 21960.0, 'fp': 7561.0, 'cr': 18385.0, 'bc': 11461.0, 'timestamp': '2026-02-09 08:19:22'}
✅ Uploaded | id=7484 BP=20035.0 FP=7955.0 CR=23008.0 BC=6342.0 timestamp="2026-02-09 08:19:27"
📤 AWS IoT Sent {'id': 7484, 'bp': 20035.0, 'fp': 7955.0, 'cr': 23008.0, 'bc': 6342.0, 'timestamp': '2026-02-09 08:19:27'}
✅ Uploaded | id=7485 BP=4435.0 FP=23601.0 CR=2606.0 BC=23361.0 timestamp="2026-02-09 08:19:32"
📤 AWS IoT Sent {'id': 7485, 'bp': 4435.0, 'fp': 23601.0, 'cr': 2606.0, 'bc': 23361.0, 'timestamp': '2026-02-09 08:19:32'}
✅ Uploaded | id=7486 BP=22516.0 FP=5884.0 CR=20113.0 BC=8292.0 timestamp="2026-02-09 08:19:37"
📤 AWS IoT Sent {'id': 7486, 'bp': 22516.0, 'fp': 5884.0, 'cr': 20113.0, 'bc': 8292.0, 'timestamp': '2026-02-09 08:19:37'}
✅ Uploaded | id=7487 BP=11978.0 FP=14354.0 CR=14367.0 BC=12976.0 timestamp="2026-02-09 08:19:42"
📤 AWS IoT Sent {'id': 7487, 'bp': 11978.0, 'fp': 14354.0, 'cr': 14367.0, 'bc': 12976.0, 'timestamp': '2026-02-09 08:19:42'}
✅ Uploaded | id=7488 BP=9238.0 FP=20721.0 CR=8285.0 BC=22752.0 timestamp="2026-02-09 08:19:47"
📤 AWS IoT Sent {'id': 7488, 'bp': 9238.0, 'fp': 20721.0, 'cr': 8285.0, 'bc': 22752.0, 'timestamp': '2026-02-09 08:19:47'}
✅ Uploaded | id=7490 BP=6325.0 FP=19526.0 CR=8803.0 BC=18052.0 timestamp="2026-02-09 08:19:57"
📤 AWS IoT Sent {'id': 7490, 'bp': 6325.0, 'fp': 19526.0, 'cr': 8803.0, 'bc': 18052.0, 'timestamp': '2026-02-09 08:19:57'}
✅ Uploaded | id=7492 BP=22793.0 FP=4073.0 CR=22046.0 BC=6934.0 timestamp="2026-02-09 08:20:07"
📤 AWS IoT Sent {'id': 7492, 'bp': 22793.0, 'fp': 4073.0, 'cr': 22046.0, 'bc': 6934.0, 'timestamp': '2026-02-09 08:20:07'}
✅ Uploaded | id=7493 BP=11508.0 FP=14782.0 CR=14091.0 BC=13667.0 timestamp="2026-02-09 08:20:12"
📤 AWS IoT Sent {'id': 7493, 'bp': 11508.0, 'fp': 14782.0, 'cr': 14091.0, 'bc': 13667.0, 'timestamp': '2026-02-09 08:20:12'}
✅ Uploaded | id=7494 BP=10123.0 FP=20978.0 CR=8355.0 BC=21805.0 timestamp="2026-02-09 08:20:17"
📤 AWS IoT Sent {'id': 7494, 'bp': 10123.0, 'fp': 20978.0, 'cr': 8355.0, 'bc': 21805.0, 'timestamp': '2026-02-09 08:20:17'}
✅ Uploaded | id=7496 BP=8184.0 FP=17971.0 CR=10925.0 BC=16870.0 timestamp="2026-02-09 08:20:28"
📤 AWS IoT Sent {'id': 7496, 'bp': 8184.0, 'fp': 17971.0, 'cr': 10925.0, 'bc': 16870.0, 'timestamp': '2026-02-09 08:20:28'}
✅ Uploaded | id=7498 BP=23952.0 FP=2535.0 CR=23388.0 BC=1405.0 timestamp="2026-02-09 08:20:38"
📤 AWS IoT Sent {'id': 7498, 'bp': 23952.0, 'fp': 2535.0, 'cr': 23388.0, 'bc': 1405.0, 'timestamp': '2026-02-09 08:20:38'}
✅ Uploaded | id=7500 BP=7925.0 FP=22449.0 CR=6071.0 BC=24326.0 timestamp="2026-02-09 08:20:48"
📤 AWS IoT Sent {'id': 7500, 'bp': 7925.0, 'fp': 22449.0, 'cr': 6071.0, 'bc': 24326.0, 'timestamp': '2026-02-09 08:20:48'}
✅ Uploaded | id=7502 BP=9632.0 FP=16124.0 CR=12210.0 BC=14861.0 timestamp="2026-02-09 08:20:58"
📤 AWS IoT Sent {'id': 7502, 'bp': 9632.0, 'fp': 16124.0, 'cr': 12210.0, 'bc': 14861.0, 'timestamp': '2026-02-09 08:20:58'}
✅ Uploaded | id=7504 BP=16342.0 FP=10737.0 CR=18651.0 BC=10623.0 timestamp="2026-02-09 08:21:08"
📤 AWS IoT Sent {'id': 7504, 'bp': 16342.0, 'fp': 10737.0, 'cr': 18651.0, 'bc': 10623.0, 'timestamp': '2026-02-09 08:21:08'}
✅ Uploaded | id=7506 BP=17094.0 FP=10298.0 CR=19401.0 BC=9576.0 timestamp="2026-02-09 08:21:18"
📤 AWS IoT Sent {'id': 7506, 'bp': 17094.0, 'fp': 10298.0, 'cr': 19401.0, 'bc': 9576.0, 'timestamp': '2026-02-09 08:21:18'}
✅ Uploaded | id=7508 BP=4913.0 FP=21726.0 CR=7190.0 BC=18737.0 timestamp="2026-02-09 08:21:28"
📤 AWS IoT Sent {'id': 7508, 'bp': 4913.0, 'fp': 21726.0, 'cr': 7190.0, 'bc': 18737.0, 'timestamp': '2026-02-09 08:21:28'}
✅ Uploaded | id=7510 BP=2992.0 FP=23284.0 CR=907.0 BC=23187.0 timestamp="2026-02-09 08:21:38"
📤 AWS IoT Sent {'id': 7510, 'bp': 2992.0, 'fp': 23284.0, 'cr': 907.0, 'bc': 23187.0, 'timestamp': '2026-02-09 08:21:38'}
✅ Uploaded | id=7512 BP=914.0 FP=22913.0 CR=3034.0 BC=22721.0 timestamp="2026-02-09 08:21:48"
📤 AWS IoT Sent {'id': 7512, 'bp': 914.0, 'fp': 22913.0, 'cr': 3034.0, 'bc': 22721.0, 'timestamp': '2026-02-09 08:21:48'}
✅ Uploaded | id=7514 BP=4567.0 FP=21921.0 CR=6891.0 BC=20369.0 timestamp="2026-02-09 08:21:58"
📤 AWS IoT Sent {'id': 7514, 'bp': 4567.0, 'fp': 21921.0, 'cr': 6891.0, 'bc': 20369.0, 'timestamp': '2026-02-09 08:21:58'}
✅ Uploaded | id=7516 BP=5084.0 FP=22254.0 CR=7124.0 BC=20032.0 timestamp="2026-02-09 08:22:09"
📤 AWS IoT Sent {'id': 7516, 'bp': 5084.0, 'fp': 22254.0, 'cr': 7124.0, 'bc': 20032.0, 'timestamp': '2026-02-09 08:22:09'}
✅ Uploaded | id=7518 BP=8390.0 FP=22681.0 CR=6757.0 BC=23440.0 timestamp="2026-02-09 08:22:19"
📤 AWS IoT Sent {'id': 7518, 'bp': 8390.0, 'fp': 22681.0, 'cr': 6757.0, 'bc': 23440.0, 'timestamp': '2026-02-09 08:22:19'}
✅ Uploaded | id=7520 BP=2132.0 FP=22457.0 CR=5824.0 BC=21582.0 timestamp="2026-02-09 08:22:29"
📤 AWS IoT Sent {'id': 7520, 'bp': 2132.0, 'fp': 22457.0, 'cr': 5824.0, 'bc': 21582.0, 'timestamp': '2026-02-09 08:22:29'}
✅ Uploaded | id=7522 BP=22455.0 FP=7455.0 CR=20312.0 BC=8528.0 timestamp="2026-02-09 08:22:39"
📤 AWS IoT Sent {'id': 7522, 'bp': 22455.0, 'fp': 7455.0, 'cr': 20312.0, 'bc': 8528.0, 'timestamp': '2026-02-09 08:22:39'}
✅ Uploaded | id=7524 BP=4296.0 FP=22356.0 CR=6767.0 BC=19178.0 timestamp="2026-02-09 08:22:49"
📤 AWS IoT Sent {'id': 7524, 'bp': 4296.0, 'fp': 22356.0, 'cr': 6767.0, 'bc': 19178.0, 'timestamp': '2026-02-09 08:22:49'}
✅ Uploaded | id=7526 BP=3376.0 FP=23379.0 CR=828.0 BC=23510.0 timestamp="2026-02-09 08:22:59"
📤 AWS IoT Sent {'id': 7526, 'bp': 3376.0, 'fp': 23379.0, 'cr': 828.0, 'bc': 23510.0, 'timestamp': '2026-02-09 08:22:59'}
✅ Uploaded | id=7528 BP=15891.0 FP=13582.0 CR=14068.0 BC=14635.0 timestamp="2026-02-09 08:23:09"
📤 AWS IoT Sent {'id': 7528, 'bp': 15891.0, 'fp': 13582.0, 'cr': 14068.0, 'bc': 14635.0, 'timestamp': '2026-02-09 08:23:09'}
✅ Uploaded | id=7529 BP=7054.0 FP=18919.0 CR=9615.0 BC=17801.0 timestamp="2026-02-09 08:23:14"
📤 AWS IoT Sent {'id': 7529, 'bp': 7054.0, 'fp': 18919.0, 'cr': 9615.0, 'bc': 17801.0, 'timestamp': '2026-02-09 08:23:14'}
✅ Uploaded | id=7531 BP=1909.0 FP=22697.0 CR=4091.0 BC=22577.0 timestamp="2026-02-09 08:23:24"
📤 AWS IoT Sent {'id': 7531, 'bp': 1909.0, 'fp': 22697.0, 'cr': 4091.0, 'bc': 22577.0, 'timestamp': '2026-02-09 08:23:24'}
✅ Uploaded | id=7533 BP=12419.0 FP=17989.0 CR=10511.0 BC=20255.0 timestamp="2026-02-09 08:23:34"
📤 AWS IoT Sent {'id': 7533, 'bp': 12419.0, 'fp': 17989.0, 'cr': 10511.0, 'bc': 20255.0, 'timestamp': '2026-02-09 08:23:34'}
✅ Uploaded | id=7535 BP=9325.0 FP=21757.0 CR=7759.0 BC=22584.0 timestamp="2026-02-09 08:23:44"
📤 AWS IoT Sent {'id': 7535, 'bp': 9325.0, 'fp': 21757.0, 'cr': 7759.0, 'bc': 22584.0, 'timestamp': '2026-02-09 08:23:44'}
✅ Uploaded | id=7537 BP=10486.0 FP=19984.0 CR=8025.0 BC=22023.0 timestamp="2026-02-09 08:23:55"
📤 AWS IoT Sent {'id': 7537, 'bp': 10486.0, 'fp': 19984.0, 'cr': 8025.0, 'bc': 22023.0, 'timestamp': '2026-02-09 08:23:55'}
✅ Uploaded | id=7539 BP=23256.0 FP=846.0 CR=23016.0 BC=1603.0 timestamp="2026-02-09 08:24:05"
📤 AWS IoT Sent {'id': 7539, 'bp': 23256.0, 'fp': 846.0, 'cr': 23016.0, 'bc': 1603.0, 'timestamp': '2026-02-09 08:24:05'}
✅ Uploaded | id=7541 BP=16856.0 FP=10467.0 CR=19094.0 BC=9881.0 timestamp="2026-02-09 08:24:15"
📤 AWS IoT Sent {'id': 7541, 'bp': 16856.0, 'fp': 10467.0, 'cr': 19094.0, 'bc': 9881.0, 'timestamp': '2026-02-09 08:24:15'}
✅ Uploaded | id=7543 BP=940.0 FP=23038.0 CR=2598.0 BC=22729.0 timestamp="2026-02-09 08:24:25"
📤 AWS IoT Sent {'id': 7543, 'bp': 940.0, 'fp': 23038.0, 'cr': 2598.0, 'bc': 22729.0, 'timestamp': '2026-02-09 08:24:25'}
✅ Uploaded | id=7546 BP=13106.0 FP=13286.0 CR=15314.0 BC=12465.0 timestamp="2026-02-09 08:24:40"
📤 AWS IoT Sent {'id': 7546, 'bp': 13106.0, 'fp': 13286.0, 'cr': 15314.0, 'bc': 12465.0, 'timestamp': '2026-02-09 08:24:40'}
✅ Uploaded | id=7548 BP=641.0 FP=23262.0 CR=3395.0 BC=22788.0 timestamp="2026-02-09 08:24:50"
📤 AWS IoT Sent {'id': 7548, 'bp': 641.0, 'fp': 23262.0, 'cr': 3395.0, 'bc': 22788.0, 'timestamp': '2026-02-09 08:24:50'}
✅ Uploaded | id=7550 BP=7398.0 FP=24085.0 CR=4788.0 BC=24130.0 timestamp="2026-02-09 08:25:00"
📤 AWS IoT Sent {'id': 7550, 'bp': 7398.0, 'fp': 24085.0, 'cr': 4788.0, 'bc': 24130.0, 'timestamp': '2026-02-09 08:25:00'}
✅ Uploaded | id=7552 BP=16378.0 FP=13322.0 CR=14127.0 BC=14482.0 timestamp="2026-02-09 08:25:10"
📤 AWS IoT Sent {'id': 7552, 'bp': 16378.0, 'fp': 13322.0, 'cr': 14127.0, 'bc': 14482.0, 'timestamp': '2026-02-09 08:25:10'}
✅ Uploaded | id=7554 BP=24142.0 FP=2578.0 CR=23483.0 BC=1169.0 timestamp="2026-02-09 08:25:20"
📤 AWS IoT Sent {'id': 7554, 'bp': 24142.0, 'fp': 2578.0, 'cr': 23483.0, 'bc': 1169.0, 'timestamp': '2026-02-09 08:25:20'}
✅ Uploaded | id=7556 BP=2070.0 FP=22977.0 CR=3505.0 BC=22631.0 timestamp="2026-02-09 08:25:31"
📤 AWS IoT Sent {'id': 7556, 'bp': 2070.0, 'fp': 22977.0, 'cr': 3505.0, 'bc': 22631.0, 'timestamp': '2026-02-09 08:25:31'}
✅ Uploaded | id=7558 BP=20445.0 FP=9762.0 CR=17641.0 BC=11026.0 timestamp="2026-02-09 08:25:41"
📤 AWS IoT Sent {'id': 7558, 'bp': 20445.0, 'fp': 9762.0, 'cr': 17641.0, 'bc': 11026.0, 'timestamp': '2026-02-09 08:25:41'}
✅ Uploaded | id=7560 BP=24099.0 FP=2565.0 CR=23427.0 BC=1505.0 timestamp="2026-02-09 08:25:51"
📤 AWS IoT Sent {'id': 7560, 'bp': 24099.0, 'fp': 2565.0, 'cr': 23427.0, 'bc': 1505.0, 'timestamp': '2026-02-09 08:25:51'}
✅ Uploaded | id=7562 BP=6037.0 FP=21377.0 CR=7146.0 BC=20075.0 timestamp="2026-02-09 08:26:01"
📤 AWS IoT Sent {'id': 7562, 'bp': 6037.0, 'fp': 21377.0, 'cr': 7146.0, 'bc': 20075.0, 'timestamp': '2026-02-09 08:26:01'}
✅ Uploaded | id=7565 BP=19661.0 FP=8842.0 CR=22295.0 BC=6149.0 timestamp="2026-02-09 08:26:16"
📤 AWS IoT Sent {'id': 7565, 'bp': 19661.0, 'fp': 8842.0, 'cr': 22295.0, 'bc': 6149.0, 'timestamp': '2026-02-09 08:26:16'}
✅ Uploaded | id=7568 BP=10265.0 FP=15711.0 CR=12958.0 BC=14542.0 timestamp="2026-02-09 08:26:31"
📤 AWS IoT Sent {'id': 7568, 'bp': 10265.0, 'fp': 15711.0, 'cr': 12958.0, 'bc': 14542.0, 'timestamp': '2026-02-09 08:26:31'}
✅ Uploaded | id=7571 BP=6148.0 FP=20011.0 CR=8061.0 BC=18973.0 timestamp="2026-02-09 08:26:46"
📤 AWS IoT Sent {'id': 7571, 'bp': 6148.0, 'fp': 20011.0, 'cr': 8061.0, 'bc': 18973.0, 'timestamp': '2026-02-09 08:26:46'}
✅ Uploaded | id=7574 BP=1886.0 FP=23414.0 CR=1527.0 BC=23153.0 timestamp="2026-02-09 08:27:01"
📤 AWS IoT Sent {'id': 7574, 'bp': 1886.0, 'fp': 23414.0, 'cr': 1527.0, 'bc': 23153.0, 'timestamp': '2026-02-09 08:27:01'}
✅ Uploaded | id=7577 BP=14431.0 FP=13180.0 CR=15348.0 BC=12066.0 timestamp="2026-02-09 08:27:17"
📤 AWS IoT Sent {'id': 7577, 'bp': 14431.0, 'fp': 13180.0, 'cr': 15348.0, 'bc': 12066.0, 'timestamp': '2026-02-09 08:27:17'}
✅ Uploaded | id=7580 BP=23344.0 FP=1485.0 CR=23235.0 BC=2382.0 timestamp="2026-02-09 08:27:32"
📤 AWS IoT Sent {'id': 7580, 'bp': 23344.0, 'fp': 1485.0, 'cr': 23235.0, 'bc': 2382.0, 'timestamp': '2026-02-09 08:27:32'}
✅ Uploaded | id=7583 BP=24079.0 FP=4065.0 CR=23873.0 BC=2833.0 timestamp="2026-02-09 08:27:47"
📤 AWS IoT Sent {'id': 7583, 'bp': 24079.0, 'fp': 4065.0, 'cr': 23873.0, 'bc': 2833.0, 'timestamp': '2026-02-09 08:27:47'}
✅ Uploaded | id=7586 BP=21112.0 FP=8454.0 CR=18644.0 BC=9496.0 timestamp="2026-02-09 08:28:02"
📤 AWS IoT Sent {'id': 7586, 'bp': 21112.0, 'fp': 8454.0, 'cr': 18644.0, 'bc': 9496.0, 'timestamp': '2026-02-09 08:28:02'}
⚠️ MQTT disconnected, reason: 16
⚠️ MQTT disconnected, reason: 16
✅ Connected to AWS IoT Core
✅ Uploaded | id=7587 BP=3167.0 FP=22953.0 CR=1477.0 BC=22934.0 timestamp="2026-02-09 08:28:07"
📤 AWS IoT Sent {'id': 7587, 'bp': 3167.0, 'fp': 22953.0, 'cr': 1477.0, 'bc': 22934.0, 'timestamp': '2026-02-09 08:28:07'}
✅ Uploaded | id=7590 BP=7055.0 FP=18824.0 CR=10134.0 BC=16669.0 timestamp="2026-02-09 08:28:22"
📤 AWS IoT Sent {'id': 7590, 'bp': 7055.0, 'fp': 18824.0, 'cr': 10134.0, 'bc': 16669.0, 'timestamp': '2026-02-09 08:28:22'}
✅ Uploaded | id=7592 BP=18173.0 FP=11759.0 CR=15952.0 BC=12723.0 timestamp="2026-02-09 08:28:32"
📤 AWS IoT Sent {'id': 7592, 'bp': 18173.0, 'fp': 11759.0, 'cr': 15952.0, 'bc': 12723.0, 'timestamp': '2026-02-09 08:28:32'}
✅ Uploaded | id=7594 BP=13501.0 FP=12741.0 CR=15779.0 BC=11817.0 timestamp="2026-02-09 08:28:42"
📤 AWS IoT Sent {'id': 7594, 'bp': 13501.0, 'fp': 12741.0, 'cr': 15779.0, 'bc': 11817.0, 'timestamp': '2026-02-09 08:28:42'}
✅ Uploaded | id=7596 BP=9744.0 FP=21324.0 CR=8165.0 BC=22088.0 timestamp="2026-02-09 08:28:52"
📤 AWS IoT Sent {'id': 7596, 'bp': 9744.0, 'fp': 21324.0, 'cr': 8165.0, 'bc': 22088.0, 'timestamp': '2026-02-09 08:28:52'}
✅ Uploaded | id=7598 BP=22674.0 FP=4723.0 CR=20998.0 BC=7841.0 timestamp="2026-02-09 08:29:03"
📤 AWS IoT Sent {'id': 7598, 'bp': 22674.0, 'fp': 4723.0, 'cr': 20998.0, 'bc': 7841.0, 'timestamp': '2026-02-09 08:29:03'}
✅ Uploaded | id=7600 BP=2459.0 FP=22715.0 CR=4754.0 BC=22503.0 timestamp="2026-02-09 08:29:13"
📤 AWS IoT Sent {'id': 7600, 'bp': 2459.0, 'fp': 22715.0, 'cr': 4754.0, 'bc': 22503.0, 'timestamp': '2026-02-09 08:29:13'}
✅ Uploaded | id=7602 BP=22424.0 FP=7426.0 CR=20008.0 BC=8325.0 timestamp="2026-02-09 08:29:23"
📤 AWS IoT Sent {'id': 7602, 'bp': 22424.0, 'fp': 7426.0, 'cr': 20008.0, 'bc': 8325.0, 'timestamp': '2026-02-09 08:29:23'}
✅ Uploaded | id=7603 BP=6665.0 FP=24034.0 CR=4938.0 BC=24000.0 timestamp="2026-02-09 08:29:28"
📤 AWS IoT Sent {'id': 7603, 'bp': 6665.0, 'fp': 24034.0, 'cr': 4938.0, 'bc': 24000.0, 'timestamp': '2026-02-09 08:29:28'}
✅ Uploaded | id=7604 BP=11440.0 FP=14706.0 CR=13878.0 BC=13597.0 timestamp="2026-02-09 08:29:33"
📤 AWS IoT Sent {'id': 7604, 'bp': 11440.0, 'fp': 14706.0, 'cr': 13878.0, 'bc': 13597.0, 'timestamp': '2026-02-09 08:29:33'}
✅ Uploaded | id=7605 BP=23381.0 FP=1259.0 CR=23150.0 BC=3487.0 timestamp="2026-02-09 08:29:38"
📤 AWS IoT Sent {'id': 7605, 'bp': 23381.0, 'fp': 1259.0, 'cr': 23150.0, 'bc': 3487.0, 'timestamp': '2026-02-09 08:29:38'}
✅ Uploaded | id=7606 BP=10563.0 FP=20046.0 CR=8619.0 BC=22188.0 timestamp="2026-02-09 08:29:43"
📤 AWS IoT Sent {'id': 7606, 'bp': 10563.0, 'fp': 20046.0, 'cr': 8619.0, 'bc': 22188.0, 'timestamp': '2026-02-09 08:29:43'}
✅ Uploaded | id=7607 BP=2383.0 FP=23342.0 CR=942.0 BC=23302.0 timestamp="2026-02-09 08:29:48"
📤 AWS IoT Sent {'id': 7607, 'bp': 2383.0, 'fp': 23342.0, 'cr': 942.0, 'bc': 23302.0, 'timestamp': '2026-02-09 08:29:48'}
✅ Uploaded | id=7608 BP=16040.0 FP=11152.0 CR=18163.0 BC=10447.0 timestamp="2026-02-09 08:29:53"
📤 AWS IoT Sent {'id': 7608, 'bp': 16040.0, 'fp': 11152.0, 'cr': 18163.0, 'bc': 10447.0, 'timestamp': '2026-02-09 08:29:53'}
✅ Uploaded | id=7609 BP=24042.0 FP=2845.0 CR=23423.0 BC=814.0 timestamp="2026-02-09 08:29:58"
📤 AWS IoT Sent {'id': 7609, 'bp': 24042.0, 'fp': 2845.0, 'cr': 23423.0, 'bc': 814.0, 'timestamp': '2026-02-09 08:29:58'}
✅ Uploaded | id=7610 BP=22721.0 FP=6483.0 CR=19468.0 BC=9300.0 timestamp="2026-02-09 08:30:03"
📤 AWS IoT Sent {'id': 7610, 'bp': 22721.0, 'fp': 6483.0, 'cr': 19468.0, 'bc': 9300.0, 'timestamp': '2026-02-09 08:30:03'}
✅ Uploaded | id=7611 BP=14889.0 FP=15130.0 CR=12780.0 BC=16254.0 timestamp="2026-02-09 08:30:08"
📤 AWS IoT Sent {'id': 7611, 'bp': 14889.0, 'fp': 15130.0, 'cr': 12780.0, 'bc': 16254.0, 'timestamp': '2026-02-09 08:30:08'}
✅ Uploaded | id=7613 BP=7994.0 FP=23349.0 CR=6116.0 BC=24101.0 timestamp="2026-02-09 08:30:18"
📤 AWS IoT Sent {'id': 7613, 'bp': 7994.0, 'fp': 23349.0, 'cr': 6116.0, 'bc': 24101.0, 'timestamp': '2026-02-09 08:30:18'}
✅ Uploaded | id=7615 BP=1997.0 FP=23494.0 CR=1089.0 BC=23227.0 timestamp="2026-02-09 08:30:28"
📤 AWS IoT Sent {'id': 7615, 'bp': 1997.0, 'fp': 23494.0, 'cr': 1089.0, 'bc': 23227.0, 'timestamp': '2026-02-09 08:30:28'}
✅ Uploaded | id=7616 BP=23296.0 FP=993.0 CR=22863.0 BC=3057.0 timestamp="2026-02-09 08:30:38"
📤 AWS IoT Sent {'id': 7616, 'bp': 23296.0, 'fp': 993.0, 'cr': 22863.0, 'bc': 3057.0, 'timestamp': '2026-02-09 08:30:38'}
✅ Uploaded | id=7617 BP=3748.0 FP=23733.0 CR=649.0 BC=23503.0 timestamp="2026-02-09 08:30:49"
📤 AWS IoT Sent {'id': 7617, 'bp': 3748.0, 'fp': 23733.0, 'cr': 649.0, 'bc': 23503.0, 'timestamp': '2026-02-09 08:30:49'}
✅ Uploaded | id=7618 BP=22657.0 FP=5759.0 CR=23033.0 BC=6240.0 timestamp="2026-02-09 08:30:59"
📤 AWS IoT Sent {'id': 7618, 'bp': 22657.0, 'fp': 5759.0, 'cr': 23033.0, 'bc': 6240.0, 'timestamp': '2026-02-09 08:30:59'}
✅ Uploaded | id=7619 BP=24253.0 FP=5334.0 CR=23624.0 BC=4601.0 timestamp="2026-02-09 08:31:04"
📤 AWS IoT Sent {'id': 7619, 'bp': 24253.0, 'fp': 5334.0, 'cr': 23624.0, 'bc': 4601.0, 'timestamp': '2026-02-09 08:31:04'}
✅ Uploaded | id=7620 BP=15183.0 FP=11253.0 CR=17487.0 BC=10754.0 timestamp="2026-02-09 08:31:09"
📤 AWS IoT Sent {'id': 7620, 'bp': 15183.0, 'fp': 11253.0, 'cr': 17487.0, 'bc': 10754.0, 'timestamp': '2026-02-09 08:31:09'}
✅ Uploaded | id=7621 BP=8744.0 FP=17161.0 CR=11182.0 BC=16126.0 timestamp="2026-02-09 08:31:14"
📤 AWS IoT Sent {'id': 7621, 'bp': 8744.0, 'fp': 17161.0, 'cr': 11182.0, 'bc': 16126.0, 'timestamp': '2026-02-09 08:31:14'}
✅ Uploaded | id=7622 BP=1960.0 FP=22629.0 CR=3820.0 BC=22129.0 timestamp="2026-02-09 08:31:19"
📤 AWS IoT Sent {'id': 7622, 'bp': 1960.0, 'fp': 22629.0, 'cr': 3820.0, 'bc': 22129.0, 'timestamp': '2026-02-09 08:31:19'}
✅ Uploaded | id=7623 BP=4570.0 FP=23879.0 CR=3183.0 BC=23616.0 timestamp="2026-02-09 08:31:24"
📤 AWS IoT Sent {'id': 7623, 'bp': 4570.0, 'fp': 23879.0, 'cr': 3183.0, 'bc': 23616.0, 'timestamp': '2026-02-09 08:31:24'}
✅ Uploaded | id=7624 BP=10729.0 FP=19640.0 CR=9515.0 BC=20553.0 timestamp="2026-02-09 08:31:29"
📤 AWS IoT Sent {'id': 7624, 'bp': 10729.0, 'fp': 19640.0, 'cr': 9515.0, 'bc': 20553.0, 'timestamp': '2026-02-09 08:31:29'}
✅ Uploaded | id=7625 BP=19611.0 FP=10175.0 CR=17232.0 BC=11087.0 timestamp="2026-02-09 08:31:34"
📤 AWS IoT Sent {'id': 7625, 'bp': 19611.0, 'fp': 10175.0, 'cr': 17232.0, 'bc': 11087.0, 'timestamp': '2026-02-09 08:31:34'}
✅ Uploaded | id=7626 BP=23354.0 FP=956.0 CR=22820.0 BC=2920.0 timestamp="2026-02-09 08:31:39"
📤 AWS IoT Sent {'id': 7626, 'bp': 23354.0, 'fp': 956.0, 'cr': 22820.0, 'bc': 2920.0, 'timestamp': '2026-02-09 08:31:39'}
✅ Uploaded | id=7627 BP=22589.0 FP=7341.0 CR=23039.0 BC=5470.0 timestamp="2026-02-09 08:31:44"
📤 AWS IoT Sent {'id': 7627, 'bp': 22589.0, 'fp': 7341.0, 'cr': 23039.0, 'bc': 5470.0, 'timestamp': '2026-02-09 08:31:44'}
✅ Uploaded | id=7628 BP=1426.0 FP=23227.0 CR=1905.0 BC=22979.0 timestamp="2026-02-09 08:31:49"
📤 AWS IoT Sent {'id': 7628, 'bp': 1426.0, 'fp': 23227.0, 'cr': 1905.0, 'bc': 22979.0, 'timestamp': '2026-02-09 08:31:49'}
✅ Uploaded | id=7629 BP=6610.0 FP=24279.0 CR=4640.0 BC=24137.0 timestamp="2026-02-09 08:31:54"
📤 AWS IoT Sent {'id': 7629, 'bp': 6610.0, 'fp': 24279.0, 'cr': 4640.0, 'bc': 24137.0, 'timestamp': '2026-02-09 08:31:54'}
✅ Uploaded | id=7630 BP=17740.0 FP=11901.0 CR=15440.0 BC=12978.0 timestamp="2026-02-09 08:31:59"
📤 AWS IoT Sent {'id': 7630, 'bp': 17740.0, 'fp': 11901.0, 'cr': 15440.0, 'bc': 12978.0, 'timestamp': '2026-02-09 08:31:59'}
✅ Uploaded | id=7631 BP=24102.0 FP=2705.0 CR=23430.0 BC=875.0 timestamp="2026-02-09 08:32:04"
📤 AWS IoT Sent {'id': 7631, 'bp': 24102.0, 'fp': 2705.0, 'cr': 23430.0, 'bc': 875.0, 'timestamp': '2026-02-09 08:32:04'}
✅ Uploaded | id=7632 BP=14810.0 FP=11198.0 CR=18697.0 BC=9742.0 timestamp="2026-02-09 08:32:09"
📤 AWS IoT Sent {'id': 7632, 'bp': 14810.0, 'fp': 11198.0, 'cr': 18697.0, 'bc': 9742.0, 'timestamp': '2026-02-09 08:32:09'}
✅ Uploaded | id=7633 BP=2866.0 FP=22351.0 CR=5165.0 BC=22017.0 timestamp="2026-02-09 08:32:14"
📤 AWS IoT Sent {'id': 7633, 'bp': 2866.0, 'fp': 22351.0, 'cr': 5165.0, 'bc': 22017.0, 'timestamp': '2026-02-09 08:32:14'}
✅ Uploaded | id=7634 BP=9183.0 FP=21626.0 CR=7641.0 BC=22406.0 timestamp="2026-02-09 08:32:19"
📤 AWS IoT Sent {'id': 7634, 'bp': 9183.0, 'fp': 21626.0, 'cr': 7641.0, 'bc': 22406.0, 'timestamp': '2026-02-09 08:32:19'}
✅ Uploaded | id=7635 BP=22502.0 FP=6088.0 CR=20715.0 BC=9267.0 timestamp="2026-02-09 08:32:25"
📤 AWS IoT Sent {'id': 7635, 'bp': 22502.0, 'fp': 6088.0, 'cr': 20715.0, 'bc': 9267.0, 'timestamp': '2026-02-09 08:32:25'}
✅ Uploaded | id=7636 BP=23424.0 FP=4872.0 CR=23841.0 BC=4404.0 timestamp="2026-02-09 08:32:30"
📤 AWS IoT Sent {'id': 7636, 'bp': 23424.0, 'fp': 4872.0, 'cr': 23841.0, 'bc': 4404.0, 'timestamp': '2026-02-09 08:32:30'}
✅ Uploaded | id=7637 BP=10846.0 FP=14857.0 CR=13039.0 BC=14310.0 timestamp="2026-02-09 08:32:35"
📤 AWS IoT Sent {'id': 7637, 'bp': 10846.0, 'fp': 14857.0, 'cr': 13039.0, 'bc': 14310.0, 'timestamp': '2026-02-09 08:32:35'}
✅ Uploaded | id=7638 BP=3765.0 FP=23119.0 CR=1363.0 BC=23072.0 timestamp="2026-02-09 08:32:40"
📤 AWS IoT Sent {'id': 7638, 'bp': 3765.0, 'fp': 23119.0, 'cr': 1363.0, 'bc': 23072.0, 'timestamp': '2026-02-09 08:32:40'}
✅ Uploaded | id=7640 BP=16565.0 FP=13664.0 CR=14290.0 BC=14724.0 timestamp="2026-02-09 08:32:50"
📤 AWS IoT Sent {'id': 7640, 'bp': 16565.0, 'fp': 13664.0, 'cr': 14290.0, 'bc': 14724.0, 'timestamp': '2026-02-09 08:32:50'}
✅ Uploaded | id=7642 BP=17281.0 FP=10039.0 CR=19227.0 BC=9629.0 timestamp="2026-02-09 08:33:00"
📤 AWS IoT Sent {'id': 7642, 'bp': 17281.0, 'fp': 10039.0, 'cr': 19227.0, 'bc': 9629.0, 'timestamp': '2026-02-09 08:33:00'}
✅ Uploaded | id=7644 BP=4013.0 FP=23677.0 CR=2086.0 BC=23513.0 timestamp="2026-02-09 08:33:10"
📤 AWS IoT Sent {'id': 7644, 'bp': 4013.0, 'fp': 23677.0, 'cr': 2086.0, 'bc': 23513.0, 'timestamp': '2026-02-09 08:33:10'}
✅ Uploaded | id=7645 BP=15515.0 FP=14013.0 CR=13367.0 BC=15005.0 timestamp="2026-02-09 08:33:15"
📤 AWS IoT Sent {'id': 7645, 'bp': 15515.0, 'fp': 14013.0, 'cr': 13367.0, 'bc': 15005.0, 'timestamp': '2026-02-09 08:33:15'}
✅ Uploaded | id=7646 BP=23428.0 FP=1766.0 CR=23274.0 BC=2483.0 timestamp="2026-02-09 08:33:20"
📤 AWS IoT Sent {'id': 7646, 'bp': 23428.0, 'fp': 1766.0, 'cr': 23274.0, 'bc': 2483.0, 'timestamp': '2026-02-09 08:33:20'}
✅ Uploaded | id=7647 BP=15222.0 FP=11310.0 CR=17599.0 BC=10619.0 timestamp="2026-02-09 08:33:25"
📤 AWS IoT Sent {'id': 7647, 'bp': 15222.0, 'fp': 11310.0, 'cr': 17599.0, 'bc': 10619.0, 'timestamp': '2026-02-09 08:33:25'}
✅ Uploaded | id=7648 BP=983.0 FP=23537.0 CR=1734.0 BC=23246.0 timestamp="2026-02-09 08:33:30"
📤 AWS IoT Sent {'id': 7648, 'bp': 983.0, 'fp': 23537.0, 'cr': 1734.0, 'bc': 23246.0, 'timestamp': '2026-02-09 08:33:30'}
✅ Uploaded | id=7649 BP=10638.0 FP=19617.0 CR=9263.0 BC=20640.0 timestamp="2026-02-09 08:33:35"
📤 AWS IoT Sent {'id': 7649, 'bp': 10638.0, 'fp': 19617.0, 'cr': 9263.0, 'bc': 20640.0, 'timestamp': '2026-02-09 08:33:35'}
✅ Uploaded | id=7650 BP=21648.0 FP=7806.0 CR=19324.0 BC=8987.0 timestamp="2026-02-09 08:33:40"
📤 AWS IoT Sent {'id': 7650, 'bp': 21648.0, 'fp': 7806.0, 'cr': 19324.0, 'bc': 8987.0, 'timestamp': '2026-02-09 08:33:40'}
✅ Uploaded | id=7651 BP=24264.0 FP=3401.0 CR=23718.0 BC=982.0 timestamp="2026-02-09 08:33:45"
📤 AWS IoT Sent {'id': 7651, 'bp': 24264.0, 'fp': 3401.0, 'cr': 23718.0, 'bc': 982.0, 'timestamp': '2026-02-09 08:33:45'}
✅ Uploaded | id=7652 BP=16946.0 FP=12850.0 CR=14566.0 BC=15074.0 timestamp="2026-02-09 08:33:50"
📤 AWS IoT Sent {'id': 7652, 'bp': 16946.0, 'fp': 12850.0, 'cr': 14566.0, 'bc': 15074.0, 'timestamp': '2026-02-09 08:33:50'}
✅ Uploaded | id=7653 BP=23389.0 FP=2840.0 CR=22849.0 BC=3893.0 timestamp="2026-02-09 08:33:55"
📤 AWS IoT Sent {'id': 7653, 'bp': 23389.0, 'fp': 2840.0, 'cr': 22849.0, 'bc': 3893.0, 'timestamp': '2026-02-09 08:33:55'}
✅ Uploaded | id=7654 BP=21689.0 FP=6914.0 CR=23325.0 BC=6250.0 timestamp="2026-02-09 08:34:01"
📤 AWS IoT Sent {'id': 7654, 'bp': 21689.0, 'fp': 6914.0, 'cr': 23325.0, 'bc': 6250.0, 'timestamp': '2026-02-09 08:34:01'}
✅ Uploaded | id=7655 BP=6223.0 FP=20260.0 CR=8274.0 BC=18934.0 timestamp="2026-02-09 08:34:06"
📤 AWS IoT Sent {'id': 7655, 'bp': 6223.0, 'fp': 20260.0, 'cr': 8274.0, 'bc': 18934.0, 'timestamp': '2026-02-09 08:34:06'}
✅ Uploaded | id=7656 BP=12805.0 FP=9611.0 CR=12203.0 BC=9643.0 timestamp="2026-02-09 08:34:11"
📤 AWS IoT Sent {'id': 7656, 'bp': 12805.0, 'fp': 9611.0, 'cr': 12203.0, 'bc': 9643.0, 'timestamp': '2026-02-09 08:34:11'}
✅ Uploaded | id=7657 BP=15829.0 FP=13758.0 CR=13884.0 BC=14844.0 timestamp="2026-02-09 08:34:16"
📤 AWS IoT Sent {'id': 7657, 'bp': 15829.0, 'fp': 13758.0, 'cr': 13884.0, 'bc': 14844.0, 'timestamp': '2026-02-09 08:34:16'}
✅ Uploaded | id=7658 BP=22897.0 FP=6075.0 CR=21539.0 BC=7023.0 timestamp="2026-02-09 08:34:21"
📤 AWS IoT Sent {'id': 7658, 'bp': 22897.0, 'fp': 6075.0, 'cr': 21539.0, 'bc': 7023.0, 'timestamp': '2026-02-09 08:34:21'}
✅ Uploaded | id=7659 BP=24173.0 FP=6520.0 CR=24133.0 BC=4328.0 timestamp="2026-02-09 08:34:26"
📤 AWS IoT Sent {'id': 7659, 'bp': 24173.0, 'fp': 6520.0, 'cr': 24133.0, 'bc': 4328.0, 'timestamp': '2026-02-09 08:34:26'}
✅ Uploaded | id=7660 BP=24216.0 FP=3735.0 CR=24026.0 BC=1762.0 timestamp="2026-02-09 08:34:31"
📤 AWS IoT Sent {'id': 7660, 'bp': 24216.0, 'fp': 3735.0, 'cr': 24026.0, 'bc': 1762.0, 'timestamp': '2026-02-09 08:34:31'}
✅ Uploaded | id=7661 BP=19222.0 FP=8675.0 CR=21072.0 BC=8095.0 timestamp="2026-02-09 08:34:36"
📤 AWS IoT Sent {'id': 7661, 'bp': 19222.0, 'fp': 8675.0, 'cr': 21072.0, 'bc': 8095.0, 'timestamp': '2026-02-09 08:34:36'}
✅ Uploaded | id=7663 BP=6754.0 FP=20410.0 CR=7672.0 BC=19348.0 timestamp="2026-02-09 08:34:46"
📤 AWS IoT Sent {'id': 7663, 'bp': 6754.0, 'fp': 20410.0, 'cr': 7672.0, 'bc': 19348.0, 'timestamp': '2026-02-09 08:34:46'}
✅ Uploaded | id=7665 BP=23175.0 FP=3481.0 CR=22663.0 BC=4446.0 timestamp="2026-02-09 08:35:01"
📤 AWS IoT Sent {'id': 7665, 'bp': 23175.0, 'fp': 3481.0, 'cr': 22663.0, 'bc': 4446.0, 'timestamp': '2026-02-09 08:35:01'}
✅ Uploaded | id=7667 BP=6936.0 FP=18859.0 CR=9398.0 BC=17938.0 timestamp="2026-02-09 08:35:16"
📤 AWS IoT Sent {'id': 7667, 'bp': 6936.0, 'fp': 18859.0, 'cr': 9398.0, 'bc': 17938.0, 'timestamp': '2026-02-09 08:35:16'}
✅ Uploaded | id=7669 BP=3160.0 FP=23487.0 CR=1059.0 BC=23452.0 timestamp="2026-02-09 08:35:28"
📤 AWS IoT Sent {'id': 7669, 'bp': 3160.0, 'fp': 23487.0, 'cr': 1059.0, 'bc': 23452.0, 'timestamp': '2026-02-09 08:35:28'}
✅ Uploaded | id=7671 BP=8949.0 FP=22132.0 CR=7282.0 BC=22837.0 timestamp="2026-02-09 08:35:38"
📤 AWS IoT Sent {'id': 7671, 'bp': 8949.0, 'fp': 22132.0, 'cr': 7282.0, 'bc': 22837.0, 'timestamp': '2026-02-09 08:35:38'}
✅ Uploaded | id=7673 BP=18693.0 FP=8769.0 CR=20447.0 BC=8312.0 timestamp="2026-02-09 08:35:54"
📤 AWS IoT Sent {'id': 7673, 'bp': 18693.0, 'fp': 8769.0, 'cr': 20447.0, 'bc': 8312.0, 'timestamp': '2026-02-09 08:35:54'}
✅ Uploaded | id=7675 BP=2856.0 FP=22853.0 CR=5082.0 BC=22281.0 timestamp="2026-02-09 08:36:09"
📤 AWS IoT Sent {'id': 7675, 'bp': 2856.0, 'fp': 22853.0, 'cr': 5082.0, 'bc': 22281.0, 'timestamp': '2026-02-09 08:36:09'}
✅ Uploaded | id=7677 BP=20354.0 FP=7577.0 CR=22197.0 BC=6811.0 timestamp="2026-02-09 08:36:19"
📤 AWS IoT Sent {'id': 7677, 'bp': 20354.0, 'fp': 7577.0, 'cr': 22197.0, 'bc': 6811.0, 'timestamp': '2026-02-09 08:36:19'}
⚠️ MQTT disconnected, reason: 7
✅ Connected to AWS IoT Core
✅ Uploaded | id=7678 BP=24219.0 FP=1963.0 CR=23644.0 BC=903.0 timestamp="2026-02-09 08:36:24"
📤 AWS IoT Sent {'id': 7678, 'bp': 24219.0, 'fp': 1963.0, 'cr': 23644.0, 'bc': 903.0, 'timestamp': '2026-02-09 08:36:24'}
✅ Uploaded | id=7727 BP=2721.0 FP=22745.0 CR=5330.0 BC=22160.0 timestamp="2026-02-09 08:42:32"
📤 AWS IoT Sent {'id': 7727, 'bp': 2721.0, 'fp': 22745.0, 'cr': 5330.0, 'bc': 22160.0, 'timestamp': '2026-02-09 08:42:32'}
✅ Uploaded | id=7729 BP=2126.0 FP=22931.0 CR=4723.0 BC=21278.0 timestamp="2026-02-09 08:42:42"
📤 AWS IoT Sent {'id': 7729, 'bp': 2126.0, 'fp': 22931.0, 'cr': 4723.0, 'bc': 21278.0, 'timestamp': '2026-02-09 08:42:42'}
✅ Uploaded | id=7731 BP=23094.0 FP=4922.0 CR=24175.0 BC=3738.0 timestamp="2026-02-09 08:42:52"
📤 AWS IoT Sent {'id': 7731, 'bp': 23094.0, 'fp': 4922.0, 'cr': 24175.0, 'bc': 3738.0, 'timestamp': '2026-02-09 08:42:52'}
✅ Uploaded | id=7733 BP=7714.0 FP=18708.0 CR=10464.0 BC=17394.0 timestamp="2026-02-09 08:43:03"
📤 AWS IoT Sent {'id': 7733, 'bp': 7714.0, 'fp': 18708.0, 'cr': 10464.0, 'bc': 17394.0, 'timestamp': '2026-02-09 08:43:03'}
✅ Uploaded | id=7735 BP=12636.0 FP=17956.0 CR=10751.0 BC=20115.0 timestamp="2026-02-09 08:43:13"
📤 AWS IoT Sent {'id': 7735, 'bp': 12636.0, 'fp': 17956.0, 'cr': 10751.0, 'bc': 20115.0, 'timestamp': '2026-02-09 08:43:13'}
✅ Uploaded | id=7737 BP=18652.0 FP=9332.0 CR=20740.0 BC=7176.0 timestamp="2026-02-09 08:43:23"
📤 AWS IoT Sent {'id': 7737, 'bp': 18652.0, 'fp': 9332.0, 'cr': 20740.0, 'bc': 7176.0, 'timestamp': '2026-02-09 08:43:23'}
✅ Uploaded | id=7739 BP=23264.0 FP=3402.0 CR=22452.0 BC=5951.0 timestamp="2026-02-09 08:43:33"
📤 AWS IoT Sent {'id': 7739, 'bp': 23264.0, 'fp': 3402.0, 'cr': 22452.0, 'bc': 5951.0, 'timestamp': '2026-02-09 08:43:33'}
✅ Uploaded | id=7741 BP=9149.0 FP=21818.0 CR=7593.0 BC=22650.0 timestamp="2026-02-09 08:43:43"
📤 AWS IoT Sent {'id': 7741, 'bp': 9149.0, 'fp': 21818.0, 'cr': 7593.0, 'bc': 22650.0, 'timestamp': '2026-02-09 08:43:43'}
✅ Uploaded | id=7743 BP=2077.0 FP=22704.0 CR=4434.0 BC=22784.0 timestamp="2026-02-09 08:43:53"
📤 AWS IoT Sent {'id': 7743, 'bp': 2077.0, 'fp': 22704.0, 'cr': 4434.0, 'bc': 22784.0, 'timestamp': '2026-02-09 08:43:53'}
✅ Uploaded | id=7745 BP=22724.0 FP=3650.0 CR=22710.0 BC=5832.0 timestamp="2026-02-09 08:44:03"
📤 AWS IoT Sent {'id': 7745, 'bp': 22724.0, 'fp': 3650.0, 'cr': 22710.0, 'bc': 5832.0, 'timestamp': '2026-02-09 08:44:03'}
✅ Uploaded | id=7747 BP=8550.0 FP=22815.0 CR=6796.0 BC=23638.0 timestamp="2026-02-09 08:44:13"
📤 AWS IoT Sent {'id': 7747, 'bp': 8550.0, 'fp': 22815.0, 'cr': 6796.0, 'bc': 23638.0, 'timestamp': '2026-02-09 08:44:13'}
✅ Uploaded | id=7749 BP=11804.0 FP=14536.0 CR=14184.0 BC=13297.0 timestamp="2026-02-09 08:44:23"
📤 AWS IoT Sent {'id': 7749, 'bp': 11804.0, 'fp': 14536.0, 'cr': 14184.0, 'bc': 13297.0, 'timestamp': '2026-02-09 08:44:23'}
✅ Uploaded | id=7751 BP=23868.0 FP=4202.0 CR=24005.0 BC=3249.0 timestamp="2026-02-09 08:44:33"
📤 AWS IoT Sent {'id': 7751, 'bp': 23868.0, 'fp': 4202.0, 'cr': 24005.0, 'bc': 3249.0, 'timestamp': '2026-02-09 08:44:33'}
✅ Uploaded | id=7753 BP=20255.0 FP=2541.0 CR=19764.0 BC=4216.0 timestamp="2026-02-09 08:44:43"
📤 AWS IoT Sent {'id': 7753, 'bp': 20255.0, 'fp': 2541.0, 'cr': 19764.0, 'bc': 4216.0, 'timestamp': '2026-02-09 08:44:43'}
✅ Uploaded | id=7755 BP=18789.0 FP=4930.0 CR=19197.0 BC=3912.0 timestamp="2026-02-09 08:44:54"
📤 AWS IoT Sent {'id': 7755, 'bp': 18789.0, 'fp': 4930.0, 'cr': 19197.0, 'bc': 3912.0, 'timestamp': '2026-02-09 08:44:54'}
✅ Uploaded | id=7757 BP=18946.0 FP=4669.0 CR=18366.0 BC=5453.0 timestamp="2026-02-09 08:45:04"
📤 AWS IoT Sent {'id': 7757, 'bp': 18946.0, 'fp': 4669.0, 'cr': 18366.0, 'bc': 5453.0, 'timestamp': '2026-02-09 08:45:04'}
✅ Uploaded | id=7759 BP=1668.0 FP=19957.0 CR=1963.0 BC=19791.0 timestamp="2026-02-09 08:45:14"
📤 AWS IoT Sent {'id': 7759, 'bp': 1668.0, 'fp': 19957.0, 'cr': 1963.0, 'bc': 19791.0, 'timestamp': '2026-02-09 08:45:14'}
✅ Uploaded | id=7761 BP=5240.0 FP=19245.0 CR=6612.0 BC=17258.0 timestamp="2026-02-09 08:45:24"
📤 AWS IoT Sent {'id': 7761, 'bp': 5240.0, 'fp': 19245.0, 'cr': 6612.0, 'bc': 17258.0, 'timestamp': '2026-02-09 08:45:24'}
✅ Uploaded | id=7763 BP=9482.0 FP=11151.0 CR=12122.0 BC=10141.0 timestamp="2026-02-09 08:45:34"
📤 AWS IoT Sent {'id': 7763, 'bp': 9482.0, 'fp': 11151.0, 'cr': 12122.0, 'bc': 10141.0, 'timestamp': '2026-02-09 08:45:34'}
✅ Uploaded | id=7765 BP=10398.0 FP=19807.0 CR=8848.0 BC=20658.0 timestamp="2026-02-09 08:45:44"
📤 AWS IoT Sent {'id': 7765, 'bp': 10398.0, 'fp': 19807.0, 'cr': 8848.0, 'bc': 20658.0, 'timestamp': '2026-02-09 08:45:44'}
✅ Uploaded | id=7767 BP=10268.0 FP=20532.0 CR=8476.0 BC=21291.0 timestamp="2026-02-09 08:45:54"
📤 AWS IoT Sent {'id': 7767, 'bp': 10268.0, 'fp': 20532.0, 'cr': 8476.0, 'bc': 21291.0, 'timestamp': '2026-02-09 08:45:54'}
✅ Uploaded | id=7768 BP=15074.0 FP=11430.0 CR=17897.0 BC=10359.0 timestamp="2026-02-09 08:45:59"
📤 AWS IoT Sent {'id': 7768, 'bp': 15074.0, 'fp': 11430.0, 'cr': 17897.0, 'bc': 10359.0, 'timestamp': '2026-02-09 08:45:59'}
✅ Uploaded | id=7769 BP=17222.0 FP=12487.0 CR=14501.0 BC=13328.0 timestamp="2026-02-09 08:46:04"
📤 AWS IoT Sent {'id': 7769, 'bp': 17222.0, 'fp': 12487.0, 'cr': 14501.0, 'bc': 13328.0, 'timestamp': '2026-02-09 08:46:04'}
✅ Uploaded | id=7770 BP=9571.0 FP=16095.0 CR=11909.0 BC=13265.0 timestamp="2026-02-09 08:46:09"
📤 AWS IoT Sent {'id': 7770, 'bp': 9571.0, 'fp': 16095.0, 'cr': 11909.0, 'bc': 13265.0, 'timestamp': '2026-02-09 08:46:09'}
✅ Uploaded | id=7771 BP=23077.0 FP=672.0 CR=22702.0 BC=1632.0 timestamp="2026-02-09 08:46:14"
📤 AWS IoT Sent {'id': 7771, 'bp': 23077.0, 'fp': 672.0, 'cr': 22702.0, 'bc': 1632.0, 'timestamp': '2026-02-09 08:46:14'}
✅ Uploaded | id=7772 BP=9899.0 FP=19917.0 CR=8276.0 BC=20816.0 timestamp="2026-02-09 08:46:19"
📤 AWS IoT Sent {'id': 7772, 'bp': 9899.0, 'fp': 19917.0, 'cr': 8276.0, 'bc': 20816.0, 'timestamp': '2026-02-09 08:46:19'}
✅ Uploaded | id=7773 BP=6145.0 FP=19195.0 CR=8568.0 BC=18174.0 timestamp="2026-02-09 08:46:24"
📤 AWS IoT Sent {'id': 7773, 'bp': 6145.0, 'fp': 19195.0, 'cr': 8568.0, 'bc': 18174.0, 'timestamp': '2026-02-09 08:46:24'}
✅ Uploaded | id=7774 BP=23794.0 FP=3241.0 CR=23512.0 BC=2614.0 timestamp="2026-02-09 08:46:30"
📤 AWS IoT Sent {'id': 7774, 'bp': 23794.0, 'fp': 3241.0, 'cr': 23512.0, 'bc': 2614.0, 'timestamp': '2026-02-09 08:46:30'}
✅ Uploaded | id=7775 BP=9931.0 FP=20372.0 CR=8029.0 BC=21480.0 timestamp="2026-02-09 08:46:35"
📤 AWS IoT Sent {'id': 7775, 'bp': 9931.0, 'fp': 20372.0, 'cr': 8029.0, 'bc': 21480.0, 'timestamp': '2026-02-09 08:46:35'}
✅ Uploaded | id=7776 BP=12125.0 FP=13609.0 CR=14397.0 BC=12665.0 timestamp="2026-02-09 08:46:40"
📤 AWS IoT Sent {'id': 7776, 'bp': 12125.0, 'fp': 13609.0, 'cr': 14397.0, 'bc': 12665.0, 'timestamp': '2026-02-09 08:46:40'}
✅ Uploaded | id=7777 BP=22328.0 FP=5455.0 CR=21464.0 BC=6517.0 timestamp="2026-02-09 08:46:45"
📤 AWS IoT Sent {'id': 7777, 'bp': 22328.0, 'fp': 5455.0, 'cr': 21464.0, 'bc': 6517.0, 'timestamp': '2026-02-09 08:46:45'}
✅ Uploaded | id=7778 BP=4063.0 FP=23601.0 CR=2971.0 BC=23846.0 timestamp="2026-02-09 08:46:50"
📤 AWS IoT Sent {'id': 7778, 'bp': 4063.0, 'fp': 23601.0, 'cr': 2971.0, 'bc': 23846.0, 'timestamp': '2026-02-09 08:46:50'}
✅ Uploaded | id=7779 BP=10221.0 FP=15142.0 CR=12598.0 BC=13938.0 timestamp="2026-02-09 08:46:55"
📤 AWS IoT Sent {'id': 7779, 'bp': 10221.0, 'fp': 15142.0, 'cr': 12598.0, 'bc': 13938.0, 'timestamp': '2026-02-09 08:46:55'}
✅ Uploaded | id=7780 BP=22552.0 FP=5044.0 CR=21783.0 BC=5865.0 timestamp="2026-02-09 08:47:00"
📤 AWS IoT Sent {'id': 7780, 'bp': 22552.0, 'fp': 5044.0, 'cr': 21783.0, 'bc': 5865.0, 'timestamp': '2026-02-09 08:47:00'}
✅ Uploaded | id=7781 BP=839.0 FP=22591.0 CR=2835.0 BC=22631.0 timestamp="2026-02-09 08:47:05"
📤 AWS IoT Sent {'id': 7781, 'bp': 839.0, 'fp': 22591.0, 'cr': 2835.0, 'bc': 22631.0, 'timestamp': '2026-02-09 08:47:05'}
✅ Uploaded | id=7782 BP=23624.0 FP=3883.0 CR=23421.0 BC=3019.0 timestamp="2026-02-09 08:47:10"
📤 AWS IoT Sent {'id': 7782, 'bp': 23624.0, 'fp': 3883.0, 'cr': 23421.0, 'bc': 3019.0, 'timestamp': '2026-02-09 08:47:10'}
✅ Uploaded | id=7783 BP=10942.0 FP=17259.0 CR=10438.0 BC=18306.0 timestamp="2026-02-09 08:47:15"
📤 AWS IoT Sent {'id': 7783, 'bp': 10942.0, 'fp': 17259.0, 'cr': 10438.0, 'bc': 18306.0, 'timestamp': '2026-02-09 08:47:15'}
✅ Uploaded | id=7784 BP=4926.0 FP=21389.0 CR=6836.0 BC=20379.0 timestamp="2026-02-09 08:47:20"
📤 AWS IoT Sent {'id': 7784, 'bp': 4926.0, 'fp': 21389.0, 'cr': 6836.0, 'bc': 20379.0, 'timestamp': '2026-02-09 08:47:20'}
✅ Uploaded | id=7785 BP=23339.0 FP=4187.0 CR=23629.0 BC=3489.0 timestamp="2026-02-09 08:47:25"
📤 AWS IoT Sent {'id': 7785, 'bp': 23339.0, 'fp': 4187.0, 'cr': 23629.0, 'bc': 3489.0, 'timestamp': '2026-02-09 08:47:25'}
✅ Uploaded | id=7786 BP=13087.0 FP=16046.0 CR=10729.0 BC=18834.0 timestamp="2026-02-09 08:47:30"
📤 AWS IoT Sent {'id': 7786, 'bp': 13087.0, 'fp': 16046.0, 'cr': 10729.0, 'bc': 18834.0, 'timestamp': '2026-02-09 08:47:30'}
✅ Uploaded | id=7787 BP=14291.0 FP=15332.0 CR=11782.0 BC=16570.0 timestamp="2026-02-09 08:47:35"
📤 AWS IoT Sent {'id': 7787, 'bp': 14291.0, 'fp': 15332.0, 'cr': 11782.0, 'bc': 16570.0, 'timestamp': '2026-02-09 08:47:35'}
✅ Uploaded | id=7788 BP=3111.0 FP=22806.0 CR=5485.0 BC=22174.0 timestamp="2026-02-09 08:47:40"
📤 AWS IoT Sent {'id': 7788, 'bp': 3111.0, 'fp': 22806.0, 'cr': 5485.0, 'bc': 22174.0, 'timestamp': '2026-02-09 08:47:40'}
✅ Uploaded | id=7789 BP=23243.0 FP=4123.0 CR=24047.0 BC=3345.0 timestamp="2026-02-09 08:47:45"
📤 AWS IoT Sent {'id': 7789, 'bp': 23243.0, 'fp': 4123.0, 'cr': 24047.0, 'bc': 3345.0, 'timestamp': '2026-02-09 08:47:45'}
✅ Uploaded | id=7790 BP=13920.0 FP=15910.0 CR=11637.0 BC=17480.0 timestamp="2026-02-09 08:47:50"
📤 AWS IoT Sent {'id': 7790, 'bp': 13920.0, 'fp': 15910.0, 'cr': 11637.0, 'bc': 17480.0, 'timestamp': '2026-02-09 08:47:50'}
✅ Uploaded | id=7791 BP=4487.0 FP=21725.0 CR=6911.0 BC=20333.0 timestamp="2026-02-09 08:47:55"
📤 AWS IoT Sent {'id': 7791, 'bp': 4487.0, 'fp': 21725.0, 'cr': 6911.0, 'bc': 20333.0, 'timestamp': '2026-02-09 08:47:55'}
✅ Uploaded | id=7792 BP=23514.0 FP=930.0 CR=22986.0 BC=679.0 timestamp="2026-02-09 08:48:00"
📤 AWS IoT Sent {'id': 7792, 'bp': 23514.0, 'fp': 930.0, 'cr': 22986.0, 'bc': 679.0, 'timestamp': '2026-02-09 08:48:00'}
✅ Uploaded | id=7793 BP=6990.0 FP=23564.0 CR=5053.0 BC=23768.0 timestamp="2026-02-09 08:48:05"
📤 AWS IoT Sent {'id': 7793, 'bp': 6990.0, 'fp': 23564.0, 'cr': 5053.0, 'bc': 23768.0, 'timestamp': '2026-02-09 08:48:05'}
✅ Uploaded | id=7794 BP=18610.0 FP=9608.0 CR=20127.0 BC=7099.0 timestamp="2026-02-09 08:48:11"
📤 AWS IoT Sent {'id': 7794, 'bp': 18610.0, 'fp': 9608.0, 'cr': 20127.0, 'bc': 7099.0, 'timestamp': '2026-02-09 08:48:11'}
✅ Uploaded | id=7795 BP=17171.0 FP=10051.0 CR=19339.0 BC=9292.0 timestamp="2026-02-09 08:48:16"
📤 AWS IoT Sent {'id': 7795, 'bp': 17171.0, 'fp': 10051.0, 'cr': 19339.0, 'bc': 9292.0, 'timestamp': '2026-02-09 08:48:16'}
✅ Uploaded | id=7796 BP=13254.0 FP=16799.0 CR=11174.0 BC=17928.0 timestamp="2026-02-09 08:48:21"
📤 AWS IoT Sent {'id': 7796, 'bp': 13254.0, 'fp': 16799.0, 'cr': 11174.0, 'bc': 17928.0, 'timestamp': '2026-02-09 08:48:21'}
⚠️ MQTT disconnected, reason: 16
⚠️ MQTT disconnected, reason: 16
✅ Connected to AWS IoT Core
✅ Uploaded | id=7797 BP=12664.0 FP=13819.0 CR=15019.0 BC=12481.0 timestamp="2026-02-09 08:48:26"
📤 AWS IoT Sent {'id': 7797, 'bp': 12664.0, 'fp': 13819.0, 'cr': 15019.0, 'bc': 12481.0, 'timestamp': '2026-02-09 08:48:26'}
✅ Uploaded | id=7807 BP=12491.0 FP=17182.0 CR=10548.0 BC=18255.0 timestamp="2026-02-09 08:49:16"
📤 AWS IoT Sent {'id': 7807, 'bp': 12491.0, 'fp': 17182.0, 'cr': 10548.0, 'bc': 18255.0, 'timestamp': '2026-02-09 08:49:16'}
✅ Uploaded | id=7809 BP=13040.0 FP=15384.0 CR=10510.0 BC=18414.0 timestamp="2026-02-09 08:49:26"
📤 AWS IoT Sent {'id': 7809, 'bp': 13040.0, 'fp': 15384.0, 'cr': 10510.0, 'bc': 18414.0, 'timestamp': '2026-02-09 08:49:26'}
✅ Uploaded | id=7811 BP=9168.0 FP=20641.0 CR=7774.0 BC=21527.0 timestamp="2026-02-09 08:49:36"
📤 AWS IoT Sent {'id': 7811, 'bp': 9168.0, 'fp': 20641.0, 'cr': 7774.0, 'bc': 21527.0, 'timestamp': '2026-02-09 08:49:36'}
✅ Uploaded | id=7813 BP=13385.0 FP=16196.0 CR=11310.0 BC=17366.0 timestamp="2026-02-09 08:49:47"
📤 AWS IoT Sent {'id': 7813, 'bp': 13385.0, 'fp': 16196.0, 'cr': 11310.0, 'bc': 17366.0, 'timestamp': '2026-02-09 08:49:47'}
✅ Uploaded | id=7815 BP=20219.0 FP=9191.0 CR=17726.0 BC=10448.0 timestamp="2026-02-09 08:49:57"
📤 AWS IoT Sent {'id': 7815, 'bp': 20219.0, 'fp': 9191.0, 'cr': 17726.0, 'bc': 10448.0, 'timestamp': '2026-02-09 08:49:57'}
✅ Uploaded | id=7818 BP=5830.0 FP=23569.0 CR=3795.0 BC=24030.0 timestamp="2026-02-09 08:50:12"
📤 AWS IoT Sent {'id': 7818, 'bp': 5830.0, 'fp': 23569.0, 'cr': 3795.0, 'bc': 24030.0, 'timestamp': '2026-02-09 08:50:12'}
✅ Uploaded | id=7821 BP=15871.0 FP=10138.0 CR=18412.0 BC=9265.0 timestamp="2026-02-09 08:50:27"
📤 AWS IoT Sent {'id': 7821, 'bp': 15871.0, 'fp': 10138.0, 'cr': 18412.0, 'bc': 9265.0, 'timestamp': '2026-02-09 08:50:27'}
✅ Uploaded | id=7823 BP=14905.0 FP=10666.0 CR=17530.0 BC=10075.0 timestamp="2026-02-09 08:50:37"
📤 AWS IoT Sent {'id': 7823, 'bp': 14905.0, 'fp': 10666.0, 'cr': 17530.0, 'bc': 10075.0, 'timestamp': '2026-02-09 08:50:37'}
✅ Uploaded | id=7825 BP=17042.0 FP=11887.0 CR=18702.0 BC=10210.0 timestamp="2026-02-09 08:50:47"
📤 AWS IoT Sent {'id': 7825, 'bp': 17042.0, 'fp': 11887.0, 'cr': 18702.0, 'bc': 10210.0, 'timestamp': '2026-02-09 08:50:47'}
✅ Uploaded | id=7827 BP=20655.0 FP=6630.0 CR=22447.0 BC=5261.0 timestamp="2026-02-09 08:50:57"
📤 AWS IoT Sent {'id': 7827, 'bp': 20655.0, 'fp': 6630.0, 'cr': 22447.0, 'bc': 5261.0, 'timestamp': '2026-02-09 08:50:57'}
✅ Uploaded | id=7829 BP=22925.0 FP=1704.0 CR=22749.0 BC=2594.0 timestamp="2026-02-09 08:51:07"
📤 AWS IoT Sent {'id': 7829, 'bp': 22925.0, 'fp': 1704.0, 'cr': 22749.0, 'bc': 2594.0, 'timestamp': '2026-02-09 08:51:07'}
✅ Uploaded | id=7831 BP=16361.0 FP=12606.0 CR=13975.0 BC=13826.0 timestamp="2026-02-09 08:51:17"
📤 AWS IoT Sent {'id': 7831, 'bp': 16361.0, 'fp': 12606.0, 'cr': 13975.0, 'bc': 13826.0, 'timestamp': '2026-02-09 08:51:17'}
✅ Uploaded | id=7833 BP=7157.0 FP=23072.0 CR=4533.0 BC=23286.0 timestamp="2026-02-09 08:51:28"
📤 AWS IoT Sent {'id': 7833, 'bp': 7157.0, 'fp': 23072.0, 'cr': 4533.0, 'bc': 23286.0, 'timestamp': '2026-02-09 08:51:28'}
✅ Uploaded | id=7835 BP=16902.0 FP=9693.0 CR=18873.0 BC=9111.0 timestamp="2026-02-09 08:51:38"
📤 AWS IoT Sent {'id': 7835, 'bp': 16902.0, 'fp': 9693.0, 'cr': 18873.0, 'bc': 9111.0, 'timestamp': '2026-02-09 08:51:38'}
✅ Uploaded | id=7838 BP=1810.0 FP=22271.0 CR=4053.0 BC=22268.0 timestamp="2026-02-09 08:51:53"
📤 AWS IoT Sent {'id': 7838, 'bp': 1810.0, 'fp': 22271.0, 'cr': 4053.0, 'bc': 22268.0, 'timestamp': '2026-02-09 08:51:53'}
✅ Uploaded | id=7841 BP=16231.0 FP=10604.0 CR=15530.0 BC=12039.0 timestamp="2026-02-09 08:52:08"
📤 AWS IoT Sent {'id': 7841, 'bp': 16231.0, 'fp': 10604.0, 'cr': 15530.0, 'bc': 12039.0, 'timestamp': '2026-02-09 08:52:08'}
✅ Uploaded | id=7844 BP=9991.0 FP=14785.0 CR=12319.0 BC=13837.0 timestamp="2026-02-09 08:52:23"
📤 AWS IoT Sent {'id': 7844, 'bp': 9991.0, 'fp': 14785.0, 'cr': 12319.0, 'bc': 13837.0, 'timestamp': '2026-02-09 08:52:23'}
✅ Uploaded | id=7847 BP=14128.0 FP=15087.0 CR=11844.0 BC=16208.0 timestamp="2026-02-09 08:52:38"
📤 AWS IoT Sent {'id': 7847, 'bp': 14128.0, 'fp': 15087.0, 'cr': 11844.0, 'bc': 16208.0, 'timestamp': '2026-02-09 08:52:38'}
✅ Uploaded | id=7850 BP=22174.0 FP=5495.0 CR=19803.0 BC=8497.0 timestamp="2026-02-09 08:52:53"
📤 AWS IoT Sent {'id': 7850, 'bp': 22174.0, 'fp': 5495.0, 'cr': 19803.0, 'bc': 8497.0, 'timestamp': '2026-02-09 08:52:53'}
✅ Uploaded | id=7853 BP=19816.0 FP=9312.0 CR=17113.0 BC=10547.0 timestamp="2026-02-09 08:53:09"
📤 AWS IoT Sent {'id': 7853, 'bp': 19816.0, 'fp': 9312.0, 'cr': 17113.0, 'bc': 10547.0, 'timestamp': '2026-02-09 08:53:09'}
✅ Uploaded | id=7856 BP=12237.0 FP=17218.0 CR=10507.0 BC=18191.0 timestamp="2026-02-09 08:53:24"
📤 AWS IoT Sent {'id': 7856, 'bp': 12237.0, 'fp': 17218.0, 'cr': 10507.0, 'bc': 18191.0, 'timestamp': '2026-02-09 08:53:24'}
✅ Uploaded | id=7858 BP=10584.0 FP=15325.0 CR=12535.0 BC=13329.0 timestamp="2026-02-09 08:53:34"
📤 AWS IoT Sent {'id': 7858, 'bp': 10584.0, 'fp': 15325.0, 'cr': 12535.0, 'bc': 13329.0, 'timestamp': '2026-02-09 08:53:34'}
✅ Uploaded | id=7860 BP=869.0 FP=23025.0 CR=2351.0 BC=22727.0 timestamp="2026-02-09 08:53:44"
📤 AWS IoT Sent {'id': 7860, 'bp': 869.0, 'fp': 23025.0, 'cr': 2351.0, 'bc': 22727.0, 'timestamp': '2026-02-09 08:53:44'}
✅ Uploaded | id=7862 BP=21443.0 FP=5687.0 CR=22059.0 BC=6650.0 timestamp="2026-02-09 08:53:54"
📤 AWS IoT Sent {'id': 7862, 'bp': 21443.0, 'fp': 5687.0, 'cr': 22059.0, 'bc': 6650.0, 'timestamp': '2026-02-09 08:53:54'}
✅ Uploaded | id=7864 BP=1352.0 FP=23778.0 CR=2132.0 BC=23378.0 timestamp="2026-02-09 08:54:04"
📤 AWS IoT Sent {'id': 7864, 'bp': 1352.0, 'fp': 23778.0, 'cr': 2132.0, 'bc': 23378.0, 'timestamp': '2026-02-09 08:54:04'}
✅ Uploaded | id=7866 BP=3532.0 FP=22844.0 CR=5629.0 BC=20587.0 timestamp="2026-02-09 08:54:14"
📤 AWS IoT Sent {'id': 7866, 'bp': 3532.0, 'fp': 22844.0, 'cr': 5629.0, 'bc': 20587.0, 'timestamp': '2026-02-09 08:54:14'}
✅ Uploaded | id=7868 BP=1562.0 FP=23287.0 CR=3770.0 BC=22628.0 timestamp="2026-02-09 08:54:24"
📤 AWS IoT Sent {'id': 7868, 'bp': 1562.0, 'fp': 23287.0, 'cr': 3770.0, 'bc': 22628.0, 'timestamp': '2026-02-09 08:54:24'}
✅ Uploaded | id=7870 BP=9028.0 FP=16980.0 CR=11801.0 BC=14339.0 timestamp="2026-02-09 08:54:34"
📤 AWS IoT Sent {'id': 7870, 'bp': 9028.0, 'fp': 16980.0, 'cr': 11801.0, 'bc': 14339.0, 'timestamp': '2026-02-09 08:54:34'}
✅ Uploaded | id=7872 BP=24364.0 FP=1332.0 CR=23801.0 BC=1842.0 timestamp="2026-02-09 08:54:44"
📤 AWS IoT Sent {'id': 7872, 'bp': 24364.0, 'fp': 1332.0, 'cr': 23801.0, 'bc': 1842.0, 'timestamp': '2026-02-09 08:54:44'}
✅ Uploaded | id=7874 BP=10968.0 FP=18848.0 CR=9072.0 BC=21740.0 timestamp="2026-02-09 08:54:55"
📤 AWS IoT Sent {'id': 7874, 'bp': 10968.0, 'fp': 18848.0, 'cr': 9072.0, 'bc': 21740.0, 'timestamp': '2026-02-09 08:54:55'}
✅ Uploaded | id=7876 BP=9974.0 FP=20851.0 CR=8106.0 BC=22077.0 timestamp="2026-02-09 08:55:05"/home/pi_123/data/src/pressure_project/system_upload.py:78: DeprecationWarning: Callback API version 1 is deprecated, update to latest version
  client = mqtt.Client(client_id=CLIENT_ID, protocol=mqtt.MQTTv311)
=== DEBUG START ===
DB exists: True
CA exists: True
CERT exists: True
KEY exists: True
=== DEBUG END ===
❌ MQTT connect failed: [Errno 104] Connection reset by peer
❌ MQTT connect failed: [Errno 104] Connection reset by peer
❌ MQTT connect failed: [Errno 104] Connection reset by peer
❌ MQTT connect failed: [Errno 104] Connection reset by peer
❌ MQTT connect failed: [Errno 104] Connection reset by peer
❌ MQTT connect failed: [Errno 104] Connection reset by peer
❌ MQTT connect failed: [Errno 104] Connection reset by peer
❌ MQTT connect failed: [Errno 104] Connection reset by peer
❌ MQTT connect failed: [Errno 104] Connection reset by peer
❌ MQTT connect failed: [Errno 104] Connection reset by peer
❌ MQTT connect failed: [Errno 104] Connection reset by peer
❌ MQTT connect failed: [Errno 104] Connection reset by peer
❌ MQTT connect failed: [Errno 104] Connection reset by peer
❌ MQTT connect failed: [Errno 101] Network is unreachable
❌ MQTT connect failed: [Errno 104] Connection reset by peer
❌ MQTT connect failed: [Errno 104] Connection reset by peer
❌ MQTT connect failed: [Errno 104] Connection reset by peer
❌ MQTT connect failed: [Errno 104] Connection reset by peer
❌ MQTT connect failed: [Errno 104] Connection reset by peer
❌ MQTT connect failed: [Errno 104] Connection reset by peer
❌ MQTT connect failed: [Errno 104] Connection reset by peer
❌ MQTT connect failed: [Errno 104] Connection reset by peer
❌ MQTT connect failed: [Errno 104] Connection reset by peer
❌ MQTT connect failed: [Errno 104] Connection reset by peer
❌ MQTT connect failed: [Errno 104] Connection reset by peer
❌ MQTT connect failed: [Errno 104] Connection reset by peer
❌ MQTT connect failed: [Errno 104] Connection reset by peer
❌ MQTT connect failed: [Errno 104] Connection reset by peer
❌ MQTT connect failed: [Errno 104] Connection reset by peer
❌ MQTT connect failed: [Errno 104] Connection reset by peer
❌ MQTT connect failed: [Errno 104] Connection reset by peer
❌ MQTT connect failed: [Errno 104] Connection reset by peer
❌ MQTT connect failed: [Errno 104] Connection reset by peer
❌ MQTT connect failed: [Errno 104] Connection reset by peer
❌ MQTT connect failed: [Errno 104] Connection reset by peer
❌ MQTT connect failed: [Errno 104] Connection reset by peer
❌ MQTT connect failed: [Errno 104] Connection reset by peer
❌ MQTT connect failed: [Errno 104] Connection reset by peer
❌ MQTT connect failed: [Errno 104] Connection reset by peer
❌ MQTT connect failed: [Errno 104] Connection reset by peer
❌ MQTT connect failed: [Errno 104] Connection reset by peer
❌ MQTT connect failed: [Errno 104] Connection reset by peer
❌ MQTT connect failed: [Errno 104] Connection reset by peer
❌ MQTT connect failed: [Errno 104] Connection reset by peer
❌ MQTT connect failed: [Errno 104] Connection reset by peer
❌ MQTT connect failed: [Errno 104] Connection reset by peer
❌ MQTT connect failed: [Errno 104] Connection reset by peer
❌ MQTT connect failed: [Errno 104] Connection reset by peer
❌ MQTT connect failed: [Errno 104] Connection reset by peer
❌ MQTT connect failed: [Errno 104] Connection reset by peer
❌ MQTT connect failed: [Errno 104] Connection reset by peer
❌ MQTT connect failed: [Errno 104] Connection reset by peer
❌ MQTT connect failed: [Errno 104] Connection reset by peer
❌ MQTT connect failed: [Errno 104] Connection reset by peer
❌ MQTT connect failed: [Errno 104] Connection reset by peer
❌ MQTT connect failed: [Errno 104] Connection reset by peer
❌ MQTT connect failed: [Errno 104] Connection reset by peer
❌ MQTT connect failed: [Errno 104] Connection reset by peer
❌ MQTT connect failed: [Errno 104] Connection reset by peer
❌ MQTT connect failed: [Errno 104] Connection reset by peer
❌ MQTT connect failed: [Errno 104] Connection reset by peer
❌ MQTT connect failed: [Errno 104] Connection reset by peer
❌ MQTT connect failed: [Errno 104] Connection reset by peer
❌ MQTT connect failed: [Errno 104] Connection reset by peer
❌ MQTT connect failed: [Errno 104] Connection reset by peer
❌ MQTT connect failed: [Errno 104] Connection reset by peer
❌ MQTT connect failed: [Errno 104] Connection reset by peer
❌ MQTT connect failed: [Errno 104] Connection reset by peer
❌ MQTT connect failed: [Errno 104] Connection reset by peer
❌ MQTT connect failed: [Errno 104] Connection reset by peer
❌ MQTT connect failed: [Errno 104] Connection reset by peer
❌ MQTT connect failed: [Errno 104] Connection reset by peer
❌ MQTT connect failed: [Errno 104] Connection reset by peer
❌ MQTT connect failed: [Errno 104] Connection reset by peer
❌ MQTT connect failed: [Errno 104] Connection reset by peer
❌ MQTT connect failed: [Errno 104] Connection reset by peer
❌ MQTT connect failed: [Errno 104] Connection reset by peer
❌ MQTT connect failed: [Errno 104] Connection reset by peer
❌ MQTT connect failed: [Errno 104] Connection reset by peer
❌ MQTT connect failed: [Errno 104] Connection reset by peer
❌ MQTT connect failed: [Errno 104] Connection reset by peer
❌ MQTT connect failed: [Errno 104] Connection reset by peer
❌ MQTT connect failed: [Errno 104] Connection reset by peer
❌ MQTT connect failed: [Errno 104] Connection reset by peer
❌ MQTT connect failed: [Errno 104] Connection reset by peer
❌ MQTT connect failed: [Errno 104] Connection reset by peer
❌ MQTT connect failed: [Errno 104] Connection reset by peer
❌ MQTT connect failed: [Errno 104] Connection reset by peer
❌ MQTT connect failed: [Errno 104] Connection reset by peer
❌ MQTT connect failed: [Errno 104] Connection reset by peer
❌ MQTT connect failed: [Errno 104] Connection reset by peer
❌ MQTT connect failed: [Errno 104] Connection reset by peer
❌ MQTT connect failed: [Errno 104] Connection reset by peer
❌ MQTT connect failed: [Errno 104] Connection reset by peer
❌ MQTT connect failed: [Errno 104] Connection reset by peer
❌ MQTT connect failed: [Errno 104] Connection reset by peer
❌ MQTT connect failed: [Errno 104] Connection reset by peer
❌ MQTT connect failed: [Errno 104] Connection reset by peer
❌ MQTT connect failed: [Errno 104] Connection reset by peer
❌ MQTT connect failed: [Errno 104] Connection reset by peer
❌ MQTT connect failed: [Errno 104] Connection reset by peer
✅ Connected to AWS IoT Core
⚠️ MQTT disconnected, reason: 7
✅ Connected to AWS IoT Core
⚠️ MQTT disconnected, reason: 7
✅ Connected to AWS IoT Core
⚠️ MQTT disconnected, reason: 7
✅ Connected to AWS IoT Core
✅ Connected to AWS IoT Core
⚠️ MQTT disconnected, reason: 7
✅ Connected to AWS IoT Core
✅ Uploaded | id=8183 BP=10670.0 FP=20130.0 CR=9088.0 BC=21208.0 timestamp="2026-02-09 09:21:25"
📤 AWS IoT Sent {'id': 8183, 'bp': 10670.0, 'fp': 20130.0, 'cr': 9088.0, 'bc': 21208.0, 'timestamp': '2026-02-09 09:21:25'}
⚠️ MQTT disconnected, reason: 7
⚠️ Not connected to MQTT, retrying...
✅ Connected to AWS IoT Core
⚠️ MQTT disconnected, reason: 7
⚠️ Not connected to MQTT, retrying...
✅ Connected to AWS IoT Core
⚠️ MQTT disconnected, reason: 7
✅ Connected to AWS IoT Core
⚠️ MQTT disconnected, reason: 7
✅ Connected to AWS IoT Core
⚠️ MQTT disconnected, reason: 7
✅ Connected to AWS IoT Core
⚠️ MQTT disconnected, reason: 7
✅ Connected to AWS IoT Core
⚠️ MQTT disconnected, reason: 7
⚠️ Not connected to MQTT, retrying...
✅ Connected to AWS IoT Core
⚠️ MQTT disconnected, reason: 7
⚠️ Not connected to MQTT, retrying...
⚠️ MQTT disconnected, reason: 7
✅ Connected to AWS IoT Core
⚠️ MQTT disconnected, reason: 7
✅ Connected to AWS IoT Core
⚠️ MQTT disconnected, reason: 7
✅ Connected to AWS IoT Core
⚠️ MQTT disconnected, reason: 7
✅ Connected to AWS IoT Core
⚠️ MQTT disconnected, reason: 7
✅ Connected to AWS IoT Core
⚠️ MQTT disconnected, reason: 7
⚠️ Not connected to MQTT, retrying...
✅ Connected to AWS IoT Core
⚠️ MQTT disconnected, reason: 7
✅ Connected to AWS IoT Core
⚠️ MQTT disconnected, reason: 7
✅ Connected to AWS IoT Core
⚠️ MQTT disconnected, reason: 7
⚠️ Not connected to MQTT, retrying...
✅ Connected to AWS IoT Core
⚠️ MQTT disconnected, reason: 7
✅ Connected to AWS IoT Core
⚠️ MQTT disconnected, reason: 7
⚠️ Not connected to MQTT, retrying...
✅ Connected to AWS IoT Core
✅ Connected to AWS IoT Core
⚠️ MQTT disconnected, reason: 7
✅ Connected to AWS IoT Core
⚠️ MQTT disconnected, reason: 7
⚠️ Not connected to MQTT, retrying...
✅ Connected to AWS IoT Core
⚠️ MQTT disconnected, reason: 7
⚠️ Not connected to MQTT, retrying...
✅ Connected to AWS IoT Core
⚠️ MQTT disconnected, reason: 7
⚠️ Not connected to MQTT, retrying...
✅ Connected to AWS IoT Core
⚠️ MQTT disconnected, reason: 7
✅ Connected to AWS IoT Core
⚠️ MQTT disconnected, reason: 7
⚠️ Not connected to MQTT, retrying...
✅ Connected to AWS IoT Core
⚠️ MQTT disconnected, reason: 7
⚠️ Not connected to MQTT, retrying...
✅ Connected to AWS IoT Core
⚠️ MQTT disconnected, reason: 7
⚠️ Not connected to MQTT, retrying...
✅ Connected to AWS IoT Core
⚠️ MQTT disconnected, reason: 7
⚠️ Not connected to MQTT, retrying...
✅ Connected to AWS IoT Core
⚠️ MQTT disconnected, reason: 7
⚠️ Not connected to MQTT, retrying...
✅ Connected to AWS IoT Core
✅ Uploaded | id=8207 BP=9484.0 FP=16924.0 CR=12182.0 BC=15858.0 timestamp="2026-02-09 09:23:26"
📤 AWS IoT Sent {'id': 8207, 'bp': 9484.0, 'fp': 16924.0, 'cr': 12182.0, 'bc': 15858.0, 'timestamp': '2026-02-09 09:23:26'}
✅ Uploaded | id=8208 BP=9503.0 FP=21691.0 CR=7788.0 BC=22458.0 timestamp="2026-02-09 09:23:31"
📤 AWS IoT Sent {'id': 8208, 'bp': 9503.0, 'fp': 21691.0, 'cr': 7788.0, 'bc': 22458.0, 'timestamp': '2026-02-09 09:23:31'}
✅ Uploaded | id=8209 BP=23987.0 FP=792.0 CR=23799.0 BC=1274.0 timestamp="2026-02-09 09:23:36"
📤 AWS IoT Sent {'id': 8209, 'bp': 23987.0, 'fp': 792.0, 'cr': 23799.0, 'bc': 1274.0, 'timestamp': '2026-02-09 09:23:36'}
✅ Uploaded | id=8210 BP=15131.0 FP=11970.0 CR=17896.0 BC=9849.0 timestamp="2026-02-09 09:23:42"
📤 AWS IoT Sent {'id': 8210, 'bp': 15131.0, 'fp': 11970.0, 'cr': 17896.0, 'bc': 9849.0, 'timestamp': '2026-02-09 09:23:42'}
✅ Uploaded | id=8211 BP=6210.0 FP=24275.0 CR=4099.0 BC=24255.0 timestamp="2026-02-09 09:23:47"
📤 AWS IoT Sent {'id': 8211, 'bp': 6210.0, 'fp': 24275.0, 'cr': 4099.0, 'bc': 24255.0, 'timestamp': '2026-02-09 09:23:47'}
⚠️ MQTT disconnected, reason: 7
⚠️ Not connected to MQTT, retrying...
✅ Connected to AWS IoT Core
⚠️ MQTT disconnected, reason: 7
✅ Connected to AWS IoT Core
⚠️ MQTT disconnected, reason: 7
⚠️ Not connected to MQTT, retrying...
✅ Connected to AWS IoT Core
⚠️ MQTT disconnected, reason: 7
⚠️ Not connected to MQTT, retrying...
✅ Connected to AWS IoT Core
⚠️ MQTT disconnected, reason: 7
⚠️ Not connected to MQTT, retrying...
✅ Connected to AWS IoT Core
⚠️ MQTT disconnected, reason: 7
⚠️ Not connected to MQTT, retrying...
✅ Connected to AWS IoT Core
⚠️ MQTT disconnected, reason: 7
⚠️ Not connected to MQTT, retrying...
✅ Connected to AWS IoT Core
⚠️ MQTT disconnected, reason: 7
⚠️ Not connected to MQTT, retrying...
✅ Connected to AWS IoT Core
⚠️ MQTT disconnected, reason: 7
⚠️ Not connected to MQTT, retrying...
✅ Connected to AWS IoT Core
⚠️ MQTT disconnected, reason: 7
✅ Connected to AWS IoT Core
✅ Connected to AWS IoT Core
⚠️ MQTT disconnected, reason: 7
✅ Connected to AWS IoT Core
⚠️ MQTT disconnected, reason: 7
✅ Connected to AWS IoT Core
⚠️ MQTT disconnected, reason: 7
✅ Connected to AWS IoT Core
⚠️ MQTT disconnected, reason: 7
✅ Connected to AWS IoT Core
⚠️ MQTT disconnected, reason: 7
✅ Connected to AWS IoT Core
⚠️ MQTT disconnected, reason: 7
✅ Connected to AWS IoT Core
⚠️ MQTT disconnected, reason: 7
⚠️ Not connected to MQTT, retrying...
✅ Connected to AWS IoT Core
⚠️ MQTT disconnected, reason: 7
✅ Connected to AWS IoT Core
⚠️ MQTT disconnected, reason: 7
⚠️ Not connected to MQTT, retrying...
✅ Connected to AWS IoT Core
⚠️ MQTT disconnected, reason: 7
⚠️ Not connected to MQTT, retrying...
✅ Connected to AWS IoT Core
⚠️ MQTT disconnected, reason: 7
⚠️ Not connected to MQTT, retrying...
✅ Connected to AWS IoT Core
⚠️ MQTT disconnected, reason: 7
✅ Connected to AWS IoT Core
⚠️ MQTT disconnected, reason: 7
✅ Connected to AWS IoT Core
✅ Connected to AWS IoT Core
⚠️ MQTT disconnected, reason: 7
✅ Connected to AWS IoT Core
✅ Connected to AWS IoT Core
✅ Uploaded | id=8264 BP=23758.0 FP=1057.0 CR=23496.0 BC=1212.0 timestamp="2026-02-09 09:28:14"
📤 AWS IoT Sent {'id': 8264, 'bp': 23758.0, 'fp': 1057.0, 'cr': 23496.0, 'bc': 1212.0, 'timestamp': '2026-02-09 09:28:14'}
✅ Uploaded | id=8265 BP=8840.0 FP=17284.0 CR=12248.0 BC=15600.0 timestamp="2026-02-09 09:28:19"
📤 AWS IoT Sent {'id': 8265, 'bp': 8840.0, 'fp': 17284.0, 'cr': 12248.0, 'bc': 15600.0, 'timestamp': '2026-02-09 09:28:19'}
✅ Uploaded | id=8266 BP=8553.0 FP=21332.0 CR=7110.0 BC=23618.0 timestamp="2026-02-09 09:28:24"
📤 AWS IoT Sent {'id': 8266, 'bp': 8553.0, 'fp': 21332.0, 'cr': 7110.0, 'bc': 23618.0, 'timestamp': '2026-02-09 09:28:24'}
⚠️ MQTT disconnected, reason: 7
⚠️ Not connected to MQTT, retrying...
✅ Connected to AWS IoT Core
⚠️ MQTT disconnected, reason: 7
✅ Connected to AWS IoT Core
⚠️ MQTT disconnected, reason: 7
✅ Connected to AWS IoT Core
⚠️ MQTT disconnected, reason: 7
✅ Connected to AWS IoT Core
⚠️ MQTT disconnected, reason: 7
✅ Connected to AWS IoT Core
⚠️ MQTT disconnected, reason: 7
⚠️ Not connected to MQTT, retrying...
✅ Connected to AWS IoT Core
⚠️ MQTT disconnected, reason: 7
⚠️ Not connected to MQTT, retrying...
✅ Connected to AWS IoT Core
⚠️ MQTT disconnected, reason: 7
✅ Connected to AWS IoT Core
✅ Uploaded | id=8274 BP=21209.0 FP=7841.0 CR=21989.0 BC=7092.0 timestamp="2026-02-09 09:29:05"
📤 AWS IoT Sent {'id': 8274, 'bp': 21209.0, 'fp': 7841.0, 'cr': 21989.0, 'bc': 7092.0, 'timestamp': '2026-02-09 09:29:05'}
✅ Uploaded | id=8278 BP=11499.0 FP=14366.0 CR=13812.0 BC=13327.0 timestamp="2026-02-09 09:29:25"
📤 AWS IoT Sent {'id': 8278, 'bp': 11499.0, 'fp': 14366.0, 'cr': 13812.0, 'bc': 13327.0, 'timestamp': '2026-02-09 09:29:25'}
✅ Uploaded | id=8279 BP=7127.0 FP=23596.0 CR=4823.0 BC=23942.0 timestamp="2026-02-09 09:29:30"
📤 AWS IoT Sent {'id': 8279, 'bp': 7127.0, 'fp': 23596.0, 'cr': 4823.0, 'bc': 23942.0, 'timestamp': '2026-02-09 09:29:30'}
⚠️ MQTT disconnected, reason: 7
⚠️ Not connected to MQTT, retrying...
✅ Connected to AWS IoT Core
⚠️ MQTT disconnected, reason: 7
✅ Connected to AWS IoT Core
⚠️ MQTT disconnected, reason: 7
⚠️ Not connected to MQTT, retrying...
✅ Connected to AWS IoT Core
⚠️ MQTT disconnected, reason: 7
⚠️ Not connected to MQTT, retrying...
✅ Connected to AWS IoT Core
⚠️ MQTT disconnected, reason: 7
⚠️ Not connected to MQTT, retrying...
✅ Connected to AWS IoT Core
✅ Uploaded | id=8285 BP=6075.0 FP=20373.0 CR=8435.0 BC=19136.0 timestamp="2026-02-09 09:30:00"
📤 AWS IoT Sent {'id': 8285, 'bp': 6075.0, 'fp': 20373.0, 'cr': 8435.0, 'bc': 19136.0, 'timestamp': '2026-02-09 09:30:00'}
✅ Uploaded | id=8286 BP=21000.0 FP=8790.0 CR=18390.0 BC=9939.0 timestamp="2026-02-09 09:30:05"
📤 AWS IoT Sent {'id': 8286, 'bp': 21000.0, 'fp': 8790.0, 'cr': 18390.0, 'bc': 9939.0, 'timestamp': '2026-02-09 09:30:05'}
✅ Uploaded | id=8287 BP=4067.0 FP=22149.0 CR=6237.0 BC=20944.0 timestamp="2026-02-09 09:30:10"
📤 AWS IoT Sent {'id': 8287, 'bp': 4067.0, 'fp': 22149.0, 'cr': 6237.0, 'bc': 20944.0, 'timestamp': '2026-02-09 09:30:10'}
✅ Uploaded | id=8288 BP=23688.0 FP=890.0 CR=23546.0 BC=1255.0 timestamp="2026-02-09 09:30:15"
📤 AWS IoT Sent {'id': 8288, 'bp': 23688.0, 'fp': 890.0, 'cr': 23546.0, 'bc': 1255.0, 'timestamp': '2026-02-09 09:30:15'}
✅ Uploaded | id=8289 BP=8684.0 FP=22003.0 CR=6837.0 BC=22756.0 timestamp="2026-02-09 09:30:20"
📤 AWS IoT Sent {'id': 8289, 'bp': 8684.0, 'fp': 22003.0, 'cr': 6837.0, 'bc': 22756.0, 'timestamp': '2026-02-09 09:30:20'}
✅ Uploaded | id=8290 BP=15201.0 FP=13378.0 CR=16000.0 BC=14954.0 timestamp="2026-02-09 09:30:25"
📤 AWS IoT Sent {'id': 8290, 'bp': 15201.0, 'fp': 13378.0, 'cr': 16000.0, 'bc': 14954.0, 'timestamp': '2026-02-09 09:30:25'}
✅ Uploaded | id=8291 BP=18015.0 FP=11871.0 CR=15508.0 BC=12694.0 timestamp="2026-02-09 09:30:31"
📤 AWS IoT Sent {'id': 8291, 'bp': 18015.0, 'fp': 11871.0, 'cr': 15508.0, 'bc': 12694.0, 'timestamp': '2026-02-09 09:30:31'}
✅ Uploaded | id=8292 BP=1948.0 FP=22864.0 CR=4038.0 BC=22891.0 timestamp="2026-02-09 09:30:36"
📤 AWS IoT Sent {'id': 8292, 'bp': 1948.0, 'fp': 22864.0, 'cr': 4038.0, 'bc': 22891.0, 'timestamp': '2026-02-09 09:30:36'}
✅ Uploaded | id=8293 BP=20801.0 FP=7208.0 CR=22408.0 BC=6425.0 timestamp="2026-02-09 09:30:41"
📤 AWS IoT Sent {'id': 8293, 'bp': 20801.0, 'fp': 7208.0, 'cr': 22408.0, 'bc': 6425.0, 'timestamp': '2026-02-09 09:30:41'}
⚠️ MQTT disconnected, reason: 7
⚠️ Not connected to MQTT, retrying...
✅ Connected to AWS IoT Core
⚠️ MQTT disconnected, reason: 7
⚠️ Not connected to MQTT, retrying...
✅ Connected to AWS IoT Core
⚠️ MQTT disconnected, reason: 7
⚠️ Not connected to MQTT, retrying...
✅ Connected to AWS IoT Core
⚠️ MQTT disconnected, reason: 7
⚠️ Not connected to MQTT, retrying...
✅ Connected to AWS IoT Core
⚠️ MQTT disconnected, reason: 7
⚠️ Not connected to MQTT, retrying...
✅ Connected to AWS IoT Core
⚠️ MQTT disconnected, reason: 7
⚠️ Not connected to MQTT, retrying...
✅ Connected to AWS IoT Core
✅ Connected to AWS IoT Core
⚠️ MQTT disconnected, reason: 7
✅ Connected to AWS IoT Core
⚠️ MQTT disconnected, reason: 7
⚠️ Not connected to MQTT, retrying...
✅ Connected to AWS IoT Core
✅ Uploaded | id=8298 BP=11665.0 FP=17835.0 CR=10854.0 BC=18238.0 timestamp="2026-02-09 09:31:06"
📤 AWS IoT Sent {'id': 8298, 'bp': 11665.0, 'fp': 17835.0, 'cr': 10854.0, 'bc': 18238.0, 'timestamp': '2026-02-09 09:31:06'}
⚠️ MQTT disconnected, reason: 7
⚠️ Not connected to MQTT, retrying...
✅ Connected to AWS IoT Core
⚠️ MQTT disconnected, reason: 7
✅ Connected to AWS IoT Core
✅ Uploaded | id=8302 BP=4253.0 FP=23628.0 CR=2107.0 BC=23334.0 timestamp="2026-02-09 09:31:26"
📤 AWS IoT Sent {'id': 8302, 'bp': 4253.0, 'fp': 23628.0, 'cr': 2107.0, 'bc': 23334.0, 'timestamp': '2026-02-09 09:31:26'}
✅ Uploaded | id=8303 BP=11988.0 FP=14329.0 CR=14175.0 BC=13346.0 timestamp="2026-02-09 09:31:31"
📤 AWS IoT Sent {'id': 8303, 'bp': 11988.0, 'fp': 14329.0, 'cr': 14175.0, 'bc': 13346.0, 'timestamp': '2026-02-09 09:31:31'}
✅ Uploaded | id=8304 BP=24051.0 FP=2833.0 CR=23524.0 BC=954.0 timestamp="2026-02-09 09:31:36"
📤 AWS IoT Sent {'id': 8304, 'bp': 24051.0, 'fp': 2833.0, 'cr': 23524.0, 'bc': 954.0, 'timestamp': '2026-02-09 09:31:36'}
⚠️ MQTT disconnected, reason: 7
⚠️ Not connected to MQTT, retrying...
✅ Connected to AWS IoT Core
⚠️ MQTT disconnected, reason: 7
⚠️ Not connected to MQTT, retrying...
✅ Connected to AWS IoT Core
⚠️ MQTT disconnected, reason: 7
⚠️ Not connected to MQTT, retrying...
✅ Connected to AWS IoT Core
⚠️ MQTT disconnected, reason: 7
⚠️ Not connected to MQTT, retrying...
✅ Connected to AWS IoT Core
⚠️ MQTT disconnected, reason: 7
✅ Connected to AWS IoT Core
⚠️ MQTT disconnected, reason: 7
⚠️ Not connected to MQTT, retrying...
✅ Connected to AWS IoT Core
⚠️ MQTT disconnected, reason: 7
⚠️ Not connected to MQTT, retrying...
✅ Connected to AWS IoT Core
⚠️ MQTT disconnected, reason: 7
⚠️ Not connected to MQTT, retrying...
✅ Connected to AWS IoT Core
⚠️ MQTT disconnected, reason: 7
⚠️ Not connected to MQTT, retrying...
✅ Connected to AWS IoT Core
⚠️ MQTT disconnected, reason: 7
⚠️ Not connected to MQTT, retrying...
✅ Connected to AWS IoT Core
⚠️ MQTT disconnected, reason: 7
⚠️ Not connected to MQTT, retrying...
✅ Connected to AWS IoT Core
⚠️ MQTT disconnected, reason: 7
⚠️ Not connected to MQTT, retrying...
✅ Connected to AWS IoT Core
⚠️ MQTT disconnected, reason: 7
⚠️ Not connected to MQTT, retrying...
✅ Connected to AWS IoT Core
⚠️ MQTT disconnected, reason: 7
✅ Connected to AWS IoT Core
⚠️ MQTT disconnected, reason: 7
⚠️ Not connected to MQTT, retrying...
✅ Connected to AWS IoT Core
⚠️ MQTT disconnected, reason: 7
⚠️ Not connected to MQTT, retrying...
✅ Connected to AWS IoT Core
⚠️ MQTT disconnected, reason: 7
⚠️ Not connected to MQTT, retrying...
✅ Connected to AWS IoT Core
⚠️ MQTT disconnected, reason: 7
⚠️ Not connected to MQTT, retrying...
✅ Connected to AWS IoT Core
⚠️ MQTT disconnected, reason: 7
⚠️ Not connected to MQTT, retrying...
✅ Connected to AWS IoT Core
⚠️ MQTT disconnected, reason: 7
⚠️ Not connected to MQTT, retrying...
✅ Connected to AWS IoT Core
⚠️ MQTT disconnected, reason: 7
⚠️ Not connected to MQTT, retrying...
✅ Connected to AWS IoT Core
⚠️ MQTT disconnected, reason: 7
⚠️ Not connected to MQTT, retrying...
❌ MQTT connect failed: [Errno -3] Temporary failure in name resolution
❌ MQTT connect failed: [Errno -3] Temporary failure in name resolution
✅ Connected to AWS IoT Core
⚠️ MQTT disconnected, reason: 7
⚠️ Not connected to MQTT, retrying...
✅ Connected to AWS IoT Core
✅ Uploaded | id=8332 BP=17526.0 FP=12227.0 CR=14968.0 BC=13336.0 timestamp="2026-02-09 09:33:58"
📤 AWS IoT Sent {'id': 8332, 'bp': 17526.0, 'fp': 12227.0, 'cr': 14968.0, 'bc': 13336.0, 'timestamp': '2026-02-09 09:33:58'}
✅ Uploaded | id=8333 BP=4406.0 FP=21957.0 CR=6613.0 BC=20752.0 timestamp="2026-02-09 09:34:03"
📤 AWS IoT Sent {'id': 8333, 'bp': 4406.0, 'fp': 21957.0, 'cr': 6613.0, 'bc': 20752.0, 'timestamp': '2026-02-09 09:34:03'}
✅ Uploaded | id=8334 BP=23241.0 FP=1308.0 CR=23300.0 BC=2096.0 timestamp="2026-02-09 09:34:08"
📤 AWS IoT Sent {'id': 8334, 'bp': 23241.0, 'fp': 1308.0, 'cr': 23300.0, 'bc': 2096.0, 'timestamp': '2026-02-09 09:34:08'}
✅ Uploaded | id=8335 BP=5033.0 FP=23729.0 CR=3285.0 BC=23575.0 timestamp="2026-02-09 09:34:13"
📤 AWS IoT Sent {'id': 8335, 'bp': 5033.0, 'fp': 23729.0, 'cr': 3285.0, 'bc': 23575.0, 'timestamp': '2026-02-09 09:34:13'}
✅ Uploaded | id=8336 BP=19840.0 FP=7757.0 CR=22060.0 BC=6915.0 timestamp="2026-02-09 09:34:18"
📤 AWS IoT Sent {'id': 8336, 'bp': 19840.0, 'fp': 7757.0, 'cr': 22060.0, 'bc': 6915.0, 'timestamp': '2026-02-09 09:34:18'}
✅ Uploaded | id=8337 BP=11382.0 FP=18627.0 CR=9668.0 BC=19640.0 timestamp="2026-02-09 09:34:23"
📤 AWS IoT Sent {'id': 8337, 'bp': 11382.0, 'fp': 18627.0, 'cr': 9668.0, 'bc': 19640.0, 'timestamp': '2026-02-09 09:34:23'}
✅ Uploaded | id=8338 BP=19544.0 FP=7671.0 CR=21421.0 BC=7014.0 timestamp="2026-02-09 09:34:28"
📤 AWS IoT Sent {'id': 8338, 'bp': 19544.0, 'fp': 7671.0, 'cr': 21421.0, 'bc': 7014.0, 'timestamp': '2026-02-09 09:34:28'}
✅ Uploaded | id=8339 BP=9294.0 FP=20982.0 CR=7085.0 BC=22756.0 timestamp="2026-02-09 09:34:33"
📤 AWS IoT Sent {'id': 8339, 'bp': 9294.0, 'fp': 20982.0, 'cr': 7085.0, 'bc': 22756.0, 'timestamp': '2026-02-09 09:34:33'}
✅ Uploaded | id=8340 BP=19990.0 FP=8105.0 CR=22117.0 BC=7412.0 timestamp="2026-02-09 09:34:38"
📤 AWS IoT Sent {'id': 8340, 'bp': 19990.0, 'fp': 8105.0, 'cr': 22117.0, 'bc': 7412.0, 'timestamp': '2026-02-09 09:34:38'}
⚠️ MQTT disconnected, reason: 7
⚠️ Not connected to MQTT, retrying...
✅ Connected to AWS IoT Core
⚠️ MQTT disconnected, reason: 7
✅ Connected to AWS IoT Core
✅ Connected to AWS IoT Core
⚠️ MQTT disconnected, reason: 7
✅ Connected to AWS IoT Core
⚠️ MQTT disconnected, reason: 7
✅ Connected to AWS IoT Core
⚠️ MQTT disconnected, reason: 7
⚠️ Not connected to MQTT, retrying...
✅ Connected to AWS IoT Core
⚠️ MQTT disconnected, reason: 7
✅ Connected to AWS IoT Core
✅ Uploaded | id=8347 BP=23513.0 FP=3413.0 CR=23414.0 BC=6061.0 timestamp="2026-02-09 09:35:13"
📤 AWS IoT Sent {'id': 8347, 'bp': 23513.0, 'fp': 3413.0, 'cr': 23414.0, 'bc': 6061.0, 'timestamp': '2026-02-09 09:35:13'}
⚠️ MQTT disconnected, reason: 7
⚠️ Not connected to MQTT, retrying...
✅ Connected to AWS IoT Core
⚠️ MQTT disconnected, reason: 7
✅ Connected to AWS IoT Core
⚠️ MQTT disconnected, reason:/home/pi_123/data/src/pressure_project/system_upload.py:78: DeprecationWarning: Callback API version 1 is deprecated, update to latest version
  client = mqtt.Client(client_id=CLIENT_ID, protocol=mqtt.MQTTv311)
=== DEBUG START ===
DB exists: True
CA exists: True
CERT exists: True
KEY exists: True
=== DEBUG END ===
⚠️ Network not ready, waiting 5s...
✅ Connected to AWS IoT Core
✅ Uploaded | id=8366 BP=21523.0 FP=7048.0 CR=23257.0 BC=5921.0 timestamp="2026-02-09 09:36:49"
📤 AWS IoT Sent {'id': 8366, 'bp': 21523.0, 'fp': 7048.0, 'cr': 23257.0, 'bc': 5921.0, 'timestamp': '2026-02-09 09:36:49'}
✅ Uploaded | id=8367 BP=2622.0 FP=23005.0 CR=4916.0 BC=22664.0 timestamp="2026-02-09 09:36:54"
📤 AWS IoT Sent {'id': 8367, 'bp': 2622.0, 'fp': 23005.0, 'cr': 4916.0, 'bc': 22664.0, 'timestamp': '2026-02-09 09:36:54'}
✅ Uploaded | id=8368 BP=13436.0 FP=16395.0 CR=11476.0 BC=17606.0 timestamp="2026-02-09 09:36:59"
📤 AWS IoT Sent {'id': 8368, 'bp': 13436.0, 'fp': 16395.0, 'cr': 11476.0, 'bc': 17606.0, 'timestamp': '2026-02-09 09:36:59'}
✅ Uploaded | id=8369 BP=23947.0 FP=1181.0 CR=23616.0 BC=832.0 timestamp="2026-02-09 09:37:04"
📤 AWS IoT Sent {'id': 8369, 'bp': 23947.0, 'fp': 1181.0, 'cr': 23616.0, 'bc': 832.0, 'timestamp': '2026-02-09 09:37:04'}
✅ Uploaded | id=8370 BP=9067.0 FP=17345.0 CR=11588.0 BC=15798.0 timestamp="2026-02-09 09:37:09"
📤 AWS IoT Sent {'id': 8370, 'bp': 9067.0, 'fp': 17345.0, 'cr': 11588.0, 'bc': 15798.0, 'timestamp': '2026-02-09 09:37:09'}
✅ Uploaded | id=8371 BP=2527.0 FP=23596.0 CR=715.0 BC=23730.0 timestamp="2026-02-09 09:37:14"
📤 AWS IoT Sent {'id': 8371, 'bp': 2527.0, 'fp': 23596.0, 'cr': 715.0, 'bc': 23730.0, 'timestamp': '2026-02-09 09:37:14'}
✅ Uploaded | id=8372 BP=20416.0 FP=8790.0 CR=19126.0 BC=11508.0 timestamp="2026-02-09 09:37:19"
📤 AWS IoT Sent {'id': 8372, 'bp': 20416.0, 'fp': 8790.0, 'cr': 19126.0, 'bc': 11508.0, 'timestamp': '2026-02-09 09:37:19'}
✅ Uploaded | id=8373 BP=14351.0 FP=11859.0 CR=16972.0 BC=11007.0 timestamp="2026-02-09 09:37:25"
📤 AWS IoT Sent {'id': 8373, 'bp': 14351.0, 'fp': 11859.0, 'cr': 16972.0, 'bc': 11007.0, 'timestamp': '2026-02-09 09:37:25'}
✅ Uploaded | id=8374 BP=2724.0 FP=23490.0 CR=709.0 BC=23668.0 timestamp="2026-02-09 09:37:30"
📤 AWS IoT Sent {'id': 8374, 'bp': 2724.0, 'fp': 23490.0, 'cr': 709.0, 'bc': 23668.0, 'timestamp': '2026-02-09 09:37:30'}
✅ Uploaded | id=8375 BP=15837.0 FP=9678.0 CR=15056.0 BC=10661.0 timestamp="2026-02-09 09:37:35"
📤 AWS IoT Sent {'id': 8375, 'bp': 15837.0, 'fp': 9678.0, 'cr': 15056.0, 'bc': 10661.0, 'timestamp': '2026-02-09 09:37:35'}
✅ Uploaded | id=8376 BP=15905.0 FP=9342.0 CR=16729.0 BC=8395.0 timestamp="2026-02-09 09:37:40"
📤 AWS IoT Sent {'id': 8376, 'bp': 15905.0, 'fp': 9342.0, 'cr': 16729.0, 'bc': 8395.0, 'timestamp': '2026-02-09 09:37:40'}
✅ Uploaded | id=8377 BP=5821.0 FP=20775.0 CR=4919.0 BC=21670.0 timestamp="2026-02-09 09:37:45"
📤 AWS IoT Sent {'id': 8377, 'bp': 5821.0, 'fp': 20775.0, 'cr': 4919.0, 'bc': 21670.0, 'timestamp': '2026-02-09 09:37:45'}
✅ Uploaded | id=8378 BP=21409.0 FP=2239.0 CR=21292.0 BC=1311.0 timestamp="2026-02-09 09:37:50"
📤 AWS IoT Sent {'id': 8378, 'bp': 21409.0, 'fp': 2239.0, 'cr': 21292.0, 'bc': 1311.0, 'timestamp': '2026-02-09 09:37:50'}
⚠️ MQTT disconnected, reason: 7
⚠️ Not connected to MQTT, retrying...
✅ Connected to AWS IoT Core
⚠️ MQTT disconnected, reason: 7
✅ Connected to AWS IoT Core
⚠️ MQTT disconnected, reason: 7
⚠️ Not connected to MQTT, retrying...
✅ Connected to AWS IoT Core
⚠️ MQTT disconnected, reason: 7
⚠️ Not connected to MQTT, retrying...
✅ Connected to AWS IoT Core
✅ Uploaded | id=8379 BP=2089.0 FP=21189.0 CR=2452.0 BC=21148.0 timestamp="2026-02-09 09:37:55"
📤 AWS IoT Sent {'id': 8379, 'bp': 2089.0, 'fp': 21189.0, 'cr': 2452.0, 'bc': 21148.0, 'timestamp': '2026-02-09 09:37:55'}
⚠️ MQTT disconnected, reason: 7
⚠️ Not connected to MQTT, retrying...
✅ Connected to AWS IoT Core
⚠️ MQTT disconnected, reason: 7
⚠️ Not connected to MQTT, retrying...
✅ Connected to AWS IoT Core
✅ Uploaded | id=8380 BP=19988.0 FP=6722.0 CR=18212.0 BC=8358.0 timestamp="2026-02-09 09:38:00"
📤 AWS IoT Sent {'id': 8380, 'bp': 19988.0, 'fp': 6722.0, 'cr': 18212.0, 'bc': 8358.0, 'timestamp': '2026-02-09 09:38:00'}
⚠️ MQTT disconnected, reason: 7
⚠️ Not connected to MQTT, retrying...
✅ Connected to AWS IoT Core
⚠️ MQTT disconnected, reason: 7
✅ Connected to AWS IoT Core
✅ Uploaded | id=8382 BP=2427.0 FP=23028.0 CR=631.0 BC=23250.0 timestamp="2026-02-09 09:38:10"
📤 AWS IoT Sent {'id': 8382, 'bp': 2427.0, 'fp': 23028.0, 'cr': 631.0, 'bc': 23250.0, 'timestamp': '2026-02-09 09:38:10'}
✅ Uploaded | id=8383 BP=23752.0 FP=6347.0 CR=21906.0 BC=7493.0 timestamp="2026-02-09 09:38:15"
📤 AWS IoT Sent {'id': 8383, 'bp': 23752.0, 'fp': 6347.0, 'cr': 21906.0, 'bc': 7493.0, 'timestamp': '2026-02-09 09:38:15'}
✅ Uploaded | id=8384 BP=12355.0 FP=13558.0 CR=14668.0 BC=12691.0 timestamp="2026-02-09 09:38:20"
📤 AWS IoT Sent {'id': 8384, 'bp': 12355.0, 'fp': 13558.0, 'cr': 14668.0, 'bc': 12691.0, 'timestamp': '2026-02-09 09:38:20'}
✅ Uploaded | id=8385 BP=9166.0 FP=22143.0 CR=7279.0 BC=23011.0 timestamp="2026-02-09 09:38:25"
📤 AWS IoT Sent {'id': 8385, 'bp': 9166.0, 'fp': 22143.0, 'cr': 7279.0, 'bc': 23011.0, 'timestamp': '2026-02-09 09:38:25'}
✅ Uploaded | id=8386 BP=23361.0 FP=1444.0 CR=23383.0 BC=2485.0 timestamp="2026-02-09 09:38:30"
📤 AWS IoT Sent {'id': 8386, 'bp': 23361.0, 'fp': 1444.0, 'cr': 23383.0, 'bc': 2485.0, 'timestamp': '2026-02-09 09:38:30'}
✅ Uploaded | id=8387 BP=10930.0 FP=14769.0 CR=13241.0 BC=13658.0 timestamp="2026-02-09 09:38:35"
📤 AWS IoT Sent {'id': 8387, 'bp': 10930.0, 'fp': 14769.0, 'cr': 13241.0, 'bc': 13658.0, 'timestamp': '2026-02-09 09:38:35'}
✅ Uploaded | id=8388 BP=5217.0 FP=23694.0 CR=6460.0 BC=24342.0 timestamp="2026-02-09 09:38:40"
📤 AWS IoT Sent {'id': 8388, 'bp': 5217.0, 'fp': 23694.0, 'cr': 6460.0, 'bc': 24342.0, 'timestamp': '2026-02-09 09:38:40'}
⚠️ MQTT disconnected, reason: 7
⚠️ Not connected to MQTT, retrying...
✅ Connected to AWS IoT Core
⚠️ MQTT disconnected, reason: 7
⚠️ MQTT disconnected, reason: 7
✅ Connected to AWS IoT Core
⚠️ MQTT disconnected, reason: 7
✅ Connected to AWS IoT Core
⚠️ MQTT disconnected, reason: 7
✅ Connected to AWS IoT Core
⚠️ MQTT disconnected, reason: 7
✅ Connected to AWS IoT Core
⚠️ MQTT disconnected, reason: 7
⚠️ Not connected to MQTT, retrying...
✅ Connected to AWS IoT Core
⚠️ MQTT disconnected, reason: 7
⚠️ Not connected to MQTT, retrying...
✅ Connected to AWS IoT Core
⚠️ MQTT disconnected, reason: 7
✅ Connected to AWS IoT Core
⚠️ MQTT disconnected, reason: 7
✅ Connected to AWS IoT Core
⚠️ MQTT disconnected, reason: 7
✅ Connected to AWS IoT Core
⚠️ MQTT disconnected, reason: 7
⚠️ Not connected to MQTT, retrying...
✅ Connected to AWS IoT Core
⚠️ MQTT disconnected, reason: 7
⚠️ Not connected to MQTT, retrying...
✅ Connected to AWS IoT Core
⚠️ MQTT disconnected, reason: 7
⚠️ Not connected to MQTT, retrying...
✅ Connected to AWS IoT Core
⚠️ MQTT disconnected, reason: 7
✅ Connected to AWS IoT Core
⚠️ MQTT disconnected, reason: 7
⚠️ Not connected to MQTT, retrying...
✅ Connected to AWS IoT Core
⚠️ MQTT disconnected, reason: 7
⚠️ Not connected to MQTT, retrying...
✅ Connected to AWS IoT Core
⚠️ MQTT disconnected, reason: 7
⚠️ Not connected to MQTT, retrying...
✅ Connected to AWS IoT Core
⚠️ MQTT disconnected, reason: 7
⚠️ Not connected to MQTT, retrying...
✅ Connected to AWS IoT Core
⚠️ MQTT disconnected, reason: 7
✅ Connected to AWS IoT Core
⚠️ MQTT disconnected, reason: 7
✅ Connected to AWS IoT Core
⚠️ MQTT disconnected, reason: 7
⚠️ Not connected to MQTT, retrying...
✅ Connected to AWS IoT Core
⚠️ MQTT disconnected, reason: 7
⚠️ Not connected to MQTT, retrying...
✅ Connected to AWS IoT Core
⚠️ MQTT disconnected, reason: 7
⚠️ Not connected to MQTT, retrying...
⚠️ MQTT disconnected, reason: 7
✅ Connected to AWS IoT Core
⚠️ MQTT disconnected, reason: 7
✅ Connected to AWS IoT Core
⚠️ MQTT disconnected, reason: 7
✅ Connected to AWS IoT Core
⚠️ MQTT disconnected, reason: 7
✅ Connected to AWS IoT Core
⚠️ MQTT disconnected, reason:/home/pi_123/data/src/pressure_project/system_upload.py:78: DeprecationWarning: Callback API version 1 is deprecated, update to latest version
  client = mqtt.Client(client_id=CLIENT_ID, protocol=mqtt.MQTTv311)
=== DEBUG START ===
DB exists: True
CA exists: True
CERT exists: True
KEY exists: True
=== DEBUG END ===
⚠️ Network not ready, waiting 5s...
✅ Connected to AWS IoT Core
✅ Uploaded | id=8413 BP=19002.0 FP=7016.0 CR=18294.0 BC=8499.0 timestamp="2026-02-09 09:40:46"
📤 AWS IoT Sent {'id': 8413, 'bp': 19002.0, 'fp': 7016.0, 'cr': 18294.0, 'bc': 8499.0, 'timestamp': '2026-02-09 09:40:46'}
⚠️ MQTT disconnected, reason: 7
⚠️ Not connected to MQTT, retrying...
✅ Connected to AWS IoT Core
✅ Uploaded | id=8414 BP=21540.0 FP=4778.0 CR=22089.0 BC=3975.0 timestamp="2026-02-09 09:40:52"
📤 AWS IoT Sent {'id': 8414, 'bp': 21540.0, 'fp': 4778.0, 'cr': 22089.0, 'bc': 3975.0, 'timestamp': '2026-02-09 09:40:52'}
✅ Uploaded | id=8415 BP=4546.0 FP=20998.0 CR=6109.0 BC=19037.0 timestamp="2026-02-09 09:40:57"
📤 AWS IoT Sent {'id': 8415, 'bp': 4546.0, 'fp': 20998.0, 'cr': 6109.0, 'bc': 19037.0, 'timestamp': '2026-02-09 09:40:57'}
✅ Uploaded | id=8416 BP=10904.0 FP=14754.0 CR=10302.0 BC=15581.0 timestamp="2026-02-09 09:41:02"
📤 AWS IoT Sent {'id': 8416, 'bp': 10904.0, 'fp': 14754.0, 'cr': 10302.0, 'bc': 15581.0, 'timestamp': '2026-02-09 09:41:02'}
✅ Uploaded | id=8417 BP=20469.0 FP=6482.0 CR=20912.0 BC=5618.0 timestamp="2026-02-09 09:41:07"
📤 AWS IoT Sent {'id': 8417, 'bp': 20469.0, 'fp': 6482.0, 'cr': 20912.0, 'bc': 5618.0, 'timestamp': '2026-02-09 09:41:07'}
✅ Uploaded | id=8418 BP=2676.0 FP=21623.0 CR=1820.0 BC=21383.0 timestamp="2026-02-09 09:41:12"
📤 AWS IoT Sent {'id': 8418, 'bp': 2676.0, 'fp': 21623.0, 'cr': 1820.0, 'bc': 21383.0, 'timestamp': '2026-02-09 09:41:12'}
✅ Uploaded | id=8419 BP=13593.0 FP=12163.0 CR=12650.0 BC=13227.0 timestamp="2026-02-09 09:41:17"
📤 AWS IoT Sent {'id': 8419, 'bp': 13593.0, 'fp': 12163.0, 'cr': 12650.0, 'bc': 13227.0, 'timestamp': '2026-02-09 09:41:17'}
✅ Uploaded | id=8420 BP=19772.0 FP=6543.0 CR=17774.0 BC=9629.0 timestamp="2026-02-09 09:41:22"
📤 AWS IoT Sent {'id': 8420, 'bp': 19772.0, 'fp': 6543.0, 'cr': 17774.0, 'bc': 9629.0, 'timestamp': '2026-02-09 09:41:22'}
✅ Uploaded | id=8421 BP=6716.0 FP=19013.0 CR=7326.0 BC=17954.0 timestamp="2026-02-09 09:41:27"
📤 AWS IoT Sent {'id': 8421, 'bp': 6716.0, 'fp': 19013.0, 'cr': 7326.0, 'bc': 17954.0, 'timestamp': '2026-02-09 09:41:27'}
✅ Uploaded | id=8422 BP=13418.0 FP=11918.0 CR=12564.0 BC=13167.0 timestamp="2026-02-09 09:41:32"
📤 AWS IoT Sent {'id': 8422, 'bp': 13418.0, 'fp': 11918.0, 'cr': 12564.0, 'bc': 13167.0, 'timestamp': '2026-02-09 09:41:32'}
✅ Uploaded | id=8423 BP=19968.0 FP=6761.0 CR=20463.0 BC=5972.0 timestamp="2026-02-09 09:41:37"
📤 AWS IoT Sent {'id': 8423, 'bp': 19968.0, 'fp': 6761.0, 'cr': 20463.0, 'bc': 5972.0, 'timestamp': '2026-02-09 09:41:37'}
⚠️ MQTT disconnected, reason: 7
⚠️ Not connected to MQTT, retrying...
✅ Connected to AWS IoT Core
⚠️ MQTT disconnected, reason: 7
✅ Connected to AWS IoT Core
⚠️ MQTT disconnected, reason: 7
⚠️ Not connected to MQTT, retrying...
✅ Connected to AWS IoT Core
⚠️ MQTT disconnected, reason: 7
⚠️ Not connected to MQTT, retrying...
✅ Connected to AWS IoT Core
✅ Uploaded | id=8441 BP=23588.0 FP=3539.0 CR=24744.0 BC=2292.0 timestamp="2026-02-09 09:40:50"
📤 AWS IoT Sent {'id': 8441, 'bp': 23588.0, 'fp': 3539.0, 'cr': 24744.0, 'bc': 2292.0, 'timestamp': '2026-02-09 09:40:50'}
⚠️ MQTT disconnected, reason: 7
⚠️ Not connected to MQTT, retrying...
✅ Connected to AWS IoT Core
⚠️ MQTT disconnected, reason: 7
⚠️ Not connected to MQTT, retrying...
✅ Connected to AWS IoT Core
⚠️ MQTT disconnected, reason: 7
⚠️ Not connected to MQTT, retrying...
✅ Connected to AWS IoT Core
✅ Uploaded | id=8442 BP=20758.0 FP=4644.0 CR=24733.0 BC=1681.0 timestamp="2026-02-09 09:40:55"
📤 AWS IoT Sent {'id': 8442, 'bp': 20758.0, 'fp': 4644.0, 'cr': 24733.0, 'bc': 1681.0, 'timestamp': '2026-02-09 09:40:55'}
✅ Uploaded | id=8443 BP=19252.0 FP=10110.0 CR=16569.0 BC=11146.0 timestamp="2026-02-09 09:41:00"
📤 AWS IoT Sent {'id': 8443, 'bp': 19252.0, 'fp': 10110.0, 'cr': 16569.0, 'bc': 11146.0, 'timestamp': '2026-02-09 09:41:00'}
✅ Uploaded | id=8444 BP=23732.0 FP=1495.0 CR=24358.0 BC=388.0 timestamp="2026-02-09 09:41:05"
📤 AWS IoT Sent {'id': 8444, 'bp': 23732.0, 'fp': 1495.0, 'cr': 24358.0, 'bc': 388.0, 'timestamp': '2026-02-09 09:41:05'}
⚠️ MQTT disconnected, reason: 7
⚠️ Not connected to MQTT, retrying...
✅ Connected to AWS IoT Core
⚠️ MQTT disconnected, reason: 7
✅ Connected to AWS IoT Core
✅ Uploaded | id=8445 BP=-369.0 FP=26878.0 CR=-372.0 BC=26020.0 timestamp="2026-02-09 09:41:10"
📤 AWS IoT Sent {'id': 8445, 'bp': -369.0, 'fp': 26878.0, 'cr': -372.0, 'bc': 26020.0, 'timestamp': '2026-02-09 09:41:10'}
⚠️ MQTT disconnected, reason: 7
⚠️ Not connected to MQTT, retrying...
✅ Connected to AWS IoT Core
⚠️ MQTT disconnected, reason: 7
⚠️ Not connected to MQTT, retrying...
✅ Connected to AWS IoT Core
⚠️ MQTT disconnected, reason: 7
⚠️ Not connected to MQTT, retrying...
✅ Connected to AWS IoT Core
⚠️ MQTT disconnected, reason: 7
✅ Connected to AWS IoT Core
✅ Uploaded | id=8446 BP=24935.0 FP=150.0 CR=24236.0 BC=1193.0 timestamp="2026-02-09 09:41:15"
📤 AWS IoT Sent {'id': 8446, 'bp': 24935.0, 'fp': 150.0, 'cr': 24236.0, 'bc': 1193.0, 'timestamp': '2026-02-09 09:41:15'}
✅ Uploaded | id=8447 BP=4959.0 FP=17855.0 CR=7773.0 BC=16877.0 timestamp="2026-02-09 09:41:20"
📤 AWS IoT Sent {'id': 8447, 'bp': 4959.0, 'fp': 17855.0, 'cr': 7773.0, 'bc': 16877.0, 'timestamp': '2026-02-09 09:41:20'}
✅ Uploaded | id=8448 BP=13408.0 FP=12435.0 CR=12067.0 BC=13754.0 timestamp="2026-02-09 09:41:25"
📤 AWS IoT Sent {'id': 8448, 'bp': 13408.0, 'fp': 12435.0, 'cr': 12067.0, 'bc': 13754.0, 'timestamp': '2026-02-09 09:41:25'}
✅ Uploaded | id=8449 BP=15794.0 FP=7714.0 CR=19314.0 BC=4504.0 timestamp="2026-02-09 09:41:30"
📤 AWS IoT Sent {'id': 8449, 'bp': 15794.0, 'fp': 7714.0, 'cr': 19314.0, 'bc': 4504.0, 'timestamp': '2026-02-09 09:41:30'}
✅ Uploaded | id=8450 BP=-167.0 FP=25191.0 CR=1467.0 BC=22025.0 timestamp="2026-02-09 09:41:35"
📤 AWS IoT Sent {'id': 8450, 'bp': -167.0, 'fp': 25191.0, 'cr': 1467.0, 'bc': 22025.0, 'timestamp': '2026-02-09 09:41:35'}
⚠️ MQTT disconnected, reason: 7
⚠️ Not connected to MQTT, retrying...
✅ Connected to AWS IoT Core
✅ Uploaded | id=8451 BP=18133.0 FP=9403.0 CR=15263.0 BC=10733.0 timestamp="2026-02-09 09:41:40"
📤 AWS IoT Sent {'id': 8451, 'bp': 18133.0, 'fp': 9403.0, 'cr': 15263.0, 'bc': 10733.0, 'timestamp': '2026-02-09 09:41:40'}
✅ Uploaded | id=8452 BP=15192.0 FP=7704.0 CR=18059.0 BC=6452.0 timestamp="2026-02-09 09:41:45"
📤 AWS IoT Sent {'id': 8452, 'bp': 15192.0, 'fp': 7704.0, 'cr': 18059.0, 'bc': 6452.0, 'timestamp': '2026-02-09 09:41:45'}
✅ Uploaded | id=8453 BP=1894.0 FP=26025.0 CR=-306.0 BC=26730.0 timestamp="2026-02-09 09:41:51"
📤 AWS IoT Sent {'id': 8453, 'bp': 1894.0, 'fp': 26025.0, 'cr': -306.0, 'bc': 26730.0, 'timestamp': '2026-02-09 09:41:51'}
⚠️ MQTT disconnected, reason: 7
⚠️ Not connected to MQTT, retrying...
✅ Connected to AWS IoT Core
✅ Uploaded | id=8454 BP=25033.0 FP=2290.0 CR=22353.0 BC=3476.0 timestamp="2026-02-09 09:41:56"
📤 AWS IoT Sent {'id': 8454, 'bp': 25033.0, 'fp': 2290.0, 'cr': 22353.0, 'bc': 3476.0, 'timestamp': '2026-02-09 09:41:56'}
✅ Uploaded | id=8455 BP=8416.0 FP=16270.0 CR=9332.0 BC=14972.0 timestamp="2026-02-09 09:42:01"
📤 AWS IoT Sent {'id': 8455, 'bp': 8416.0, 'fp': 16270.0, 'cr': 9332.0, 'bc': 14972.0, 'timestamp': '2026-02-09 09:42:01'}
✅ Uploaded | id=8456 BP=10369.0 FP=14872.0 CR=9417.0 BC=16215.0 timestamp="2026-02-09 09:42:06"
📤 AWS IoT Sent {'id': 8456, 'bp': 10369.0, 'fp': 14872.0, 'cr': 9417.0, 'bc': 16215.0, 'timestamp': '2026-02-09 09:42:06'}
⚠️ MQTT disconnected, reason: 7
⚠️ Not connected to MQTT, retrying...
✅ Connected to AWS IoT Core
⚠️ MQTT disconnected, reason: 7
✅ Connected to AWS IoT Core
⚠️ MQTT disconnected, reason: 7
✅ Connected to AWS IoT Core
✅ Uploaded | id=8457 BP=19956.0 FP=3518.0 CR=22372.0 BC=2644.0 timestamp="2026-02-09 09:42:11"
📤 AWS IoT Sent {'id': 8457, 'bp': 19956.0, 'fp': 3518.0, 'cr': 22372.0, 'bc': 2644.0, 'timestamp': '2026-02-09 09:42:11'}
✅ Uploaded | id=8458 BP=218.0 FP=23668.0 CR=2995.0 BC=20501.0 timestamp="2026-02-09 09:42:16"
📤 AWS IoT Sent {'id': 8458, 'bp': 218.0, 'fp': 23668.0, 'cr': 2995.0, 'bc': 20501.0, 'timestamp': '2026-02-09 09:42:16'}
✅ Uploaded | id=8459 BP=15956.0 FP=11704.0 CR=13194.0 BC=13000.0 timestamp="2026-02-09 09:42:21"
📤 AWS IoT Sent {'id': 8459, 'bp': 15956.0, 'fp': 11704.0, 'cr': 13194.0, 'bc': 13000.0, 'timestamp': '2026-02-09 09:42:21'}
⚠️ MQTT disconnected, reason: 7
⚠️ Not connected to MQTT, retrying...
✅ Connected to AWS IoT Core
⚠️ MQTT disconnected, reason: 7
⚠️ Not connected to MQTT, retrying...
✅ Connected to AWS IoT Core
⚠️ MQTT disconnected, reason: 7
⚠️ Not connected to MQTT, retrying...
✅ Connected to AWS IoT Core
⚠️ MQTT disconnected, reason: 7
✅ Connected to AWS IoT Core
✅ Uploaded | id=8460 BP=16616.0 FP=8126.0 CR=17789.0 BC=6727.0 timestamp="2026-02-09 09:42:26"
📤 AWS IoT Sent {'id': 8460, 'bp': 16616.0, 'fp': 8126.0, 'cr': 17789.0, 'bc': 6727.0, 'timestamp': '2026-02-09 09:42:26'}
✅ Uploaded | id=8461 BP=1586.0 FP=25913.0 CR=-364.0 BC=26474.0 timestamp="2026-02-09 09:42:31"
📤 AWS IoT Sent {'id': 8461, 'bp': 1586.0, 'fp': 25913.0, 'cr': -364.0, 'bc': 26474.0, 'timestamp': '2026-02-09 09:42:31'}
✅ Uploaded | id=8462 BP=21204.0 FP=5822.0 CR=18882.0 BC=6918.0 timestamp="2026-02-09 09:42:36"
📤 AWS IoT Sent {'id': 8462, 'bp': 21204.0, 'fp': 5822.0, 'cr': 18882.0, 'bc': 6918.0, 'timestamp': '2026-02-09 09:42:36'}
⚠️ MQTT disconnected, reason: 7
⚠️ Not connected to MQTT, retrying...
✅ Connected to AWS IoT Core
⚠️ MQTT disconnected, reason: 7
⚠️ Not connected to MQTT, retrying...
✅ Connected to AWS IoT Core
⚠️ MQTT disconnected, reason: 7
⚠️ Not connected to MQTT, retrying...
✅ Connected to AWS IoT Core
⚠️ MQTT disconnected, reason: 7
✅ Connected to AWS IoT Core
✅ Uploaded | id=8463 BP=16953.0 FP=6204.0 CR=19442.0 BC=5011.0 timestamp="2026-02-09 09:42:41"
📤 AWS IoT Sent {'id': 8463, 'bp': 16953.0, 'fp': 6204.0, 'cr': 19442.0, 'bc': 5011.0, 'timestamp': '2026-02-09 09:42:41'}
✅ Uploaded | id=8464 BP=-397.0 FP=25940.0 CR=-237.0 BC=25409.0 timestamp="2026-02-09 09:42:46"
📤 AWS IoT Sent {'id': 8464, 'bp': -397.0, 'fp': 25940.0, 'cr': -237.0, 'bc': 25409.0, 'timestamp': '2026-02-09 09:42:46'}
✅ Uploaded | id=8465 BP=18113.0 FP=9301.0 CR=15222.0 BC=10784.0 timestamp="2026-02-09 09:42:51"
📤 AWS IoT Sent {'id': 8465, 'bp': 18113.0, 'fp': 9301.0, 'cr': 15222.0, 'bc': 10784.0, 'timestamp': '2026-02-09 09:42:51'}
⚠️ MQTT disconnected, reason: 7
⚠️ Not connected to MQTT, retrying...
✅ Connected to AWS IoT Core
⚠️ MQTT disconnected, reason: 7
⚠️ Not connected to MQTT, retrying...
✅ Connected to AWS IoT Core
⚠️ MQTT disconnected, reason: 7
⚠️ Not connected to MQTT, retrying...
✅ Connected to AWS IoT Core
⚠️ MQTT disconnected, reason: 7
⚠️ Not connected to MQTT, retrying...
⚠️ MQTT disconnected, reason: 7
✅ Connected to AWS IoT Core
✅ Connected to AWS IoT Core
⚠️ MQTT disconnected, reason: 7
⚠️ Not connected to MQTT, retrying...
✅ Connected to AWS IoT Core
⚠️ MQTT disconnected, reason: 7
⚠️ Not connected to MQTT, retrying...
✅ Connected to AWS IoT Core
⚠️ MQTT disconnected, reason: 7
⚠️ Not connected to MQTT, retrying...
✅ Connected to AWS IoT Core
⚠️ MQTT disconnected, reason: 7
✅ Connected to AWS IoT Core
⚠️ MQTT disconnected, reason: 7
⚠️ Not connected to MQTT, retrying...
✅ Connected to AWS IoT Core
⚠️ MQTT disconnected, reason: 7
⚠️ Not connected to MQTT, retrying...
✅ Connected to AWS IoT Core
⚠️ MQTT disconnected, reason: 7
⚠️ Not connected to MQTT, retrying...
⚠️ MQTT disconnected, reason: 7
✅ Connected to AWS IoT Core
⚠️ MQTT disconnected, reason: 7
✅ Connected to AWS IoT Core
⚠️ MQTT disconnected, reason: 7
✅ Connected to AWS IoT Core
⚠️ MQTT disconnected, reason: 7
✅ Connected to AWS IoT Core
⚠️ MQTT disconnected, reason: 7
⚠️ Not connected to MQTT, retrying...
✅ Connected to AWS IoT Core
⚠️ MQTT disconnected, reason: 7
⚠️ Not connected to MQTT, retrying...
✅ Connected to AWS IoT Core
⚠️ MQTT disconnected, reason: 7
⚠️ Not connected to MQTT, retrying...
✅ Connected to AWS IoT Core
✅ Uploaded | id=8467 BP=4079.0 FP=18758.0 CR=6990.0 BC=17074.0 timestamp="2026-02-09 09:43:01"
📤 AWS IoT Sent {'id': 8467, 'bp': 4079.0, 'fp': 18758.0, 'cr': 6990.0, 'bc': 17074.0, 'timestamp': '2026-02-09 09:43:01'}
⚠️ MQTT disconnected, reason: 7
⚠️ Not connected to MQTT, retrying...
✅ Connected to AWS IoT Core
⚠️ MQTT disconnected, reason: 7
⚠️ Not connected to MQTT, retrying...
✅ Connected to AWS IoT Core
⚠️ MQTT disconnected, reason: 7
⚠️ Not connected to MQTT, retrying...
✅ Connected to AWS IoT Core
⚠️ MQTT disconnected, reason: 7
✅ Connected to AWS IoT Core
✅ Uploaded | id=8469 BP=26440.0 FP=-390.0 CR=26355.0 BC=-350.0 timestamp="2026-02-09 09:43:11"
📤 AWS IoT Sent {'id': 8469, 'bp': 26440.0, 'fp': -390.0, 'cr': 26355.0, 'bc': -350.0, 'timestamp': '2026-02-09 09:43:11'}
✅ Uploaded | id=8470 BP=4149.0 FP=18806.0 CR=6893.0 BC=17575.0 timestamp="2026-02-09 09:43:16"
📤 AWS IoT Sent {'id': 8470, 'bp': 4149.0, 'fp': 18806.0, 'cr': 6893.0, 'bc': 17575.0, 'timestamp': '2026-02-09 09:43:16'}
⚠️ MQTT disconnected, reason: 7
⚠️ Not connected to MQTT, retrying...
✅ Connected to AWS IoT Core
⚠️ MQTT disconnected, reason: 7
⚠️ Not connected to MQTT, retrying...
✅ Connected to AWS IoT Core
⚠️ MQTT disconnected, reason: 7
✅ Connected to AWS IoT Core
⚠️ MQTT disconnected, reason: 7
✅ Connected to AWS IoT Core
⚠️ MQTT disconnected, reason: 7
⚠️ Not connected to MQTT, retrying...
✅ Connected to AWS IoT Core
⚠️ MQTT disconnected, reason: 7
⚠️ Not connected to MQTT, retrying...
✅ Connected to AWS IoT Core
⚠️ MQTT disconnected, reason: 7
✅ Connected to AWS IoT Core
✅ Uploaded | id=8474 BP=8754.0 FP=15849.0 CR=9702.0 BC=14549.0 timestamp="2026-02-09 09:43:32"
📤 AWS IoT Sent {'id': 8474, 'bp': 8754.0, 'fp': 15849.0, 'cr': 9702.0, 'bc': 14549.0, 'timestamp': '2026-02-09 09:43:32'}
⚠️ MQTT disconnected, reason: 7
⚠️ Not connected to MQTT, retrying...
✅ Connected to AWS IoT Core
⚠️ MQTT disconnected, reason: 7
✅ Connected to AWS IoT Core
✅ Uploaded | id=8475 BP=3030.0 FP=23213.0 CR=1141.0 BC=25222.0 timestamp="2026-02-09 09:43:37"
📤 AWS IoT Sent {'id': 8475, 'bp': 3030.0, 'fp': 23213.0, 'cr': 1141.0, 'bc': 25222.0, 'timestamp': '2026-02-09 09:43:37'}
✅ Uploaded | id=8476 BP=14393.0 FP=13060.0 CR=11480.0 BC=14151.0 timestamp="2026-02-09 09:43:42"
📤 AWS IoT Sent {'id': 8476, 'bp': 14393.0, 'fp': 13060.0, 'cr': 11480.0, 'bc': 14151.0, 'timestamp': '2026-02-09 09:43:42'}
✅ Uploaded | id=8477 BP=26001.0 FP=-391.0 CR=25812.0 BC=-320.0 timestamp="2026-02-09 09:43:47"
📤 AWS IoT Sent {'id': 8477, 'bp': 26001.0, 'fp': -391.0, 'cr': 25812.0, 'bc': -320.0, 'timestamp': '2026-02-09 09:43:47'}
⚠️ MQTT disconnected, reason: 7
⚠️ Not connected to MQTT, retrying...
✅ Connected to AWS IoT Core
✅ Uploaded | id=8478 BP=15981.0 FP=8274.0 CR=16806.0 BC=6913.0 timestamp="2026-02-09 09:43:52"
📤 AWS IoT Sent {'id': 8478, 'bp': 15981.0, 'fp': 8274.0, 'cr': 16806.0, 'bc': 6913.0, 'timestamp': '2026-02-09 09:43:52'}
✅ Uploaded | id=8479 BP=1952.0 FP=22022.0 CR=2966.0 BC=20909.0 timestamp="2026-02-09 09:43:57"
📤 AWS IoT Sent {'id': 8479, 'bp': 1952.0, 'fp': 22022.0, 'cr': 2966.0, 'bc': 20909.0, 'timestamp': '2026-02-09 09:43:57'}
✅ Uploaded | id=8480 BP=1323.0 FP=25579.0 CR=-376.0 BC=25635.0 timestamp="2026-02-09 09:44:02"
📤 AWS IoT Sent {'id': 8480, 'bp': 1323.0, 'fp': 25579.0, 'cr': -376.0, 'bc': 25635.0, 'timestamp': '2026-02-09 09:44:02'}
⚠️ MQTT disconnected, reason: 7
⚠️ Not connected to MQTT, retrying...
✅ Connected to AWS IoT Core
⚠️ MQTT disconnected, reason: 7
✅ Connected to AWS IoT Core
⚠️ MQTT disconnected, reason: 7
⚠️ Not connected to MQTT, retrying...
✅ Connected to AWS IoT Core
⚠️ MQTT disconnected, reason: 7
⚠️ Not connected to MQTT, retrying...
✅ Connected to AWS IoT Core
⚠️ MQTT disconnected, reason: 7
⚠️ Not connected to MQTT, retrying...
✅ Connected to AWS IoT Core
⚠️ MQTT disconnected, reason: 7
✅ Connected to AWS IoT Core
⚠️ MQTT disconnected, reason: 7
⚠️ Not connected to MQTT, retrying...
✅ Connected to AWS IoT Core
⚠️ MQTT disconnected, reason: 7
⚠️ Not connected to MQTT, retrying...
✅ Connected to AWS IoT Core
⚠️ MQTT disconnected, reason: 7
⚠️ Not connected to MQTT, retrying...
✅ Connected to AWS IoT Core
⚠️ MQTT disconnected, reason: 7
⚠️ Not connected to MQTT, retrying...
✅ Connected to AWS IoT Core
⚠️ MQTT disconnected, reason: 7
⚠️ Not connected to MQTT, retrying...
✅ Connected to AWS IoT Core
✅ Uploaded | id=8482 BP=25304.0 FP=-210.0 CR=24421.0 BC=536.0 timestamp="2026-02-09 09:44:12"
📤 AWS IoT Sent {'id': 8482, 'bp': 25304.0, 'fp': -210.0, 'cr': 24421.0, 'bc': 536.0, 'timestamp': '2026-02-09 09:44:12'}
⚠️ MQTT disconnected, reason: 7
⚠️ Not connected to MQTT, retrying...
✅ Connected to AWS IoT Core
⚠️ MQTT disconnected, reason: 7
⚠️ Not connected to MQTT, retrying...
✅ Connected to AWS IoT Core
⚠️ MQTT disconnected, reason: 7
⚠️ Not connected to MQTT, retrying...
✅ Connected to AWS IoT Core
⚠️ MQTT disconnected, reason: 7
⚠️ Not connected to MQTT, retrying...
⚠️ MQTT disconnected, reason: 7
✅ Connected to AWS IoT Core
⚠️ MQTT disconnected, reason: 7
✅ Connected to AWS IoT Core
⚠️ MQTT disconnected, reason: 7
✅ Connected to AWS IoT Core
⚠️ MQTT disconnected, reason: 7
✅ Connected to AWS IoT Core
⚠️ MQTT disconnected, reason: 7
✅ Connected to AWS IoT Core
⚠️ MQTT disconnected, reason: 7
✅ Connected to AWS IoT Core
✅ Uploaded | id=8492 BP=24261.0 FP=993.0 CR=23499.0 BC=2031.0 timestamp="2026-02-09 09:45:13"
📤 AWS IoT Sent {'id': 8492, 'bp': 24261.0, 'fp': 993.0, 'cr': 23499.0, 'bc': 2031.0, 'timestamp': '2026-02-09 09:45:13'}
✅ Uploaded | id=8493 BP=40.0 FP=4506.0 CR=17135.0 BC=4512.0 timestamp="2026-02-09 09:40:44"
📤 AWS IoT Sent {'id': 8493, 'bp': 40.0, 'fp': 4506.0, 'cr': 17135.0, 'bc': 4512.0, 'timestamp': '2026-02-09 09:40:44'}
✅ Uploaded | id=8494 BP=19234.0 FP=4564.0 CR=18625.0 BC=3939.0 timestamp="2026-02-09 09:40:49"
📤 AWS IoT Sent {'id': 8494, 'bp': 19234.0, 'fp': 4564.0, 'cr': 18625.0, 'bc': 3939.0, 'timestamp': '2026-02-09 09:40:49'}
⚠️ MQTT disconnected, reason: 7
⚠️ Not connected to MQTT, retrying...
✅ Connected to AWS IoT Core
⚠️ MQTT disconnected, reason: 7
⚠️ Not connected to MQTT, retrying...
✅ Connected to AWS IoT Core
✅ Uploaded | id=8495 BP=5434.0 FP=19932.0 CR=4961.0 BC=20322.0 timestamp="2026-02-09 09:40:54"
📤 AWS IoT Sent {'id': 8495, 'bp': 5434.0, 'fp': 19932.0, 'cr': 4961.0, 'bc': 20322.0, 'timestamp': '2026-02-09 09:40:54'}
✅ Uploaded | id=8496 BP=18808.0 FP=4001.0 CR=18089.0 BC=3457.0 timestamp="2026-02-09 09:40:59"
📤 AWS IoT Sent {'id': 8496, 'bp': 18808.0, 'fp': 4001.0, 'cr': 18089.0, 'bc': 3457.0, 'timestamp': '2026-02-09 09:40:59'}
✅ Uploaded | id=8497 BP=16413.0 FP=3917.0 CR=16052.0 BC=4690.0 timestamp="2026-02-09 09:41:04"
📤 AWS IoT Sent {'id': 8497, 'bp': 16413.0, 'fp': 3917.0, 'cr': 16052.0, 'bc': 4690.0, 'timestamp': '2026-02-09 09:41:04'}
⚠️ MQTT disconnected, reason: 7
⚠️ Not connected to MQTT, retrying...
✅ Connected to AWS IoT Core
⚠️ MQTT disconnected, reason: 7
✅ Connected to AWS IoT Core
⚠️ MQTT disconnected, reason: 7
⚠️ Not connected to MQTT, retrying...
✅ Connected to AWS IoT Core
✅ Uploaded | id=8498 BP=18525.0 FP=4846.0 CR=19693.0 BC=4841.0 timestamp="2026-02-09 09:51:41"
📤 AWS IoT Sent {'id': 8498, 'bp': 18525.0, 'fp': 4846.0, 'cr': 19693.0, 'bc': 4841.0, 'timestamp': '2026-02-09 09:51:41'}
⚠️ MQTT disconnected, reason: 7
⚠️ Not connected to MQTT, retrying...
✅ Connected to AWS IoT Core
⚠️ MQTT disconnected, reason: 7
⚠️ Not connected to MQTT, retrying...
✅ Connected to AWS IoT Core
⚠️ MQTT disconnected, reason: 7
⚠️ Not connected to MQTT, retrying...
✅ Connected to AWS IoT Core
⚠️ MQTT disconnected, reason: 7
⚠️ Not connected to MQTT, retrying...
✅ Connected to AWS IoT Core
✅ Uploaded | id=8502 BP=8000.0 FP=15087.0 CR=7271.0 BC=16036.0 timestamp="2026-02-09 09:52:11"
📤 AWS IoT Sent {'id': 8502, 'bp': 8000.0, 'fp': 15087.0, 'cr': 7271.0, 'bc': 16036.0, 'timestamp': '2026-02-09 09:52:11'}
⚠️ MQTT disconnected, reason: 7
⚠️ Not connected to MQTT, retrying...
✅ Connected to AWS IoT Core
⚠️ MQTT disconnected, reason: 7
⚠️ Not connected to MQTT, retrying...
✅ Connected to AWS IoT Core
⚠️ MQTT disconnected, reason: 7
⚠️ Not connected to MQTT, retrying...
✅ Connected to AWS IoT Core
✅ Uploaded | id=8503 BP=13203.0 FP=9731.0 CR=12658.0 BC=11198.0 timestamp="2026-02-09 09:52:16"
📤 AWS IoT Sent {'id': 8503, 'bp': 13203.0, 'fp': 9731.0, 'cr': 12658.0, 'bc': 11198.0, 'timestamp': '2026-02-09 09:52:16'}
⚠️ MQTT disconnected, reason: 7
⚠️ Not connected to MQTT, retrying...
✅ Connected to AWS IoT Core
⚠️ MQTT disconnected, reason: 7
⚠️ Not connected to MQTT, retrying...
✅ Connected to AWS IoT Core
⚠️ MQTT disconnected, reason: 7
⚠️ Not connected to MQTT, retrying...
✅ Connected to AWS IoT Core
⚠️ MQTT disconnected, reason: 7
⚠️ Not connected to MQTT, retrying...
✅ Connected to AWS IoT Core
⚠️ MQTT disconnected, reason: 7
⚠️ Not connected to MQTT, retrying...
✅ Connected to AWS IoT Core
⚠️ MQTT disconnected, reason: 7
✅ Connected to AWS IoT Core
✅ Uploaded | id=8506 BP=0.0 FP=0.0 CR=0.0 BC=0.0 timestamp="2026-02-09 09:52:42"
📤 AWS IoT Sent {'id': 8506, 'bp': 0.0, 'fp': 0.0, 'cr': 0.0, 'bc': 0.0, 'timestamp': '2026-02-09 09:52:42'}
✅ Uploaded | id=8507 BP=27.0 FP=5003.0 CR=4948.0 BC=5021.0 timestamp="2026-02-09 09:53:28"
📤 AWS IoT Sent {'id': 8507, 'bp': 27.0, 'fp': 5003.0, 'cr': 4948.0, 'bc': 5021.0, 'timestamp': '2026-02-09 09:53:28'}
⚠️ MQTT disconnected, reason: 7
⚠️ Not connected to MQTT, retrying...
✅ Connected to AWS IoT Core
✅ Uploaded | id=8508 BP=22.0 FP=5004.0 CR=4953.0 BC=5023.0 timestamp="2026-02-09 09:53:44"
📤 AWS IoT Sent {'id': 8508, 'bp': 22.0, 'fp': 5004.0, 'cr': 4953.0, 'bc': 5023.0, 'timestamp': '2026-02-09 09:53:44'}
✅ Uploaded | id=8509 BP=5043.0 FP=5005.0 CR=4952.0 BC=5027.0 timestamp="2026-02-09 09:53:49"
📤 AWS IoT Sent {'id': 8509, 'bp': 5043.0, 'fp': 5005.0, 'cr': 4952.0, 'bc': 5027.0, 'timestamp': '2026-02-09 09:53:49'}
⚠️ MQTT disconnected, reason: 7
⚠️ Not connected to MQTT, retrying...
✅ Connected to AWS IoT Core
⚠️ MQTT disconnected, reason: 7
✅ Connected to AWS IoT Core
⚠️ MQTT disconnected, reason: 7
✅ Connected to AWS IoT Core
⚠️ MQTT disconnected, reason: 7
✅ Connected to AWS IoT Core
⚠️ MQTT disconnected, reason: 7
✅ Connected to AWS IoT Core
⚠️ MQTT disconnected, reason: 7
✅ Connected to AWS IoT Core
⚠️ MQTT disconnected, reason: 7
✅ Connected to AWS IoT Core
⚠️ MQTT disconnected, reason: 7
⚠️ Not connected to MQTT, retrying...
✅ Connected to AWS IoT Core
⚠️ MQTT disconnected, reason: 7
⚠️ Not connected to MQTT, retrying...
✅ Connected to AWS IoT Core
⚠️ MQTT disconnected, reason: 7
⚠️ Not connected to MQTT, retrying...
✅ Connected to AWS IoT Core
⚠️ MQTT disconnected, reason: 7
✅ Connected to AWS IoT Core
⚠️ MQTT disconnected, reason: 7
✅ Connected to AWS IoT Core
⚠️ MQTT disconnected, reason: 7
✅ Connected to AWS IoT Core
⚠️ MQTT disconnected, reason: 7
⚠️ Not connected to MQTT, retrying...
✅ Connected to AWS IoT Core
⚠️ MQTT disconnected, reason: 7
⚠️ Not connected to MQTT, retrying...
✅ Connected to AWS IoT Core
⚠️ MQTT disconnected, reason: 7
⚠️ Not connected to MQTT, retrying...
✅ Connected to AWS IoT Core
⚠️ MQTT disconnected, reason: 7
⚠️ Not connected to MQTT, retrying...
✅ Connected to AWS IoT Core
⚠️ MQTT disconnected, reason: 7
⚠️ Not connected to MQTT, retrying...
✅ Connected to AWS IoT Core
⚠️ MQTT disconnected, reason: 7
⚠️ Not connected to MQTT, retrying...
✅ Connected to AWS IoT Core
⚠️ MQTT disconnected, reason: 7
⚠️ Not connected to MQTT, retrying...
✅ Connected to AWS IoT Core
⚠️ MQTT disconnected, reason: 7
✅ Connected to AWS IoT Core
⚠️ MQTT disconnected, reason: 7
✅ Connected to AWS IoT Core
⚠️ MQTT disconnected, reason: 7
⚠️ Not connected to MQTT, retrying...
✅ Connected to AWS IoT Core
⚠️ MQTT disconnected, reason: 7
⚠️ Not connected to MQTT, retrying...
✅ Connected to AWS IoT Core
⚠️ MQTT disconnected, reason: 7
⚠️ Not connected to MQTT, retrying...
✅ Connected to AWS IoT Core
⚠️ MQTT disconnected, reason: 7
✅ Connected to AWS IoT Core
⚠️ MQTT disconnected, reason: 7
✅ Connected to AWS IoT Core
⚠️ MQTT disconnected, reason: 7
✅ Connected to AWS IoT Core
⚠️ MQTT disconnected, reason: 7
✅ Connected to AWS IoT Core
⚠️ MQTT disconnected, reason: 7
✅ Connected to AWS IoT Core
⚠️ MQTT disconnected, reason: 7
✅ Connected to AWS IoT Core
⚠️ MQTT disconnected, reason: 7
✅ Connected to AWS IoT Core
⚠️ MQTT disconnected, reason: 7
✅ Connected to AWS IoT Core
⚠️ MQTT disconnected, reason: 7
✅ Connected to AWS IoT Core
⚠️ MQTT disconnected, reason: 7
✅ Connected to AWS IoT Core
⚠️ MQTT disconnected, reason: 7
✅ Connected to AWS IoT Core
⚠️ MQTT disconnected, reason: 7
⚠️ Not connected to MQTT, retrying...
✅ Connected to AWS IoT Core
⚠️ MQTT disconnected, reason: 7
⚠️ Not connected to MQTT, retrying...
✅ Connected to AWS IoT Core
⚠️ MQTT disconnected, reason: 7
⚠️ Not connected to MQTT, retrying...
✅ Connected to AWS IoT Core
⚠️ MQTT disconnected, reason: 7
⚠️ Not connected to MQTT, retrying...
✅ Connected to AWS IoT Core
⚠️ MQTT disconnected, reason: 7
⚠️ Not connected to MQTT, retrying...
✅ Connected to AWS IoT Core
⚠️ MQTT disconnected, reason: 7
✅ Connected to AWS IoT Core
⚠️ MQTT disconnected, reason: 7
⚠️ Not connected to MQTT, retrying...
✅ Connected to AWS IoT Core
⚠️ MQTT disconnected, reason: 7
⚠️ Not connected to MQTT, retrying...
✅ Connected to AWS IoT Core
⚠️ MQTT disconnected, reason: 7
⚠️ Not connected to MQTT, retrying...
✅ Connected to AWS IoT Core
⚠️ MQTT disconnected, reason: 7
✅ Connected to AWS IoT Core
⚠️ MQTT disconnected, reason: 7
✅ Connected to AWS IoT Core
⚠️ MQTT disconnected, reason: 7
✅ Connected to AWS IoT Core
⚠️ MQTT disconnected, reason: 7
⚠️ Not connected to MQTT, retrying...
✅ Connected to AWS IoT Core
⚠️ MQTT disconnected, reason: 7
⚠️ Not connected to MQTT, retrying...
✅ Connected to AWS IoT Core
⚠️ MQTT disconnected, reason: 7
⚠️ Not connected to MQTT, retrying...
✅ Connected to AWS IoT Core
⚠️ MQTT disconnected, reason: 7
✅ Connected to AWS IoT Core
⚠️ MQTT disconnected, reason: 7
⚠️ Not connected to MQTT, retrying...
✅ Connected to AWS IoT Core
⚠️ MQTT disconnected, reason: 7
⚠️ Not connected to MQTT, retrying...
✅ Connected to AWS IoT Core
⚠️ MQTT disconnected, reason: 7
⚠️ Not connected to MQTT, retrying...
✅ Connected to AWS IoT Core
⚠️ MQTT disconnected, reason: 7
⚠️ Not connected to MQTT, retrying...
✅ Connected to AWS IoT Core
⚠️ MQTT disconnected, reason: 7
✅ Connected to AWS IoT Core
⚠️ MQTT disconnected, reason: 7
⚠️ Not connected to MQTT, retrying...
✅ Connected to AWS IoT Core
⚠️ MQTT disconnected, reason: 7
⚠️ Not connected to MQTT, retrying...
✅ Connected to AWS IoT Core
⚠️ MQTT disconnected, reason: 7
⚠️ Not connected to MQTT, retrying...
✅ Connected to AWS IoT Core
⚠️ MQTT disconnected, reason: 7
⚠️ Not connected to MQTT, retrying...
✅ Connected to AWS IoT Core
⚠️ MQTT disconnected, reason: 7
⚠️ Not connected to MQTT, retrying...
✅ Connected to AWS IoT Core
⚠️ MQTT disconnected, reason: 7
⚠️ Not connected to MQTT, retrying...
✅ Connected to AWS IoT Core
⚠️ MQTT disconnected, reason: 7
⚠️ Not connected to MQTT, retrying...
✅ Connected to AWS IoT Core
⚠️ MQTT disconnected, reason: 7
⚠️ Not connected to MQTT, retrying...
✅ Connected to AWS IoT Core
⚠️ MQTT disconnected, reason: 7
⚠️ Not connected to MQTT, retrying...
✅ Connected to AWS IoT Core
⚠️ MQTT disconnected, reason: 7
✅ Connected to AWS IoT Core
⚠️ MQTT disconnected, reason: 7
⚠️ Not connected to MQTT, retrying...
✅ Connected to AWS IoT Core
⚠️ MQTT disconnected, reason: 7
✅ Connected to AWS IoT Core
⚠️ MQTT disconnected, reason: 7
✅ Connected to AWS IoT Core
⚠️ MQTT disconnected, reason: 7
✅ Connected to AWS IoT Core
⚠️ MQTT disconnected, reason: 7
✅ Connected to AWS IoT Core
⚠️ MQTT disconnected, reason: 7
⚠️ Not connected to MQTT, retrying...
✅ Connected to AWS IoT Core
⚠️ MQTT disconnected, reason: 7
⚠️ Not connected to MQTT, retrying...
✅ Connected to AWS IoT Core
⚠️ MQTT disconnected, reason: 7
✅ Connected to AWS IoT Core
⚠️ MQTT disconnected, reason: 7
⚠️ Not connected to MQTT, retrying...
✅ Connected to AWS IoT Core
⚠️ MQTT disconnected, reason: 7
⚠️ Not connected to MQTT, retrying...
✅ Connected to AWS IoT Core
⚠️ MQTT disconnected, reason: 7
⚠️ Not connected to MQTT, retrying...
✅ Connected to AWS IoT Core
⚠️ MQTT disconnected, reason: 7
✅ Connected to AWS IoT Core
⚠️ MQTT disconnected, reason: 7
⚠️ Not connected to MQTT, retrying...
✅ Connected to AWS IoT Core
⚠️ MQTT disconnected, reason: 7
⚠️ Not connected to MQTT, retrying...
✅ Connected to AWS IoT Core
⚠️ MQTT disconnected, reason: 7
⚠️ Not connected to MQTT, retrying...
✅ Connected to AWS IoT Core
⚠️ MQTT disconnected, reason: 7
⚠️ Not connected to MQTT, retrying...
✅ Connected to AWS IoT Core
⚠️ MQTT disconnected, reason: 7
✅ Connected to AWS IoT Core
⚠️ MQTT disconnected, reason: 7
⚠️ Not connected to MQTT, retrying...
✅ Connected to AWS IoT Core
⚠️ MQTT disconnected, reason: 7
⚠️ Not connected to MQTT, retrying...
✅ Connected to AWS IoT Core
⚠️ MQTT disconnected, reason: 7
⚠️ Not connected to MQTT, retrying...
✅ Connected to AWS IoT Core
⚠️ MQTT disconnected, reason: 7
⚠️ Not connected to MQTT, retrying...
✅ Connected to AWS IoT Core
⚠️ MQTT disconnected, reason: 7
✅ Connected to AWS IoT Core
⚠️ MQTT disconnected, reason: 7
✅ Connected to AWS IoT Core
⚠️ MQTT disconnected, reason: 7
⚠️ MQTT disconnected, reason: 7
✅ Connected to AWS IoT Core
⚠️ MQTT disconnected, reason: 7
⚠️ Not connected to MQTT, retrying...
✅ Connected to AWS IoT Core
⚠️ MQTT disconnected, reason: 7
⚠️ Not connected to MQTT, retrying...
✅ Connected to AWS IoT Core
⚠️ MQTT disconnected, reason: 7
⚠️ Not connected to MQTT, retrying...
✅ Connected to AWS IoT Core
⚠️ MQTT disconnected, reason: 7
⚠️ Not connected to MQTT, retrying...
✅ Connected to AWS IoT Core
⚠️ MQTT disconnected, reason: 7
⚠️ Not connected to MQTT, retrying...
✅ Connected to AWS IoT Core
⚠️ MQTT disconnected, reason: 7
⚠️ Not connected to MQTT, retrying...
✅ Connected to AWS IoT Core
⚠️ MQTT disconnected, reason: 7
⚠️ Not connected to MQTT, retrying...
✅ Connected to AWS IoT Core
⚠️ MQTT disconnected, reason: 7
⚠️ Not connected to MQTT, retrying...
✅ Connected to AWS IoT Core
⚠️ MQTT disconnected, reason: 7
✅ Connected to AWS IoT Core
⚠️ MQTT disconnected, reason: 7
⚠️ Not connected to MQTT, retrying...
✅ Connected to AWS IoT Core
⚠️ MQTT disconnected, reason: 7
⚠️ Not connected to MQTT, retrying...
✅ Connected to AWS IoT Core
⚠️ MQTT disconnected, reason: 7
⚠️ Not connected to MQTT, retrying...
✅ Connected to AWS IoT Core
⚠️ MQTT disconnected, reason: 7
⚠️ Not connected to MQTT, retrying...
✅ Connected to AWS IoT Core
⚠️ MQTT disconnected, reason: 7
⚠️ Not connected to MQTT, retrying...
✅ Connected to AWS IoT Core
⚠️ MQTT disconnected, reason: 7
⚠️ Not connected to MQTT, retrying...
✅ Connected to AWS IoT Core
⚠️ MQTT disconnected, reason: 7
⚠️ Not connected to MQTT, retrying...
✅ Connected to AWS IoT Core
⚠️ MQTT disconnected, reason: 7
⚠️ Not connected to MQTT, retrying...
✅ Connected to AWS IoT Core
⚠️ MQTT disconnected, reason: 7
⚠️ Not connected to MQTT, retrying...
✅ Connected to AWS IoT Core
⚠️ MQTT disconnected, reason: 7
⚠️ Not connected to MQTT, retrying...
✅ Connected to AWS IoT Core
⚠️ MQTT disconnected, reason: 7
✅ Connected to AWS IoT Core
⚠️ MQTT disconnected, reason: 7
✅ Connected to AWS IoT Core
⚠️ MQTT disconnected, reason: 7
✅ Connected to AWS IoT Core
⚠️ MQTT disconnected, reason: 7
⚠️ Not connected to MQTT, retrying...
✅ Connected to AWS IoT Core
⚠️ MQTT disconnected, reason: 7
✅ Connected to AWS IoT Core
⚠️ MQTT disconnected, reason: 7
⚠️ MQTT disconnected, reason: 7
✅ Connected to AWS IoT Core
⚠️ MQTT disconnected, reason: 7
⚠️ Not connected to MQTT, retrying...
✅ Connected to AWS IoT Core
⚠️ MQTT disconnected, reason: 7
⚠️ Not connected to MQTT, retrying...
✅ Connected to AWS IoT Core
⚠️ MQTT disconnected, reason: 7
⚠️ Not connected to MQTT, retrying...
✅ Connected to AWS IoT Core
⚠️ MQTT disconnected, reason: 7
⚠️ Not connected to MQTT, retrying...
✅ Connected to AWS IoT Core
⚠️ MQTT disconnected, reason: 7
✅ Connected to AWS IoT Core
⚠️ MQTT disconnected, reason: 7
✅ Uploaded | id=8510 BP=18518.0 FP=6020.0 CR=21099.0 BC=5423.0 timestamp="2026-02-09 10:15:19"
📤 AWS IoT Sent {'id': 8510, 'bp': 18518.0, 'fp': 6020.0, 'cr': 21099.0, 'bc': 5423.0, 'timestamp': '2026-02-09 10:15:19'}
⚠️ Not connected to MQTT, retrying...
✅ Connected to AWS IoT Core
⚠️ MQTT disconnected, reason: 7
⚠️ Not connected to MQTT, retrying...
✅ Connected to AWS IoT Core
⚠️ MQTT disconnected, reason: 7
⚠️ Not connected to MQTT, retrying...
✅ Connected to AWS IoT Core
⚠️ MQTT disconnected, reason: 7
⚠️ Not connected to MQTT, retrying...
⚠️ MQTT disconnected, reason: 7
✅ Connected to AWS IoT Core
✅ Connected to AWS IoT Core
⚠️ MQTT disconnected, reason: 7
⚠️ Not connected to MQTT, retrying...
✅ Connected to AWS IoT Core
⚠️ MQTT disconnected, reason: 7
⚠️ Not connected to MQTT, retrying...
✅ Connected to AWS IoT Core
⚠️ MQTT disconnected, reason: 7
⚠️ Not connected to MQTT, retrying...
✅ Connected to AWS IoT Core
⚠️ MQTT disconnected, reason: 7
⚠️ Not connected to MQTT, retrying...
✅ Connected to AWS IoT Core
⚠️ MQTT disconnected, reason: 7
⚠️ Not connected to MQTT, retrying...
✅ Connected to AWS IoT Core
⚠️ MQTT disconnected, reason: 7
⚠️ Not connected to MQTT, retrying...
✅ Connected to AWS IoT Core
✅ Uploaded | id=8514 BP=15279.0 FP=7006.0 CR=14102.0 BC=8005.0 timestamp="2026-02-09 10:15:49"
📤 AWS IoT Sent {'id': 8514, 'bp': 15279.0, 'fp': 7006.0, 'cr': 14102.0, 'bc': 8005.0, 'timestamp': '2026-02-09 10:15:49'}
⚠️ MQTT disconnected, reason: 7
⚠️ Not connected to MQTT, retrying...
✅ Connected to AWS IoT Core
⚠️ MQTT disconnected, reason: 7
⚠️ Not connected to MQTT, retrying...
✅ Connected to AWS IoT Core
⚠️ MQTT disconnected, reason: 7
⚠️ Not connected to MQTT, retrying...
✅ Connected to AWS IoT Core
✅ Uploaded | id=8515 BP=4841.0 FP=23221.0 CR=4964.0 BC=22299.0 timestamp="2026-02-09 10:15:54"
📤 AWS IoT Sent {'id': 8515, 'bp': 4841.0, 'fp': 23221.0, 'cr': 4964.0, 'bc': 22299.0, 'timestamp': '2026-02-09 10:15:54'}
⚠️ MQTT disconnected, reason: 7
⚠️ Not connected to MQTT, retrying...
✅ Connected to AWS IoT Core
✅ Uploaded | id=8516 BP=16714.0 FP=7065.0 CR=8817.0 BC=15957.0 timestamp="2026-02-09 10:15:59"
📤 AWS IoT Sent {'id': 8516, 'bp': 16714.0, 'fp': 7065.0, 'cr': 8817.0, 'bc': 15957.0, 'timestamp': '2026-02-09 10:15:59'}
✅ Uploaded | id=8517 BP=8121.0 FP=14779.0 CR=8470.0 BC=16033.0 timestamp="2026-02-09 10:16:04"
📤 AWS IoT Sent {'id': 8517, 'bp': 8121.0, 'fp': 14779.0, 'cr': 8470.0, 'bc': 16033.0, 'timestamp': '2026-02-09 10:16:04'}
✅ Uploaded | id=8518 BP=12528.0 FP=9744.0 CR=14545.0 BC=8645.0 timestamp="2026-02-09 10:16:09"
📤 AWS IoT Sent {'id': 8518, 'bp': 12528.0, 'fp': 9744.0, 'cr': 14545.0, 'bc': 8645.0, 'timestamp': '2026-02-09 10:16:09'}
⚠️ MQTT disconnected, reason: 7
⚠️ Not connected to MQTT, retrying...
✅ Connected to AWS IoT Core
✅ Uploaded | id=8519 BP=5030.0 FP=5005.0 CR=4940.0 BC=5027.0 timestamp="2026-02-09 10:16:14"
📤 AWS IoT Sent {'id': 8519, 'bp': 5030.0, 'fp': 5005.0, 'cr': 4940.0, 'bc': 5027.0, 'timestamp': '2026-02-09 10:16:14'}
⚠️ MQTT disconnected, reason: 7
⚠️ Not connected to MQTT, retrying...
✅ Connected to AWS IoT Core
⚠️ MQTT disconnected, reason: 7
⚠️ Not connected to MQTT, retrying...
✅ Connected to AWS IoT Core
⚠️ MQTT disconnected, reason: 7
⚠️ Not connected to MQTT, retrying...
✅ Connected to AWS IoT Core
⚠️ MQTT disconnected, reason: 7
⚠️ Not connected to MQTT, retrying...
✅ Connected to AWS IoT Core
⚠️ MQTT disconnected, reason: 7
⚠️ Not connected to MQTT, retrying...
✅ Connected to AWS IoT Core
⚠️ MQTT disconnected, reason: 7
⚠️ Not connected to MQTT, retrying...
✅ Connected to AWS IoT Core
⚠️ MQTT disconnected, reason: 7
⚠️ Not connected to MQTT, retrying...
✅ Connected to AWS IoT Core
⚠️ MQTT disconnected, reason: 7
✅ Connected to AWS IoT Core
⚠️ MQTT disconnected, reason: 7
✅ Connected to AWS IoT Core
⚠️ MQTT disconnected, reason: 7
✅ Connected to AWS IoT Core
⚠️ MQTT disconnected, reason: 7
✅ Connected to AWS IoT Core
⚠️ MQTT disconnected, reason: 7
✅ Connected to AWS IoT Core
⚠️ MQTT disconnected, reason: 7
✅ Connected to AWS IoT Core
⚠️ MQTT disconnected, reason: 7
⚠️ Not connected to MQTT, retrying...
✅ Connected to AWS IoT Core
⚠️ MQTT disconnected, reason: 7
✅ Connected to AWS IoT Core
⚠️ MQTT disconnected, reason: 7
⚠️ Not connected to MQTT, retrying...
✅ Connected to AWS IoT Core
⚠️ MQTT disconnected, reason: 7
⚠️ Not connected to MQTT, retrying...
✅ Connected to AWS IoT Core
⚠️ MQTT disconnected, reason: 7
⚠️ Not connected to MQTT, retrying...
✅ Connected to AWS IoT Core
⚠️ MQTT disconnected, reason: 7
⚠️ Not connected to MQTT, retrying...
✅ Connected to AWS IoT Core
⚠️ MQTT disconnected, reason: 7
✅ Connected to AWS IoT Core
⚠️ MQTT disconnected, reason: 7
⚠️ Not connected to MQTT, retrying...
✅ Connected to AWS IoT Core
⚠️ MQTT disconnected, reason: 7
⚠️ Not connected to MQTT, retrying...
✅ Connected to AWS IoT Core
⚠️ MQTT disconnected, reason: 7
⚠️ Not connected to MQTT, retrying...
✅ Connected to AWS IoT Core
⚠️ MQTT disconnected, reason: 7
⚠️ Not connected to MQTT, retrying...
✅ Connected to AWS IoT Core
⚠️ MQTT disconnected, reason: 7
⚠️ Not connected to MQTT, retrying...
✅ Connected to AWS IoT Core
⚠️ MQTT disconnected, reason: 7
⚠️ Not connected to MQTT, retrying...
✅ Connected to AWS IoT Core
⚠️ MQTT disconnected, reason: 7
⚠️ Not connected to MQTT, retrying...
✅ Connected to AWS IoT Core
⚠️ MQTT disconnected, reason: 7
⚠️ Not connected to MQTT, retrying...
✅ Connected to AWS IoT Core
⚠️ MQTT disconnected, reason: 7
⚠️ Not connected to MQTT, retrying...
✅ Connected to AWS IoT Core
⚠️ MQTT disconnected, reason: 7
⚠️ Not connected to MQTT, retrying...
✅ Connected to AWS IoT Core
⚠️ MQTT disconnected, reason: 7
✅ Connected to AWS IoT Core
⚠️ MQTT disconnected, reason: 7
⚠️ Not connected to MQTT, retrying...
✅ Connected to AWS IoT Core
⚠️ MQTT disconnected, reason: 7
⚠️ Not connected to MQTT, retrying...
✅ Connected to AWS IoT Core
⚠️ MQTT disconnected, reason: 7
⚠️ Not connected to MQTT, retrying...
✅ Connected to AWS IoT Core
⚠️ MQTT disconnected, reason: 7
✅ Connected to AWS IoT Core
⚠️ MQTT disconnected, reason: 7
✅ Connected to AWS IoT Core
⚠️ MQTT disconnected, reason: 7
⚠️ Not connected to MQTT, retrying...
✅ Connected to AWS IoT Core
⚠️ MQTT disconnected, reason: 7
⚠️ Not connected to MQTT, retrying...
✅ Connected to AWS IoT Core
⚠️ MQTT disconnected, reason: 7
⚠️ Not connected to MQTT, retrying...
✅ Connected to AWS IoT Core
⚠️ MQTT disconnected, reason: 7
⚠️ Not connected to MQTT, retrying...
✅ Connected to AWS IoT Core
⚠️ MQTT disconnected, reason: 7
⚠️ Not connected to MQTT, retrying...
✅ Connected to AWS IoT Core
⚠️ MQTT disconnected, reason: 7
✅ Connected to AWS IoT Core
⚠️ MQTT disconnected, reason: 7
⚠️ Not connected to MQTT, retrying...
✅ Connected to AWS IoT Core
⚠️ MQTT disconnected, reason: 7
⚠️ Not connected to MQTT, retrying...
✅ Connected to AWS IoT Core
⚠️ MQTT disconnected, reason: 7
⚠️ Not connected to MQTT, retrying...
✅ Connected to AWS IoT Core
⚠️ MQTT disconnected, reason: 7
⚠️ Not connected to MQTT, retrying...
✅ Connected to AWS IoT Core
⚠️ MQTT disconnected, reason: 7
✅ Connected to AWS IoT Core
⚠️ MQTT disconnected, reason: 7
⚠️ Not connected to MQTT, retrying...
✅ Connected to AWS IoT Core
⚠️ MQTT disconnected, reason: 7
⚠️ Not connected to MQTT, retrying...
✅ Connected to AWS IoT Core
⚠️ MQTT disconnected, reason: 7
⚠️ Not connected to MQTT, retrying...
✅ Connected to AWS IoT Core
⚠️ MQTT disconnected, reason: 7
✅ Connected to AWS IoT Core
⚠️ MQTT disconnected, reason: 7
⚠️ Not connected to MQTT, retrying...
✅ Connected to AWS IoT Core
⚠️ MQTT disconnected, reason: 7
⚠️ Not connected to MQTT, retrying...
✅ Connected to AWS IoT Core
⚠️ MQTT disconnected, reason: 7
⚠️ Not connected to MQTT, retrying...
✅ Connected to AWS IoT Core
⚠️ MQTT disconnected, reason: 7
⚠️ Not connected to MQTT, retrying...
✅ Connected to AWS IoT Core
⚠️ MQTT disconnected, reason: 7
⚠️ Not connected to MQTT, retrying...
✅ Connected to AWS IoT Core
⚠️ MQTT disconnected, reason: 7
✅ Connected to AWS IoT Core
⚠️ MQTT disconnected, reason: 7
⚠️ Not connected to MQTT, retrying...
✅ Connected to AWS IoT Core
⚠️ MQTT disconnected, reason: 7
⚠️ Not connected to MQTT, retrying...
✅ Connected to AWS IoT Core
⚠️ MQTT disconnected, reason: 7
⚠️ Not connected to MQTT, retrying...
✅ Connected to AWS IoT Core
⚠️ MQTT disconnected, reason: 7
⚠️ Not connected to MQTT, retrying...
⚠️ MQTT disconnected, reason: 7
✅ Connected to AWS IoT Core
⚠️ MQTT disconnected, reason: 7
✅ Connected to AWS IoT Core
⚠️ MQTT disconnected, reason: 7
✅ Connected to AWS IoT Core
⚠️ MQTT disconnected, reason: 7
✅ Connected to AWS IoT Core
⚠️ MQTT disconnected, reason: 7
⚠️ Not connected to MQTT, retrying...
✅ Connected to AWS IoT Core
⚠️ MQTT disconnected, reason: 7
⚠️ Not connected to MQTT, retrying...
✅ Connected to AWS IoT Core
⚠️ MQTT disconnected, reason: 7
⚠️ Not connected to MQTT, retrying...
✅ Connected to AWS IoT Core
⚠️ MQTT disconnected, reason: 7
⚠️ Not connected to MQTT, retrying...
✅ Connected to AWS IoT Core
⚠️ MQTT disconnected, reason: 7
✅ Connected to AWS IoT Core
⚠️ MQTT disconnected, reason: 7
⚠️ Not connected to MQTT, retrying...
✅ Connected to AWS IoT Core
⚠️ MQTT disconnected, reason: 7
⚠️ Not connected to MQTT, retrying...
✅ Connected to AWS IoT Core
⚠️ MQTT disconnected, reason: 7
⚠️ Not connected to MQTT, retrying...
✅ Connected to AWS IoT Core
⚠️ MQTT disconnected, reason: 7
⚠️ Not connected to MQTT, retrying...
✅ Connected to AWS IoT Core
⚠️ MQTT disconnected, reason: 7
⚠️ Not connected to MQTT, retrying...
✅ Connected to AWS IoT Core
⚠️ MQTT disconnected, reason: 7
⚠️ Not connected to MQTT, retrying...
✅ Connected to AWS IoT Core
⚠️ MQTT disconnected, reason: 7
⚠️ Not connected to MQTT, retrying...
✅ Connected to AWS IoT Core
⚠️ MQTT disconnected, reason: 7
⚠️ Not connected to MQTT, retrying...
✅ Connected to AWS IoT Core
⚠️ MQTT disconnected, reason: 7
✅ Connected to AWS IoT Core
⚠️ MQTT disconnected, reason: 7
✅ Connected to AWS IoT Core
⚠️ MQTT disconnected, reason: 7
✅ Connected to AWS IoT Core
⚠️ MQTT disconnected, reason: 7
✅ Connected to AWS IoT Core
⚠️ MQTT disconnected, reason: 7
⚠️ Not connected to MQTT, retrying...
✅ Connected to AWS IoT Core
⚠️ MQTT disconnected, reason: 7
⚠️ Not connected to MQTT, retrying...
✅ Connected to AWS IoT Core
⚠️ MQTT disconnected, reason: 7
⚠️ Not connected to MQTT, retrying...
✅ Connected to AWS IoT Core
⚠️ MQTT disconnected, reason: 7
⚠️ Not connected to MQTT, retrying...
✅ Connected to AWS IoT Core
⚠️ MQTT disconnected, reason: 7
✅ Connected to AWS IoT Core
⚠️ MQTT disconnected, reason: 7
✅ Connected to AWS IoT Core
⚠️ MQTT disconnected, reason: 7
⚠️ Not connected to MQTT, retrying...
✅ Connected to AWS IoT Core
⚠️ MQTT disconnected, reason: 7
⚠️ Not connected to MQTT, retrying...
✅ Connected to AWS IoT Core
⚠️ MQTT disconnected, reason: 7
⚠️ Not connected to MQTT, retrying...
✅ Connected to AWS IoT Core
⚠️ MQTT disconnected, reason: 7
✅ Connected to AWS IoT Core
⚠️ MQTT disconnected, reason: 7
⚠️ Not connected to MQTT, retrying...
✅ Connected to AWS IoT Core
⚠️ MQTT disconnected, reason: 7
⚠️ Not connected to MQTT, retrying...
✅ Connected to AWS IoT Core
⚠️ MQTT disconnected, reason: 7
⚠️ Not connected to MQTT, retrying...
✅ Connected to AWS IoT Core
⚠️ MQTT disconnected, reason: 7
⚠️ Not connected to MQTT, retrying...
✅ Connected to AWS IoT Core
⚠️ MQTT disconnected, reason: 7
✅ Connected to AWS IoT Core
⚠️ MQTT disconnected, reason: 7
✅ Connected to AWS IoT Core
⚠️ MQTT disconnected, reason: 7
⚠️ Not connected to MQTT, retrying...
✅ Connected to AWS IoT Core
⚠️ MQTT disconnected, reason: 7
✅ Connected to AWS IoT Core
⚠️ MQTT disconnected, reason: 7
⚠️ Not connected to MQTT, retrying...
✅ Connected to AWS IoT Core
⚠️ MQTT disconnected, reason: 7
⚠️ Not connected to MQTT, retrying...
✅ Connected to AWS IoT Core
⚠️ MQTT disconnected, reason: 7
⚠️ Not connected to MQTT, retrying...
✅ Connected to AWS IoT Core
⚠️ MQTT disconnected, reason: 7
✅ Connected to AWS IoT Core
✅ Uploaded | id=8520 BP=6507.0 FP=13372.0 CR=7674.0 BC=12946.0 timestamp="2026-02-09 10:24:38"
📤 AWS IoT Sent {'id': 8520, 'bp': 6507.0, 'fp': 13372.0, 'cr': 7674.0, 'bc': 12946.0, 'timestamp': '2026-02-09 10:24:38'}
✅ Uploaded | id=8521 BP=2954.0 FP=18324.0 CR=4067.0 BC=17919.0 timestamp="2026-02-09 10:24:43"
📤 AWS IoT Sent {'id': 8521, 'bp': 2954.0, 'fp': 18324.0, 'cr': 4067.0, 'bc': 17919.0, 'timestamp': '2026-02-09 10:24:43'}
✅ Uploaded | id=8522 BP=5073.0 FP=17829.0 CR=9011.0 BC=15647.0 timestamp="2026-02-09 10:24:48"
📤 AWS IoT Sent {'id': 8522, 'bp': 5073.0, 'fp': 17829.0, 'cr': 9011.0, 'bc': 15647.0, 'timestamp': '2026-02-09 10:24:48'}
⚠️ MQTT disconnected, reason: 7
⚠️ Not connected to MQTT, retrying...
✅ Connected to AWS IoT Core
⚠️ MQTT disconnected, reason: 7
⚠️ Not connected to MQTT, retrying...
✅ Connected to AWS IoT Core
✅ Uploaded | id=8523 BP=21656.0 FP=5542.0 CR=22674.0 BC=5370.0 timestamp="2026-02-09 10:24:53"
📤 AWS IoT Sent {'id': 8523, 'bp': 21656.0, 'fp': 5542.0, 'cr': 22674.0, 'bc': 5370.0, 'timestamp': '2026-02-09 10:24:53'}
✅ Uploaded | id=8524 BP=18990.0 FP=5699.0 CR=21474.0 BC=5465.0 timestamp="2026-02-09 10:24:58"
📤 AWS IoT Sent {'id': 8524, 'bp': 18990.0, 'fp': 5699.0, 'cr': 21474.0, 'bc': 5465.0, 'timestamp': '2026-02-09 10:24:58'}
⚠️ MQTT disconnected, reason: 7
⚠️ Not connected to MQTT, retrying...
✅ Connected to AWS IoT Core
⚠️ MQTT disconnected, reason: 7
✅ Connected to AWS IoT Core
⚠️ MQTT disconnected, reason: 7
⚠️ Not connected to MQTT, retrying...
✅ Connected to AWS IoT Core
⚠️ MQTT disconnected, reason: 7
⚠️ Not connected to MQTT, retrying...
✅ Connected to AWS IoT Core
⚠️ MQTT disconnected, reason: 7
⚠️ Not connected to MQTT, retrying...
✅ Connected to AWS IoT Core
⚠️ MQTT disconnected, reason: 7
⚠️ Not connected to MQTT, retrying...
✅ Connected to AWS IoT Core=== DEBUG START ===
DB exists: True
CA exists: True
CERT exists: True
KEY exists: True
=== DEBUG END ===
⚠️ Network not ready, waiting 5s...
⚠️ Network not ready, waiting 5s...
⚠️ Network not ready, waiting 5s...
⚠️ Network not ready, waiting 5s...
⚠️ Network not ready, waiting 5s...
⚠️ Network not ready, waiting 5s...
⚠️ Network not ready, waiting 5s...
⚠️ Network not ready, waiting 5s...
⚠️ Network not ready, waiting 5s...
⚠️ Network not ready, waiting 5s...
⚠️ Network not ready, waiting 5s...
⚠️ Network not ready, waiting 5s...
⚠️ Network not ready, waiting 5s...
⚠️ Network not ready, waiting 5s...
⚠️ Network not ready, waiting 5s...
⚠️ Network not ready, waiting 5s...
⚠️ Network not ready, waiting 5s...
⚠️ Network not ready, waiting 5s...
⚠️ Network not ready, waiting 5s...
⚠️ Network not ready, waiting 5s...
⚠️ Network not ready, waiting 5s...
⚠️ Network not ready, waiting 5s...
⚠️ Network not ready, waiting 5s...
⚠️ Network not ready, waiting 5s...
⚠️ Network not ready, waiting 5s...
⚠️ Network not ready, waiting 5s...
⚠️ Network not ready, waiting 5s...
⚠️ Network not ready, waiting 5s...
⚠️ Network not ready, waiting 5s...
⚠️ Network not ready, waiting 5s...
⚠️ Network not ready, waiting 5s...
⚠️ Network not ready, waiting 5s...
⚠️ Network not ready, waiting 5s...
⚠️ Network not ready, waiting 5s...
⚠️ Network not ready, waiting 5s...
⚠️ Network not ready, waiting 5s...
⚠️ Network not ready, waiting 5s...
⚠️ Network not ready, waiting 5s...
⚠️ Network not ready, waiting 5s...
⚠️ Network not ready, waiting 5s...
⚠️ Network not ready, waiting 5s...
⚠️ Network not ready, waiting 5s...
⚠️ Network not ready, waiting 5s...
⚠️ Network not ready, waiting 5s...
⚠️ Network not ready, waiting 5s...
⚠️ Network not ready, waiting 5s...
⚠️ Network not ready, waiting 5s...
⚠️ Network not ready, waiting 5s...
⚠️ Network not ready, waiting 5s...
⚠️ Network not ready, waiting 5s...
⚠️ Network not ready, waiting 5s...
⚠️ Network not ready, waiting 5s...
⚠️ Network not ready, waiting 5s...
⚠️ Network not ready, waiting 5s...
⚠️ Network not ready, waiting 5s...
⚠️ Network not ready, waiting 5s...
⚠️ Network not ready, waiting 5s...
⚠️ Network not ready, waiting 5s...
⚠️ Network not ready, waiting 5s...
⚠️ Network not ready, waiting 5s...
⚠️ Network not ready, waiting 5s...
⚠️ Network not ready, waiting 5s...
⚠️ Network not ready, waiting 5s...
⚠️ Network not ready, waiting 5s...
⚠️ Network not ready, waiting 5s...
⚠️ Network not ready, waiting 5s...
⚠️ Network not ready, waiting 5s...
⚠️ Network not ready, waiting 5s...
⚠️ Network not ready, waiting 5s...
⚠️ Network not ready, waiting 5s...
⚠️ Network not ready, waiting 5s...
⚠️ Network not ready, waiting 5s...
⚠️ Network not ready, waiting 5s...
⚠️ Network not ready, waiting 5s...
⚠️ Network not ready, waiting 5s...
⚠️ Network not ready, waiting 5s...
⚠️ Network not ready, waiting 5s...
⚠️ Network not ready, waiting 5s...
⚠️ Network not ready, waiting 5s...
⚠️ Network not ready, waiting 5s...
⚠️ Network not ready, waiting 5s...
⚠️ Network not ready, waiting 5s...
⚠️ Network not ready, waiting 5s...
⚠️ Network not ready, waiting 5s...
⚠️ Network not ready, waiting 5s...
⚠️ Network not ready, waiting 5s...
⚠️ Network not ready, waiting 5s...
⚠️ Network not ready, waiting 5s...
⚠️ Network not ready, waiting 5s...
⚠️ Network not ready, waiting 5s...
⚠️ Network not ready, waiting 5s...
⚠️ Network not ready, waiting 5s...
⚠️ Network not ready, waiting 5s...
⚠️ Network not ready, waiting 5s...
⚠️ Network not ready, waiting 5s...
⚠️ Network not ready, waiting 5s...
⚠️ Network not ready, waiting 5s...
⚠️ Network not ready, waiting 5s...
⚠️ Network not ready, waiting 5s...
⚠️ Network not ready, waiting 5s...
⚠️ Network not ready, waiting 5s...
⚠️ Network not ready, waiting 5s...
⚠️ Network not ready, waiting 5s...
⚠️ Network not ready, waiting 5s...
⚠️ Network not ready, waiting 5s...
⚠️ Network not ready, waiting 5s...
⚠️ Network not ready, waiting 5s...
⚠️ Network not ready, waiting 5s...
⚠️ Network not ready, waiting 5s...
⚠️ Network not ready, waiting 5s...
⚠️ Network not ready, waiting 5s...
⚠️ Network not ready, waiting 5s...
⚠️ Network not ready, waiting 5s...
⚠️ Network not ready, waiting 5s...
⚠️ Network not ready, waiting 5s...
⚠️ Network not ready, waiting 5s...
⚠️ Network not ready, waiting 5s...
⚠️ Network not ready, waiting 5s...
⚠️ Network not ready, waiting 5s...
⚠️ Network not ready, waiting 5s...
⚠️ Network not ready, waiting 5s...
⚠️ Network not ready, waiting 5s...
⚠️ Network not ready, waiting 5s...
⚠️ Network not ready, waiting 5s...
⚠️ Network not ready, waiting 5s...
⚠️ Network not ready, waiting 5s...
⚠️ Network not ready, waiting 5s...
⚠️ Network not ready, waiting 5s...
⚠️ Network not ready, waiting 5s...
⚠️ Network not ready, waiting 5s...
⚠️ Network not ready, waiting 5s...
⚠️ Network not ready, waiting 5s...
⚠️ Network not ready, waiting 5s...
⚠️ Network not ready, waiting 5s...
⚠️ Network not ready, waiting 5s...
⚠️ Network not ready, waiting 5s...
⚠️ Network not ready, waiting 5s...
⚠️ Network not ready, waiting 5s...
⚠️ Network not ready, waiting 5s...
⚠️ Network not ready, waiting 5s...
⚠️ Network not ready, waiting 5s...
⚠️ Network not ready, waiting 5s...
⚠️ Network not ready, waiting 5s...
⚠️ Network not ready, waiting 5s...
⚠️ Network not ready, waiting 5s...
⚠️ Network not ready, waiting 5s...
⚠️ Network not ready, waiting 5s...
⚠️ Network not ready, waiting 5s...
⚠️ Network not ready, waiting 5s...
⚠️ Network not ready, waiting 5s...
⚠️ Network not ready, waiting 5s...
⚠️ Network not ready, waiting 5s...
⚠️ Network not ready, waiting 5s...
⚠️ Network not ready, waiting 5s...
⚠️ Network not ready, waiting 5s...
⚠️ Network not ready, waiting 5s...
⚠️ Network not ready, waiting 5s...
⚠️ Network not ready, waiting 5s...
⚠️ Network not ready, waiting 5s...
⚠️ Network not ready, waiting 5s...
⚠️ Network not ready, waiting 5s...
⚠️ Network not ready, waiting 5s...
⚠️ Network not ready, waiting 5s...
⚠️ Network not ready, waiting 5s...
⚠️ Network not ready, waiting 5s...
⚠️ Network not ready, waiting 5s...
⚠️ Network not ready, waiting 5s...
⚠️ Network not ready, waiting 5s...
⚠️ Network not ready, waiting 5s...
⚠️ Network not ready, waiting 5s...
⚠️ Network not ready, waiting 5s...
⚠️ Network not ready, waiting 5s...
⚠️ Network not ready, waiting 5s...
⚠️ Network not ready, waiting 5s...
⚠️ Network not ready, waiting 5s...
⚠️ Network not ready, waiting 5s...
⚠️ Network not ready, waiting 5s...
⚠️ Network not ready, waiting 5s...
⚠️ Network not ready, waiting 5s...
⚠️ Network not ready, waiting 5s...
⚠️ Network not ready, waiting 5s...
⚠️ Network not ready, waiting 5s...
⚠️ Network not ready, waiting 5s...
⚠️ Network not ready, waiting 5s...
⚠️ Network not ready, waiting 5s...
⚠️ Network not ready, waiting 5s...
⚠️ Network not ready, waiting 5s...
⚠️ Network not ready, waiting 5s...
⚠️ Network not ready, waiting 5s...
⚠️ Network not ready, waiting 5s...
⚠️ Network not ready, waiting 5s...
⚠️ Network not ready, waiting 5s...
⚠️ Network not ready, waiting 5s...
⚠️ Network not ready, waiting 5s...
⚠️ Network not ready, waiting 5s...
⚠️ Network not ready, waiting 5s...
⚠️ Network not ready, waiting 5s...
⚠️ Network not ready, waiting 5s...
⚠️ Network not ready, waiting 5s...
⚠️ Network not ready, waiting 5s...
⚠️ Network not ready, waiting 5s...
⚠️ Network not ready, waiting 5s...
⚠️ Network not ready, waiting 5s.../home/pi_123/data/src/pressure_project/system_upload.py:78: DeprecationWarning: Callback API version 1 is deprecated, update to latest version
  client = mqtt.Client(client_id=CLIENT_ID, protocol=mqtt.MQTTv311)

⚠️ Network not ready, waiting 5s...
⚠️ Network not ready, waiting 5s...
⚠️ Network not ready, waiting 5s...
⚠️ Network not ready, waiting 5s...
⚠️ Network not ready, waiting 5s...
⚠️ Network not ready, waiting 5s...
⚠️ Network not ready, waiting 5s...
⚠️ Network not ready, waiting 5s...
⚠️ Network not ready, waiting 5s...
⚠️ Network not ready, waiting 5s...
⚠️ Network not ready, waiting 5s...
⚠️ Network not ready, waiting 5s...
⚠️ Network not ready, waiting 5s...
⚠️ Network not ready, waiting 5s...
⚠️ Network not ready, waiting 5s...
⚠️ Network not ready, waiting 5s...
⚠️ Network not ready, waiting 5s...
⚠️ Network not ready, waiting 5s...
⚠️ Network not ready, waiting 5s...
⚠️ Network not ready, waiting 5s...
⚠️ Network not ready, waiting 5s...
⚠️ Network not ready, waiting 5s...
⚠️ Network not ready, waiting 5s...
⚠️ Network not ready, waiting 5s...
⚠️ Network not ready, waiting 5s...
⚠️ Network not ready, waiting 5s...
⚠️ Network not ready, waiting 5s...
⚠️ Network not ready, waiting 5s...
⚠️ Network not ready, waiting 5s...
⚠️ Network not ready, waiting 5s...
⚠️ Network not ready, waiting 5s...
⚠️ Network not ready, waiting 5s...
⚠️ Network not ready, waiting 5s...
⚠️ Network not ready, waiting 5s...
⚠️ Network not ready, waiting 5s...
⚠️ Network not ready, waiting 5s...
⚠️ Network not ready, waiting 5s...
⚠️ Network not ready, waiting 5s...
⚠️ Network not ready, waiting 5s...
⚠️ Network not ready, waiting 5s...
⚠️ Network not ready, waiting 5s...
⚠️ Network not ready, waiting 5s...
⚠️ Network not ready, waiting 5s...
⚠️ Network not ready, waiting 5s...
⚠️ Network not ready, waiting 5s...
⚠️ Network not ready, waiting 5s...
⚠️ Network not ready, waiting 5s...
⚠️ Network not ready, waiting 5s...
⚠️ Network not ready, waiting 5s...
⚠️ Network not ready, waiting 5s...
⚠️ Network not ready, waiting 5s...
⚠️ Network not ready, waiting 5s...
⚠️ Network not ready, waiting 5s...
⚠️ Network not ready, waiting 5s...
⚠️ Network not ready, waiting 5s...
⚠️ Network not ready, waiting 5s...
⚠️ Network not ready, waiting 5s...
⚠️ Network not ready, waiting 5s...
⚠️ Network not ready, waiting 5s...
⚠️ Network not ready, waiting 5s...
⚠️ Network not ready, waiting 5s...
⚠️ Network not ready, waiting 5s...
⚠️ Network not ready, waiting 5s...
⚠️ Network not ready, waiting 5s...
⚠️ Network not ready, waiting 5s...
⚠️ Network not ready, waiting 5s...
⚠️ Network not ready, waiting 5s...
⚠️ Network not ready, waiting 5s...
⚠️ Network not ready, waiting 5s...
⚠️ Network not ready, waiting 5s...
⚠️ Network not ready, waiting 5s...
✅ Connected to AWS IoT Core
⚠️ MQTT disconnected, reason: 7
✅ Connected to AWS IoT Core
✅ Uploaded | id=8528 BP=5011.0 FP=4994.0 CR=4938.0 BC=5007.0 timestamp="2026-02-09 10:25:29"
📤 AWS IoT Sent {'id': 8528, 'bp': 5011.0, 'fp': 4994.0, 'cr': 4938.0, 'bc': 5007.0, 'timestamp': '2026-02-09 10:25:29'}
⚠️ MQTT disconnected, reason: 7
⚠️ Not connected to MQTT, retrying...
✅ Connected to AWS IoT Core
⚠️ MQTT disconnected, reason: 7
⚠️ Not connected to MQTT, retrying...
✅ Connected to AWS IoT Core
⚠️ MQTT disconnected, reason: 7
⚠️ Not connected to MQTT, retrying...
✅ Connected to AWS IoT Core
⚠️ MQTT disconnected, reason: 7
⚠️ Not connected to MQTT, retrying...
✅ Connected to AWS IoT Core
⚠️ MQTT disconnected, reason: 7
⚠️ Not connected to MQTT, retrying...
✅ Connected to AWS IoT Core
⚠️ MQTT disconnected, reason: 7
⚠️ Not connected to MQTT, retrying...
✅ Connected to AWS IoT Core
⚠️ MQTT disconnected, reason: 7
✅ Connected to AWS IoT Core
✅ Uploaded | id=8529 BP=16.0 FP=5016.0 CR=4946.0 BC=5026.0 timestamp="2026-02-09 10:24:06"
📤 AWS IoT Sent {'id': 8529, 'bp': 16.0, 'fp': 5016.0, 'cr': 4946.0, 'bc': 5026.0, 'timestamp': '2026-02-09 10:24:06'}
✅ Uploaded | id=8530 BP=5031.0 FP=5011.0 CR=4947.0 BC=5027.0 timestamp="2026-02-09 10:24:11"
📤 AWS IoT Sent {'id': 8530, 'bp': 5031.0, 'fp': 5011.0, 'cr': 4947.0, 'bc': 5027.0, 'timestamp': '2026-02-09 10:24:11'}
⚠️ MQTT disconnected, reason: 7
⚠️ Not connected to MQTT, retrying...
✅ Connected to AWS IoT Core
⚠️ MQTT disconnected, reason: 7
⚠️ MQTT disconnected, reason: 7
✅ Connected to AWS IoT Core
⚠️ MQTT disconnected, reason: 7
✅ Connected to AWS IoT Core
✅ Connected to AWS IoT Core
⚠️ MQTT disconnected, reason: 7
✅ Connected to AWS IoT Core
⚠️ MQTT disconnected, reason: 7
⚠️ Not connected to MQTT, retrying...
✅ Connected to AWS IoT Core
⚠️ MQTT disconnected, reason: 7
⚠️ Not connected to MQTT, retrying...
✅ Connected to AWS IoT Core
⚠️ MQTT disconnected, reason: 7
⚠️ Not connected to MQTT, retrying...
✅ Connected to AWS IoT Core
⚠️ MQTT disconnected, reason: 7
⚠️ Not connected to MQTT, retrying...
✅ Connected to AWS IoT Core
⚠️ MQTT disconnected, reason: 7
⚠️ Not connected to MQTT, retrying...
✅ Connected to AWS IoT Core
✅ Connected to AWS IoT Core
⚠️ MQTT disconnected, reason: 7
⚠️ Not connected to MQTT, retrying...
✅ Connected to AWS IoT Core
⚠️ MQTT disconnected, reason: 7
✅ Connected to AWS IoT Core
⚠️ MQTT disconnected, reason: 7
✅ Connected to AWS IoT Core
⚠️ MQTT disconnected, reason: 7
✅ Connected to AWS IoT Core
⚠️ MQTT disconnected, reason: 7
✅ Connected to AWS IoT Core
⚠️ MQTT disconnected, reason: 7
⚠️ Not connected to MQTT, retrying...
✅ Connected to AWS IoT Core
⚠️ MQTT disconnected, reason: 7
✅ Connected to AWS IoT Core
⚠️ MQTT disconnected, reason: 7
✅ Connected to AWS IoT Core
⚠️ MQTT disconnected, reason: 7
⚠️ MQTT disconnected, reason: 7
✅ Connected to AWS IoT Core
✅ Connected to AWS IoT Core
⚠️ MQTT disconnected, reason: 7
✅ Connected to AWS IoT Core
⚠️ MQTT disconnected, reason: 7
⚠️ Not connected to MQTT, retrying...
⚠️ MQTT disconnected, reason: 7
✅ Connected to AWS IoT Core
⚠️ MQTT disconnected, reason: 7
✅ Connected to AWS IoT Core
⚠️ MQTT disconnected, reason: 7
✅ Connected to AWS IoT Core
⚠️ MQTT disconnected, reason: 7
✅ Connected to AWS IoT Core
⚠️ MQTT disconnected, reason: 7
⚠️ Not connected to MQTT, retrying...
✅ Connected to AWS IoT Core
⚠️ MQTT disconnected, reason: 7
⚠️ Not connected to MQTT, retrying...
✅ Connected to AWS IoT Core
⚠️ MQTT disconnected, reason: 7
✅ Connected to AWS IoT Core
⚠️ MQTT disconnected, reason: 7
✅ Connected to AWS IoT Core
⚠️ MQTT disconnected, reason: 7
✅ Connected to AWS IoT Core
⚠️ MQTT disconnected, reason: 7
⚠️ Not connected to MQTT, retrying...
✅ Connected to AWS IoT Core
⚠️ MQTT disconnected, reason: 7
✅ Connected to AWS IoT Core
⚠️ MQTT disconnected, reason: 7
⚠️ Not connected to MQTT, retrying...
✅ Connected to AWS IoT Core
⚠️ MQTT disconnected, reason: 7
✅ Connected to AWS IoT Core
⚠️ MQTT disconnected, reason: 7
⚠️ Not connected to MQTT, retrying...
✅ Connected to AWS IoT Core
⚠️ MQTT disconnected, reason: 7
✅ Connected to AWS IoT Core
⚠️ MQTT disconnected, reason: 7
✅ Connected to AWS IoT Core
⚠️ MQTT disconnected, reason: 7
⚠️ Not connected to MQTT, retrying...
✅ Connected to AWS IoT Core
⚠️ MQTT disconnected, reason: 7
⚠️ Not connected to MQTT, retrying...
✅ Connected to AWS IoT Core
⚠️ MQTT disconnected, reason: 7
⚠️ Not connected to MQTT, retrying...
✅ Connected to AWS IoT Core
⚠️ MQTT disconnected, reason: 7
⚠️ Not connected to MQTT, retrying...
✅ Connected to AWS IoT Core
⚠️ MQTT disconnected, reason: 7
⚠️ Not connected to MQTT, retrying...
✅ Connected to AWS IoT Core
⚠️ MQTT disconnected, reason: 7
⚠️ Not connected to MQTT, retrying...
✅ Connected to AWS IoT Core
⚠️ MQTT disconnected, reason: 7
✅ Connected to AWS IoT Core
⚠️ MQTT disconnected, reason: 7
⚠️ Not connected to MQTT, retrying...
✅ Connected to AWS IoT Core
⚠️ MQTT disconnected, reason: 7
⚠️ Not connected to MQTT, retrying...
✅ Connected to AWS IoT Core
⚠️ MQTT disconnected, reason: 7
✅ Connected to AWS IoT Core
⚠️ MQTT disconnected, reason: 7
⚠️ Not connected to MQTT, retrying...
✅ Connected to AWS IoT Core
⚠️ MQTT disconnected, reason: 7
⚠️ Not connected to MQTT, retrying...
✅ Connected to AWS IoT Core
⚠️ MQTT disconnected, reason: 7
⚠️ Not connected to MQTT, retrying...
✅ Connected to AWS IoT Core
⚠️ MQTT disconnected, reason: 7
⚠️ Not connected to MQTT, retrying...
✅ Connected to AWS IoT Core
⚠️ MQTT disconnected, reason: 7
⚠️ Not connected to MQTT, retrying...
✅ Connected to AWS IoT Core
⚠️ MQTT disconnected, reason: 16
⚠️ MQTT disconnected, reason: 16
✅ Connected to AWS IoT Core
✅ Uploaded | id=8531 BP=13541.0 FP=16135.0 CR=11545.0 BC=17621.0 timestamp="2026-02-09 11:13:02"
📤 AWS IoT Sent {'id': 8531, 'bp': 13541.0, 'fp': 16135.0, 'cr': 11545.0, 'bc': 17621.0, 'timestamp': '2026-02-09 11:13:02'}
✅ Uploaded | id=8534 BP=23377.0 FP=4992.0 CR=21567.0 BC=6634.0 timestamp="2026-02-09 11:13:17"
📤 AWS IoT Sent {'id': 8534, 'bp': 23377.0, 'fp': 4992.0, 'cr': 21567.0, 'bc': 6634.0, 'timestamp': '2026-02-09 11:13:17'}
⚠️ MQTT disconnected, reason: 7
⚠️ Not connected to MQTT, retrying...
✅ Connected to AWS IoT Core
⚠️ MQTT disconnected, reason: 7
✅ Connected to AWS IoT Core
✅ Connected to AWS IoT Core
⚠️ MQTT disconnected, reason: 7
✅ Connected to AWS IoT Core
⚠️ MQTT disconnected, reason: 7
✅ Connected to AWS IoT Core
⚠️ MQTT disconnected, reason: 7
✅ Connected to AWS IoT Core
⚠️ MQTT disconnected, reason: 7
⚠️ Not connected to MQTT, retrying...
✅ Connected to AWS IoT Core
⚠️ MQTT disconnected, reason: 7
✅ Connected to AWS IoT Core
✅ Connected to AWS IoT Core
✅ Uploaded | id=8540 BP=4726.0 FP=23349.0 CR=2722.0 BC=23314.0 timestamp="2026-02-09 11:13:48"
📤 AWS IoT Sent {'id': 8540, 'bp': 4726.0, 'fp': 23349.0, 'cr': 2722.0, 'bc': 23314.0, 'timestamp': '2026-02-09 11:13:48'}
✅ Uploaded | id=8541 BP=12175.0 FP=17043.0 CR=10508.0 BC=18050.0 timestamp="2026-02-09 11:13:53"
📤 AWS IoT Sent {'id': 8541, 'bp': 12175.0, 'fp': 17043.0, 'cr': 10508.0, 'bc': 18050.0, 'timestamp': '2026-02-09 11:13:53'}
⚠️ MQTT disconnected, reason: 7
⚠️ Not connected to MQTT, retrying...
✅ Connected to AWS IoT Core
⚠️ MQTT disconnected, reason: 7
✅ Connected to AWS IoT Core
⚠️ MQTT disconnected, reason: 7
⚠️ Not connected to MQTT, retrying...
⚠️ MQTT disconnected, reason: 7
✅ Connected to AWS IoT Core
⚠️ MQTT disconnected, reason: 7
⚠️ Not connected to MQTT, retrying...
✅ Connected to AWS IoT Core
⚠️ MQTT disconnected, reason: 7
⚠️ Not connected to MQTT, retrying...
✅ Connected to AWS IoT Core
✅ Uploaded | id=8542 BP=19434.0 FP=10830.0 CR=16522.0 BC=12293.0 timestamp="2026-02-09 11:13:58"
📤 AWS IoT Sent {'id': 8542, 'bp': 19434.0, 'fp': 10830.0, 'cr': 16522.0, 'bc': 12293.0, 'timestamp': '2026-02-09 11:13:58'}
✅ Uploaded | id=8543 BP=23499.0 FP=1494.0 CR=23378.0 BC=2619.0 timestamp="2026-02-09 11:14:03"
📤 AWS IoT Sent {'id': 8543, 'bp': 23499.0, 'fp': 1494.0, 'cr': 23378.0, 'bc': 2619.0, 'timestamp': '2026-02-09 11:14:03'}
✅ Uploaded | id=8544 BP=18295.0 FP=8554.0 CR=20467.0 BC=7840.0 timestamp="2026-02-09 11:14:08"
📤 AWS IoT Sent {'id': 8544, 'bp': 18295.0, 'fp': 8554.0, 'cr': 20467.0, 'bc': 7840.0, 'timestamp': '2026-02-09 11:14:08'}
⚠️ MQTT disconnected, reason: 7
✅ Connected to AWS IoT Core
✅ Uploaded | id=8545 BP=2294.0 FP=23180.0 CR=4365.0 BC=22954.0 timestamp="2026-02-09 11:14:13"
📤 AWS IoT Sent {'id': 8545, 'bp': 2294.0, 'fp': 23180.0, 'cr': 4365.0, 'bc': 22954.0, 'timestamp': '2026-02-09 11:14:13'}
✅ Uploaded | id=8549 BP=23079.0 FP=2766.0 CR=22764.0 BC=3651.0 timestamp="2026-02-09 11:14:38"
📤 AWS IoT Sent {'id': 8549, 'bp': 23079.0, 'fp': 2766.0, 'cr': 22764.0, 'bc': 3651.0, 'timestamp': '2026-02-09 11:14:38'}
⚠️ MQTT disconnected, reason: 7
⚠️ Not connected to MQTT, retrying...
✅ Connected to AWS IoT Core
⚠️ MQTT disconnected, reason: 7
✅ Connected to AWS IoT Core
⚠️ MQTT disconnected, reason: 7
✅ Connected to AWS IoT Core
✅ Connected to AWS IoT Core
⚠️ MQTT disconnected, reason: 7
✅ Connected to AWS IoT Core
⚠️ MQTT disconnected, reason: 7
⚠️ Not connected to MQTT, retrying...
✅ Connected to AWS IoT Core
⚠️ MQTT disconnected, reason: 7
⚠️ Not connected to MQTT, retrying...
✅ Connected to AWS IoT Core
⚠️ MQTT disconnected, reason: 7
⚠️ Not connected to MQTT, retrying...
✅ Connected to AWS IoT Core
⚠️ MQTT disconnected, reason: 7
⚠️ Not connected to MQTT, retrying...
✅ Connected to AWS IoT Core
⚠️ MQTT disconnected, reason: 7
⚠️ Not connected to MQTT, retrying...
✅ Connected to AWS IoT Core
⚠️ MQTT disconnected, reason: 7
✅ Connected to AWS IoT Core
⚠️ MQTT disconnected, reason: 7
⚠️ Not connected to MQTT, retrying...
✅ Connected to AWS IoT Core
⚠️ MQTT disconnected, reason: 7
✅ Connected to AWS IoT Core
⚠️ MQTT disconnected, reason: 7
⚠️ Not connected to MQTT, retrying...
✅ Connected to AWS IoT Core
⚠️ MQTT disconnected, reason: 7
⚠️ Not connected to MQTT, retrying...
✅ Connected to AWS IoT Core
⚠️ MQTT disconnected, reason: 7
⚠️ Not connected to MQTT, retrying...
✅ Connected to AWS IoT Core
⚠️ MQTT disconnected, reason: 7
✅ Connected to AWS IoT Core
⚠️ MQTT disconnected, reason: 7
⚠️ Not connected to MQTT, retrying...
✅ Connected to AWS IoT Core
⚠️ MQTT disconnected, reason: 7
⚠️ Not connected to MQTT, retrying...
✅ Connected to AWS IoT Core
✅ Uploaded | id=8559 BP=12235.0 FP=13003.0 CR=14675.0 BC=11985.0 timestamp="2026-02-09 11:15:29"
📤 AWS IoT Sent {'id': 8559, 'bp': 12235.0, 'fp': 13003.0, 'cr': 14675.0, 'bc': 11985.0, 'timestamp': '2026-02-09 11:15:29'}
✅ Uploaded | id=8560 BP=8943.0 FP=21524.0 CR=7200.0 BC=22345.0 timestamp="2026-02-09 11:15:34"
📤 AWS IoT Sent {'id': 8560, 'bp': 8943.0, 'fp': 21524.0, 'cr': 7200.0, 'bc': 22345.0, 'timestamp': '2026-02-09 11:15:34'}
✅ Uploaded | id=8561 BP=23246.0 FP=859.0 CR=23129.0 BC=2684.0 timestamp="2026-02-09 11:15:39"
📤 AWS IoT Sent {'id': 8561, 'bp': 23246.0, 'fp': 859.0, 'cr': 23129.0, 'bc': 2684.0, 'timestamp': '2026-02-09 11:15:39'}
✅ Uploaded | id=8562 BP=12046.0 FP=13432.0 CR=14373.0 BC=12437.0 timestamp="2026-02-09 11:15:44"
📤 AWS IoT Sent {'id': 8562, 'bp': 12046.0, 'fp': 13432.0, 'cr': 14373.0, 'bc': 12437.0, 'timestamp': '2026-02-09 11:15:44'}
⚠️ MQTT disconnected, reason: 7
⚠️ Not connected to MQTT, retrying...
✅ Connected to AWS IoT Core
⚠️ MQTT disconnected, reason: 7
✅ Connected to AWS IoT Core
⚠️ MQTT disconnected, reason: 7
⚠️ Not connected to MQTT, retrying...
✅ Connected to AWS IoT Core
⚠️ MQTT disconnected, reason: 7
✅ Connected to AWS IoT Core
⚠️ MQTT disconnected, reason: 7
⚠️ Not connected to MQTT, retrying...
✅ Connected to AWS IoT Core
⚠️ MQTT disconnected, reason: 7
✅ Connected to AWS IoT Core
✅ Uploaded | id=8566 BP=6126.0 FP=19586.0 CR=8596.0 BC=18398.0 timestamp="2026-02-09 11:16:04"
📤 AWS IoT Sent {'id': 8566, 'bp': 6126.0, 'fp': 19586.0, 'cr': 8596.0, 'bc': 18398.0, 'timestamp': '2026-02-09 11:16:04'}
✅ Uploaded | id=8567 BP=10749.0 FP=18691.0 CR=9056.0 BC=19853.0 timestamp="2026-02-09 11:16:09"
📤 AWS IoT Sent {'id': 8567, 'bp': 10749.0, 'fp': 18691.0, 'cr': 9056.0, 'bc': 19853.0, 'timestamp': '2026-02-09 11:16:09'}
⚠️ MQTT disconnected, reason: 7
⚠️ Not connected to MQTT, retrying...
✅ Connected to AWS IoT Core
⚠️ MQTT disconnected, reason: 7
⚠️ Not connected to MQTT, retrying...
✅ Connected to AWS IoT Core
⚠️ MQTT disconnected, reason: 7
⚠️ Not connected to MQTT, retrying...
✅ Connected to AWS IoT Core
⚠️ MQTT disconnected, reason: 7
⚠️ Not connected to MQTT, retrying...
✅ Connected to AWS IoT Core
⚠️ MQTT disconnected, reason: 7
✅ Connected to AWS IoT Core
⚠️ MQTT disconnected, reason: 7
✅ Connected to AWS IoT Core
⚠️ MQTT disconnected, reason:/home/pi_123/data/src/pressure_project/system_upload.py:78: DeprecationWarning: Callback API version 1 is deprecated, update to latest version
  client = mqtt.Client(client_id=CLIENT_ID, protocol=mqtt.MQTTv311)
=== DEBUG START ===
DB exists: True
CA exists: True
CERT exists: True
KEY exists: True
=== DEBUG END ===
⚠️ Network not ready, waiting 5s...
✅ Connected to AWS IoT Core
✅ Uploaded | id=8609 BP=13742.0 FP=13684.0 CR=12680.0 BC=16634.0 timestamp="2026-02-09 11:19:41"
📤 AWS IoT Sent {'id': 8609, 'bp': 13742.0, 'fp': 13684.0, 'cr': 12680.0, 'bc': 16634.0, 'timestamp': '2026-02-09 11:19:41'}
⚠️ MQTT disconnected, reason: 7
⚠️ Not connected to MQTT, retrying...
✅ Connected to AWS IoT Core
⚠️ MQTT disconnected, reason: 7
⚠️ Not connected to MQTT, retrying...
✅ Connected to AWS IoT Core
⚠️ MQTT disconnected, reason: 7
⚠️ Not connected to MQTT, retrying...
✅ Connected to AWS IoT Core
⚠️ MQTT disconnected, reason: 7
⚠️ Not connected to MQTT, retrying...
✅ Connected to AWS IoT Core
✅ Uploaded | id=8610 BP=2445.0 FP=22738.0 CR=4463.0 BC=22496.0 timestamp="2026-02-09 11:19:46"
📤 AWS IoT Sent {'id': 8610, 'bp': 2445.0, 'fp': 22738.0, 'cr': 4463.0, 'bc': 22496.0, 'timestamp': '2026-02-09 11:19:46'}
⚠️ MQTT disconnected, reason: 7
⚠️ Not connected to MQTT, retrying...
✅ Connected to AWS IoT Core
⚠️ MQTT disconnected, reason: 7
⚠️ Not connected to MQTT, retrying...
✅ Connected to AWS IoT Core
⚠️ MQTT disconnected, reason: 7
⚠️ Not connected to MQTT, retrying...
✅ Connected to AWS IoT Core
⚠️ MQTT disconnected, reason: 7
⚠️ Not connected to MQTT, retrying...
✅ Connected to AWS IoT Core
⚠️ MQTT disconnected, reason: 7
⚠️ Not connected to MQTT, retrying...
✅ Connected to AWS IoT Core
⚠️ MQTT disconnected, reason: 7
✅ Connected to AWS IoT Core
✅ Uploaded | id=8611 BP=20894.0 FP=8330.0 CR=18408.0 BC=9449.0 timestamp="2026-02-09 11:19:51"
📤 AWS IoT Sent {'id': 8611, 'bp': 20894.0, 'fp': 8330.0, 'cr': 18408.0, 'bc': 9449.0, 'timestamp': '2026-02-09 11:19:51'}
⚠️ MQTT disconnected, reason: 7
⚠️ Not connected to MQTT, retrying...
✅ Connected to AWS IoT Core
⚠️ MQTT disconnected, reason: 7
⚠️ Not connected to MQTT, retrying...
✅ Connected to AWS IoT Core
⚠️ MQTT disconnected, reason: 7
⚠️ Not connected to MQTT, retrying...
✅ Connected to AWS IoT Core
⚠️ MQTT disconnected, reason: 7
⚠️ Not connected to MQTT, retrying...
✅ Connected to AWS IoT Core
⚠️ MQTT disconnected, reason: 7
⚠️ Not connected to MQTT, retrying...
✅ Connected to AWS IoT Core
⚠️ MQTT disconnected, reason: 7
⚠️ Not connected to MQTT, retrying...
✅ Connected to AWS IoT Core
⚠️ MQTT disconnected, reason: 7
⚠️ Not connected to MQTT, retrying...
✅ Connected to AWS IoT Core
⚠️ MQTT disconnected, reason: 7
⚠️ Not connected to MQTT, retrying...
⚠️ MQTT disconnected, reason: 7
✅ Connected to AWS IoT Core
⚠️ MQTT disconnected, reason: 7
✅ Connected to AWS IoT Core
⚠️ MQTT disconnected, reason: 7
⚠️ Not connected to MQTT, retrying...
✅ Connected to AWS IoT Core
⚠️ MQTT disconnected, reason: 7
⚠️ Not connected to MQTT, retrying...
✅ Connected to AWS IoT Core
⚠️ MQTT disconnected, reason: 7
⚠️ Not connected to MQTT, retrying...
✅ Connected to AWS IoT Core
⚠️ MQTT disconnected, reason: 7
⚠️ Not connected to MQTT, retrying...
✅ Connected to AWS IoT Core
⚠️ MQTT disconnected, reason: 7
⚠️ Not connected to MQTT, retrying...
✅ Connected to AWS IoT Core
⚠️ MQTT disconnected, reason: 7
⚠️ Not connected to MQTT, retrying...
✅ Connected to AWS IoT Core
⚠️ MQTT disconnected, reason: 7
⚠️ Not connected to MQTT, retrying...
✅ Connected to AWS IoT Core
⚠️ MQTT disconnected, reason: 7
⚠️ Not connected to MQTT, retrying...
✅ Connected to AWS IoT Core
⚠️ MQTT disconnected, reason: 7
⚠️ Not connected to MQTT, retrying...
✅ Connected to AWS IoT Core
⚠️ MQTT disconnected, reason: 7
⚠️ Not connected to MQTT, retrying...
✅ Connected to AWS IoT Core
⚠️ MQTT disconnected, reason: 7
⚠️ Not connected to MQTT, retrying...
✅ Connected to AWS IoT Core
⚠️ MQTT disconnected, reason: 7
⚠️ Not connected to MQTT, retrying...
✅ Connected to AWS IoT Core
⚠️ MQTT disconnected, reason: 7
⚠️ Not connected to MQTT, retrying...
✅ Connected to AWS IoT Core
⚠️ MQTT disconnected, reason: 7
⚠️ Not connected to MQTT, retrying...
✅ Connected to AWS IoT Core
✅ Uploaded | id=8616 BP=5901.0 FP=19826.0 CR=8593.0 BC=18388.0 timestamp="2026-02-09 11:20:17"
📤 AWS IoT Sent {'id': 8616, 'bp': 5901.0, 'fp': 19826.0, 'cr': 8593.0, 'bc': 18388.0, 'timestamp': '2026-02-09 11:20:17'}
⚠️ MQTT disconnected, reason: 7
⚠️ Not connected to MQTT, retrying...
✅ Connected to AWS IoT Core
⚠️ MQTT disconnected, reason: 7
⚠️ Not connected to MQTT, retrying...
✅ Connected to AWS IoT Core
⚠️ MQTT disconnected, reason: 7
⚠️ Not connected to MQTT, retrying...
✅ Connected to AWS IoT Core
⚠️ MQTT disconnected, reason: 7
⚠️ Not connected to MQTT, retrying...
✅ Connected to AWS IoT Core
⚠️ MQTT disconnected, reason: 7
⚠️ Not connected to MQTT, retrying...
✅ Connected to AWS IoT Core
⚠️ MQTT disconnected, reason: 7
⚠️ Not connected to MQTT, retrying...
✅ Connected to AWS IoT Core
⚠️ MQTT disconnected, reason: 7
⚠️ Not connected to MQTT, retrying...
✅ Connected to AWS IoT Core
⚠️ MQTT disconnected, reason: 7
⚠️ Not connected to MQTT, retrying...
✅ Connected to AWS IoT Core
✅ Uploaded | id=8618 BP=20089.0 FP=7567.0 CR=21993.0 BC=5623.0 timestamp="2026-02-09 11:20:27"
📤 AWS IoT Sent {'id': 8618, 'bp': 20089.0, 'fp': 7567.0, 'cr': 21993.0, 'bc': 5623.0, 'timestamp': '2026-02-09 11:20:27'}
⚠️ MQTT disconnected, reason: 7
⚠️ Not connected to MQTT, retrying...
✅ Connected to AWS IoT Core
⚠️ MQTT disconnected, reason: 7
⚠️ Not connected to MQTT, retrying...
✅ Connected to AWS IoT Core
⚠️ MQTT disconnected, reason: 7
⚠️ Not connected to MQTT, retrying...
✅ Connected to AWS IoT Core
⚠️ MQTT disconnected, reason: 7
⚠️ Not connected to MQTT, retrying...
✅ Connected to AWS IoT Core
⚠️ MQTT disconnected, reason: 7
⚠️ Not connected to MQTT, retrying...
✅ Connected to AWS IoT Core
⚠️ MQTT disconnected, reason: 7
⚠️ Not connected to MQTT, retrying...
✅ Connected to AWS IoT Core
⚠️ MQTT disconnected, reason: 7
⚠️ Not connected to MQTT, retrying...
✅ Connected to AWS IoT Core
⚠️ MQTT disconnected, reason: 7
⚠️ Not connected to MQTT, retrying...
✅ Connected to AWS IoT Core
⚠️ MQTT disconnected, reason: 7
⚠️ Not connected to MQTT, retrying...
✅ Connected to AWS IoT Core
⚠️ MQTT disconnected, reason: 7
✅ Connected to AWS IoT Core
✅ Uploaded | id=8620 BP=953.0 FP=22533.0 CR=3112.0 BC=22374.0 timestamp="2026-02-09 11:19:19"
📤 AWS IoT Sent {'id': 8620, 'bp': 953.0, 'fp': 22533.0, 'cr': 3112.0, 'bc': 22374.0, 'timestamp': '2026-02-09 11:19:19'}
✅ Uploaded | id=8621 BP=7016.0 FP=19017.0 CR=10695.0 BC=14341.0 timestamp="2026-02-09 11:19:24"
📤 AWS IoT Sent {'id': 8621, 'bp': 7016.0, 'fp': 19017.0, 'cr': 10695.0, 'bc': 14341.0, 'timestamp': '2026-02-09 11:19:24'}
⚠️ MQTT disconnected, reason: 7
✅ Connected to AWS IoT Core
✅ Uploaded | id=8622 BP=13134.0 FP=11999.0 CR=14800.0 BC=11170.0 timestamp="2026-02-09 11:19:29"
📤 AWS IoT Sent {'id': 8622, 'bp': 13134.0, 'fp': 11999.0, 'cr': 14800.0, 'bc': 11170.0, 'timestamp': '2026-02-09 11:19:29'}
✅ Uploaded | id=8623 BP=5614.0 FP=19701.0 CR=8012.0 BC=18549.0 timestamp="2026-02-09 11:19:34"
📤 AWS IoT Sent {'id': 8623, 'bp': 5614.0, 'fp': 19701.0, 'cr': 8012.0, 'bc': 18549.0, 'timestamp': '2026-02-09 11:19:34'}
⚠️ MQTT disconnected, reason: 7
⚠️ Not connected to MQTT, retrying...
⚠️ MQTT disconnected, reason: 7
⚠️ MQTT disconnected, reason: 7
✅ Connected to AWS IoT Core
⚠️ MQTT disconnected, reason: 7
⚠️ Not connected to MQTT, retrying...
✅ Connected to AWS IoT Core
⚠️ MQTT disconnected, reason: 7
⚠️ Not connected to MQTT, retrying...
✅ Connected to AWS IoT Core
⚠️ MQTT disconnected, reason: 7
⚠️ MQTT disconnected, reason: 7
⚠️ MQTT disconnected, reason: 7
✅ Connected to AWS IoT Core
✅ Connected to AWS IoT Core
⚠️ MQTT disconnected, reason: 7
✅ Connected to AWS IoT Core
⚠️ MQTT disconnected, reason: 7
⚠️ Not connected to MQTT, retrying...
✅ Connected to AWS IoT Core
⚠️ MQTT disconnected, reason: 7
⚠️ Not connected to MQTT, retrying...
✅ Connected to AWS IoT Core
⚠️ MQTT disconnected, reason: 7
⚠️ Not connected to MQTT, retrying...
✅ Connected to AWS IoT Core
⚠️ MQTT disconnected, reason: 7
⚠️ Not connected to MQTT, retrying...
✅ Connected to AWS IoT Core
⚠️ MQTT disconnected, reason: 7
⚠️ Not connected to MQTT, retrying...
✅ Connected to AWS IoT Core
⚠️ MQTT disconnected, reason: 7
⚠️ Not connected to MQTT, retrying...
✅ Connected to AWS IoT Core
⚠️ MQTT disconnected, reason: 7
⚠️ Not connected to MQTT, retrying...
✅ Connected to AWS IoT Core
⚠️ MQTT disconnected, reason: 7
⚠️ Not connected to MQTT, retrying...
✅ Connected to AWS IoT Core
⚠️ MQTT disconnected, reason: 7
⚠️ Not connected to MQTT, retrying...
✅ Connected to AWS IoT Core
⚠️ MQTT disconnected, reason: 7
⚠️ Not connected to MQTT, retrying...
✅ Connected to AWS IoT Core
⚠️ MQTT disconnected, reason: 7
⚠️ Not connected to MQTT, retrying...
✅ Connected to AWS IoT Core
⚠️ MQTT disconnected, reason: 7
⚠️ Not connected to MQTT, retrying...
✅ Connected to AWS IoT Core
⚠️ MQTT disconnected, reason: 7
⚠️ Not connected to MQTT, retrying...
✅ Connected to AWS IoT Core
⚠️ MQTT disconnected, reason: 7
⚠️ Not connected to MQTT, retrying...
✅ Connected to AWS IoT Core
⚠️ MQTT disconnected, reason: 7
⚠️ Not connected to MQTT, retrying...
✅ Connected to AWS IoT Core
✅ Uploaded | id=8628 BP=7182.0 FP=23512.0 CR=5331.0 BC=23618.0 timestamp="2026-02-10 03:45:19"
📤 AWS IoT Sent {'id': 8628, 'bp': 7182.0, 'fp': 23512.0, 'cr': 5331.0, 'bc': 23618.0, 'timestamp': '2026-02-10 03:45:19'}
⚠️ MQTT disconnected, reason: 7
⚠️ Not connected to MQTT, retrying...
✅ Connected to AWS IoT Core
⚠️ MQTT disconnected, reason: 7
⚠️ Not connected to MQTT, retrying...
✅ Connected to AWS IoT Core
⚠️ MQTT disconnected, reason: 7
⚠️ Not connected to MQTT, retrying...
✅ Connected to AWS IoT Core
⚠️ MQTT disconnected, reason: 7
⚠️ Not connected to MQTT, retrying...
✅ Connected to AWS IoT Core
⚠️ MQTT disconnected, reason: 7
⚠️ Not connected to MQTT, retrying...
✅ Connected to AWS IoT Core
⚠️ MQTT disconnected, reason: 7
⚠️ Not connected to MQTT, retrying...
✅ Connected to AWS IoT Core
⚠️ MQTT disconnected, reason: 7
⚠️ Not connected to MQTT, retrying...
✅ Connected to AWS IoT Core
⚠️ MQTT disconnected, reason: 7
⚠️ Not connected to MQTT, retrying...
✅ Connected to AWS IoT Core
⚠️ MQTT disconnected, reason: 7
⚠️ Not connected to MQTT, retrying...
✅ Connected to AWS IoT Core
⚠️ MQTT disconnected, reason: 7
⚠️ Not connected to MQTT, retrying...
✅ Connected to AWS IoT Core
⚠️ MQTT disconnected, reason: 7
⚠️ Not connected to MQTT, retrying...
✅ Connected to AWS IoT Core
✅ Uploaded | id=8629 BP=17832.0 FP=11068.0 CR=15172.0 BC=12417.0 timestamp="2026-02-10 03:45:24"
📤 AWS IoT Sent {'id': 8629, 'bp': 17832.0, 'fp': 11068.0, 'cr': 15172.0, 'bc': 12417.0, 'timestamp': '2026-02-10 03:45:24'}
⚠️ MQTT disconnected, reason: 7
⚠️ Not connected to MQTT, retrying...
✅ Connected to AWS IoT Core
⚠️ MQTT disconnected, reason: 7
⚠️ Not connected to MQTT, retrying...
✅ Connected to AWS IoT Core
⚠️ MQTT disconnected, reason: 7
⚠️ Not connected to MQTT, retrying...
✅ Connected to AWS IoT Core
⚠️ MQTT disconnected, reason: 7
⚠️ Not connected to MQTT, retrying...
✅ Connected to AWS IoT Core
⚠️ MQTT disconnected, reason: 7
⚠️ Not connected to MQTT, retrying...
✅ Connected to AWS IoT Core
⚠️ MQTT disconnected, reason: 7
⚠️ Not connected to MQTT, retrying...
✅ Connected to AWS IoT Core
⚠️ MQTT disconnected, reason: 7
⚠️ Not connected to MQTT, retrying...
✅ Connected to AWS IoT Core
⚠️ MQTT disconnected, reason: 7
⚠️ Not connected to MQTT, retrying...
✅ Connected to AWS IoT Core
⚠️ MQTT disconnected, reason: 7
⚠️ Not connected to MQTT, retrying...
⚠️ MQTT disconnected, reason: 7
✅ Connected to AWS IoT Core
⚠️ MQTT disconnected, reason: 7
⚠️ Not connected to MQTT, retrying...
✅ Connected to AWS IoT Core
⚠️ MQTT disconnected, reason: 7
⚠️ Not connected to MQTT, retrying...
✅ Connected to AWS IoT Core
⚠️ MQTT disconnected, reason: 7
⚠️ Not connected to MQTT, retrying...
✅ Connected to AWS IoT Core
⚠️ MQTT disconnected, reason: 7
⚠️ Not connected to MQTT, retrying...
✅ Connected to AWS IoT Core
⚠️ MQTT disconnected, reason: 7
⚠️ Not connected to MQTT, retrying...
✅ Connected to AWS IoT Core
⚠️ MQTT disconnected, reason: 7
⚠️ Not connected to MQTT, retrying...
✅ Connected to AWS IoT Core
⚠️ MQTT disconnected, reason: 7
⚠️ Not connected to MQTT, retrying...
✅ Connected to AWS IoT Core
⚠️ MQTT disconnected, reason: 7
⚠️ Not connected to MQTT, retrying...
✅ Connected to AWS IoT Core
⚠️ MQTT disconnected, reason: 7
⚠️ Not connected to MQTT, retrying...
✅ Connected to AWS IoT Core
⚠️ MQTT disconnected, reason: 7
⚠️ Not connected to MQTT, retrying...
✅ Connected to AWS IoT Core
⚠️ MQTT disconnected, reason: 7
⚠️ Not connected to MQTT, retrying...
✅ Connected to AWS IoT Core
⚠️ MQTT disconnected, reason: 7
⚠️ Not connected to MQTT, retrying...
✅ Connected to AWS IoT Core
⚠️ MQTT disconnected, reason: 7
⚠️ Not connected to MQTT, retrying...
✅ Connected to AWS IoT Core
⚠️ MQTT disconnected, reason: 7
⚠️ Not connected to MQTT, retrying...
✅ Connected to AWS IoT Core
⚠️ MQTT disconnected, reason: 7
⚠️ Not connected to MQTT, retrying...
✅ Connected to AWS IoT Core
⚠️ MQTT disconnected, reason: 7
⚠️ Not connected to MQTT, retrying...
✅ Connected to AWS IoT Core
⚠️ MQTT disconnected, reason: 7
⚠️ Not connected to MQTT, retrying...
✅ Connected to AWS IoT Core
⚠️ MQTT disconnected, reason: 7
⚠️ Not connected to MQTT, retrying...
✅ Connected to AWS IoT Core
⚠️ MQTT disconnected, reason: 7
⚠️ Not connected to MQTT, retrying...
✅ Connected to AWS IoT Core
⚠️ MQTT disconnected, reason: 7
⚠️ Not connected to MQTT, retrying...
✅ Connected to AWS IoT Core
⚠️ MQTT disconnected, reason: 7
✅ Connected to AWS IoT Core
⚠️ MQTT disconnected, reason: 7
⚠️ Not connected to MQTT, retrying...
✅ Connected to AWS IoT Core
⚠️ MQTT disconnected, reason: 7
⚠️ Not connected to MQTT, retrying...
✅ Connected to AWS IoT Core
⚠️ MQTT disconnected, reason: 7
⚠️ Not connected to MQTT, retrying...
✅ Connected to AWS IoT Core
⚠️ MQTT disconnected, reason: 7
⚠️ Not connected to MQTT, retrying...
✅ Connected to AWS IoT Core
⚠️ MQTT disconnected, reason: 7
⚠️ Not connected to MQTT, retrying...
✅ Connected to AWS IoT Core
⚠️ MQTT disconnected, reason: 7
⚠️ Not connected to MQTT, retrying...
✅ Connected to AWS IoT Core
⚠️ MQTT disconnected, reason: 7
⚠️ Not connected to MQTT, retrying...
✅ Connected to AWS IoT Core
⚠️ MQTT disconnected, reason: 7
⚠️ Not connected to MQTT, retrying...
✅ Connected to AWS IoT Core
⚠️ MQTT disconnected, reason: 7
⚠️ Not connected to MQTT, retrying...
✅ Connected to AWS IoT Core
⚠️ MQTT disconnected, reason: 7
⚠️ Not connected to MQTT, retrying...
✅ Connected to AWS IoT Core
⚠️ MQTT disconnected, reason: 7
⚠️ Not connected to MQTT, retrying...
✅ Connected to AWS IoT Core
⚠️ MQTT disconnected, reason: 7
⚠️ Not connected to MQTT, retrying...
✅ Connected to AWS IoT Core
⚠️ MQTT disconnected, reason: 7
⚠️ Not connected to MQTT, retrying...
✅ Connected to AWS IoT Core
⚠️ MQTT disconnected, reason: 7
⚠️ Not connected to MQTT, retrying...
✅ Connected to AWS IoT Core
⚠️ MQTT disconnected, reason: 7
⚠️ Not connected to MQTT, retrying...
✅ Connected to AWS IoT Core
⚠️ MQTT disconnected, reason: 7
⚠️ Not connected to MQTT, retrying...
✅ Connected to AWS IoT Core
⚠️ MQTT disconnected, reason: 7
⚠️ Not connected to MQTT, retrying...
✅ Connected to AWS IoT Core
⚠️ MQTT disconnected, reason: 7
⚠️ Not connected to MQTT, retrying...
✅ Connected to AWS IoT Core
✅ Uploaded | id=8635 BP=6333.0 FP=23722.0 CR=3905.0 BC=23356.0 timestamp="2026-02-10 03:45:54"
📤 AWS IoT Sent {'id': 8635, 'bp': 6333.0, 'fp': 23722.0, 'cr': 3905.0, 'bc': 23356.0, 'timestamp': '2026-02-10 03:45:54'}
⚠️ MQTT disconnected, reason: 7
⚠️ Not connected to MQTT, retrying...
✅ Connected to AWS IoT Core
⚠️ MQTT disconnected, reason: 7
⚠️ Not connected to MQTT, retrying...
✅ Connected to AWS IoT Core
⚠️ MQTT disconnected, reason: 7
⚠️ Not connected to MQTT, retrying...
✅ Connected to AWS IoT Core
⚠️ MQTT disconnected, reason: 7
⚠️ Not connected to MQTT, retrying...
✅ Connected to AWS IoT Core
⚠️ MQTT disconnected, reason: 7
⚠️ Not connected to MQTT, retrying...
✅ Connected to AWS IoT Core
⚠️ MQTT disconnected, reason: 7
⚠️ Not connected to MQTT, retrying...
✅ Connected to AWS IoT Core
⚠️ MQTT disconnected, reason: 7
⚠️ Not connected to MQTT, retrying...
✅ Connected to AWS IoT Core
✅ Uploaded | id=8636 BP=9069.0 FP=21812.0 CR=7792.0 BC=22597.0 timestamp="2026-02-10 03:45:59"
📤 AWS IoT Sent {'id': 8636, 'bp': 9069.0, 'fp': 21812.0, 'cr': 7792.0, 'bc': 22597.0, 'timestamp': '2026-02-10 03:45:59'}
✅ Uploaded | id=8637 BP=11298.0 FP=18456.0 CR=9891.0 BC=19817.0 timestamp="2026-02-10 03:46:04"
📤 AWS IoT Sent {'id': 8637, 'bp': 11298.0, 'fp': 18456.0, 'cr': 9891.0, 'bc': 19817.0, 'timestamp': '2026-02-10 03:46:04'}
✅ Uploaded | id=8638 BP=14821.0 FP=14016.0 CR=12347.0 BC=15328.0 timestamp="2026-02-10 03:46:09"
📤 AWS IoT Sent {'id': 8638, 'bp': 14821.0, 'fp': 14016.0, 'cr': 12347.0, 'bc': 15328.0, 'timestamp': '2026-02-10 03:46:09'}
✅ Uploaded | id=8639 BP=20634.0 FP=6939.0 CR=19396.0 BC=8525.0 timestamp="2026-02-10 03:46:14"
📤 AWS IoT Sent {'id': 8639, 'bp': 20634.0, 'fp': 6939.0, 'cr': 19396.0, 'bc': 8525.0, 'timestamp': '2026-02-10 03:46:14'}
⚠️ MQTT disconnected, reason: 7
⚠️ Not connected to MQTT, retrying...
✅ Connected to AWS IoT Core
⚠️ MQTT disconnected, reason: 7
⚠️ Not connected to MQTT, retrying...
✅ Connected to AWS IoT Core
⚠️ MQTT disconnected, reason: 7
⚠️ Not connected to MQTT, retrying...
✅ Connected to AWS IoT Core
⚠️ MQTT disconnected, reason: 7
⚠️ Not connected to MQTT, retrying...
✅ Connected to AWS IoT Core
⚠️ MQTT disconnected, reason: 7
✅ Connected to AWS IoT Core
✅ Uploaded | id=8641 BP=20310.0 FP=9000.0 CR=16101.0 BC=11675.0 timestamp="2026-02-10 03:46:24"
📤 AWS IoT Sent {'id': 8641, 'bp': 20310.0, 'fp': 9000.0, 'cr': 16101.0, 'bc': 11675.0, 'timestamp': '2026-02-10 03:46:24'}
✅ Uploaded | id=8642 BP=21376.0 FP=7788.0 CR=18652.0 BC=9451.0 timestamp="2026-02-10 03:46:29"
📤 AWS IoT Sent {'id': 8642, 'bp': 21376.0, 'fp': 7788.0, 'cr': 18652.0, 'bc': 9451.0, 'timestamp': '2026-02-10 03:46:29'}
⚠️ MQTT disconnected, reason: 7
✅ Connected to AWS IoT Core
✅ Uploaded | id=8643 BP=5703.0 FP=19420.0 CR=8083.0 BC=18171.0 timestamp="2026-02-10 03:46:39"
📤 AWS IoT Sent {'id': 8643, 'bp': 5703.0, 'fp': 19420.0, 'cr': 8083.0, 'bc': 18171.0, 'timestamp': '2026-02-10 03:46:39'}
✅ Uploaded | id=8644 BP=7030.0 FP=18043.0 CR=9741.0 BC=16524.0 timestamp="2026-02-10 03:46:44"
📤 AWS IoT Sent {'id': 8644, 'bp': 7030.0, 'fp': 18043.0, 'cr': 9741.0, 'bc': 16524.0, 'timestamp': '2026-02-10 03:46:44'}
⚠️ MQTT disconnected, reason: 7
✅ Connected to AWS IoT Core
✅ Uploaded | id=8645 BP=9339.0 FP=15355.0 CR=12038.0 BC=13607.0 timestamp="2026-02-10 03:46:50"
📤 AWS IoT Sent {'id': 8645, 'bp': 9339.0, 'fp': 15355.0, 'cr': 12038.0, 'bc': 13607.0, 'timestamp': '2026-02-10 03:46:50'}
✅ Uploaded | id=8646 BP=17313.0 FP=9619.0 CR=19883.0 BC=8780.0 timestamp="2026-02-10 03:46:55"
📤 AWS IoT Sent {'id': 8646, 'bp': 17313.0, 'fp': 9619.0, 'cr': 19883.0, 'bc': 8780.0, 'timestamp': '2026-02-10 03:46:55'}
⚠️ MQTT disconnected, reason: 7
✅ Uploaded | id=8647 BP=20000.0 FP=8355.0 CR=21906.0 BC=7576.0 timestamp="2026-02-10 03:47:00"
📤 AWS IoT Sent {'id': 8647, 'bp': 20000.0, 'fp': 8355.0, 'cr': 21906.0, 'bc': 7576.0, 'timestamp': '2026-02-10 03:47:00'}
⚠️ Not connected to MQTT, retrying...
✅ Connected to AWS IoT Core
⚠️ MQTT disconnected, reason: 7
⚠️ Not connected to MQTT, retrying...
✅ Connected to AWS IoT Core
⚠️ MQTT disconnected, reason: 7
⚠️ Not connected to MQTT, retrying...
✅ Connected to AWS IoT Core
⚠️ MQTT disconnected, reason: 7
⚠️ Not connected to MQTT, retrying...
✅ Connected to AWS IoT Core
⚠️ MQTT disconnected, reason: 7
⚠️ Not connected to MQTT, retrying...
✅ Connected to AWS IoT Core
⚠️ MQTT disconnected, reason: 7
⚠️ Not connected to MQTT, retrying...
✅ Connected to AWS IoT Core
⚠️ MQTT disconnected, reason: 7
⚠️ Not connected to MQTT, retrying...
✅ Connected to AWS IoT Core
⚠️ MQTT disconnected, reason: 7
⚠️ Not connected to MQTT, retrying...
✅ Connected to AWS IoT Core
⚠️ MQTT disconnected, reason: 7
⚠️ Not connected to MQTT, retrying...
✅ Connected to AWS IoT Core
⚠️ MQTT disconnected, reason: 7
⚠️ Not connected to MQTT, retrying...
✅ Connected to AWS IoT Core
✅ Uploaded | id=8649 BP=22972.0 FP=795.0 CR=22261.0 BC=1252.0 timestamp="2026-02-10 03:47:10"
📤 AWS IoT Sent {'id': 8649, 'bp': 22972.0, 'fp': 795.0, 'cr': 22261.0, 'bc': 1252.0, 'timestamp': '2026-02-10 03:47:10'}
⚠️ MQTT disconnected, reason: 7
⚠️ Not connected to MQTT, retrying...
✅ Connected to AWS IoT Core
⚠️ MQTT disconnected, reason: 7
⚠️ Not connected to MQTT, retrying...
✅ Connected to AWS IoT Core
⚠️ MQTT disconnected, reason: 7
⚠️ Not connected to MQTT, retrying...
✅ Connected to AWS IoT Core
⚠️ MQTT disconnected, reason: 7
⚠️ Not connected to MQTT, retrying...
✅ Connected to AWS IoT Core
⚠️ MQTT disconnected, reason: 7
⚠️ Not connected to MQTT, retrying...
✅ Connected to AWS IoT Core
⚠️ MQTT disconnected, reason: 7
⚠️ Not connected to MQTT, retrying...
✅ Connected to AWS IoT Core
⚠️ MQTT disconnected, reason: 7
⚠️ Not connected to MQTT, retrying...
✅ Connected to AWS IoT Core
⚠️ MQTT disconnected, reason: 7
⚠️ Not connected to MQTT, retrying...
✅ Connected to AWS IoT Core
⚠️ MQTT disconnected, reason: 7
⚠️ Not connected to MQTT, retrying...
✅ Connected to AWS IoT Core
⚠️ MQTT disconnected, reason: 7
⚠️ Not connected to MQTT, retrying...
✅ Connected to AWS IoT Core
✅ Uploaded | id=8651 BP=18916.0 FP=9469.0 CR=16088.0 BC=10782.0 timestamp="2026-02-10 03:47:20"
📤 AWS IoT Sent {'id': 8651, 'bp': 18916.0, 'fp': 9469.0, 'cr': 16088.0, 'bc': 10782.0, 'timestamp': '2026-02-10 03:47:20'}
⚠️ MQTT disconnected, reason: 7
⚠️ Not connected to MQTT, retrying...
✅ Connected to AWS IoT Core
⚠️ MQTT disconnected, reason: 7
⚠️ Not connected to MQTT, retrying...
✅ Connected to AWS IoT Core
⚠️ MQTT disconnected, reason: 7
⚠️ Not connected to MQTT, retrying...
✅ Connected to AWS IoT Core
⚠️ MQTT disconnected, reason: 7
⚠️ Not connected to MQTT, retrying...
✅ Connected to AWS IoT Core
⚠️ MQTT disconnected, reason: 7
⚠️ Not connected to MQTT, retrying...
✅ Connected to AWS IoT Core
⚠️ MQTT disconnected, reason: 7
⚠️ Not connected to MQTT, retrying...
✅ Connected to AWS IoT Core
⚠️ MQTT disconnected, reason: 7
⚠️ Not connected to MQTT, retrying...
✅ Connected to AWS IoT Core
⚠️ MQTT disconnected, reason: 7
⚠️ Not connected to MQTT, retrying...
✅ Connected to AWS IoT Core
⚠️ MQTT disconnected, reason: 7
⚠️ Not connected to MQTT, retrying...
✅ Connected to AWS IoT Core
⚠️ MQTT disconnected, reason: 7
⚠️ Not connected to MQTT, retrying...
✅ Connected to AWS IoT Core
⚠️ MQTT disconnected, reason: 7
⚠️ Not connected to MQTT, retrying...
✅ Connected to AWS IoT Core
⚠️ MQTT disconnected, reason:/home/pi_123/data/src/pressure_project/system_upload.py:78: DeprecationWarning: Callback API version 1 is deprecated, update to latest version
  client = mqtt.Client(client_id=CLIENT_ID, protocol=mqtt.MQTTv311)
=== DEBUG START ===
DB exists: True
CA exists: True
CERT exists: True
KEY exists: True
=== DEBUG END ===
⚠️ Network not ready, waiting 5s...
✅ Connected to AWS IoT Core
⚠️ MQTT disconnected, reason: 7
✅ Connected to AWS IoT Core
✅ Uploaded | id=8656 BP=10620.0 FP=14417.0 CR=13740.0 BC=11332.0 timestamp="2026-02-10 03:47:45"
📤 AWS IoT Sent {'id': 8656, 'bp': 10620.0, 'fp': 14417.0, 'cr': 13740.0, 'bc': 11332.0, 'timestamp': '2026-02-10 03:47:45'}
⚠️ MQTT disconnected, reason: 7
⚠️ Not connected to MQTT, retrying...
✅ Connected to AWS IoT Core
⚠️ MQTT disconnected, reason: 7
⚠️ Not connected to MQTT, retrying...
✅ Connected to AWS IoT Core
✅ Uploaded | id=8657 BP=18014.0 FP=9340.0 CR=20642.0 BC=8435.0 timestamp="2026-02-10 03:47:50"
📤 AWS IoT Sent {'id': 8657, 'bp': 18014.0, 'fp': 9340.0, 'cr': 20642.0, 'bc': 8435.0, 'timestamp': '2026-02-10 03:47:50'}
✅ Uploaded | id=8658 BP=22825.0 FP=768.0 CR=22113.0 BC=1037.0 timestamp="2026-02-10 03:47:55"
📤 AWS IoT Sent {'id': 8658, 'bp': 22825.0, 'fp': 768.0, 'cr': 22113.0, 'bc': 1037.0, 'timestamp': '2026-02-10 03:47:55'}
⚠️ MQTT disconnected, reason: 7
⚠️ Not connected to MQTT, retrying...
✅ Connected to AWS IoT Core
✅ Uploaded | id=8659 BP=20029.0 FP=9490.0 CR=17281.0 BC=10853.0 timestamp="2026-02-10 03:48:00"
📤 AWS IoT Sent {'id': 8659, 'bp': 20029.0, 'fp': 9490.0, 'cr': 17281.0, 'bc': 10853.0, 'timestamp': '2026-02-10 03:48:00'}
⚠️ MQTT disconnected, reason: 7
⚠️ Not connected to MQTT, retrying...
✅ Connected to AWS IoT Core
⚠️ MQTT disconnected, reason: 7
⚠️ Not connected to MQTT, retrying...
✅ Connected to AWS IoT Core
⚠️ MQTT disconnected, reason: 7
⚠️ Not connected to MQTT, retrying...
✅ Connected to AWS IoT Core
⚠️ MQTT disconnected, reason: 7
⚠️ Not connected to MQTT, retrying...
✅ Connected to AWS IoT Core
⚠️ MQTT disconnected, reason: 7
⚠️ Not connected to MQTT, retrying...
✅ Connected to AWS IoT Core
⚠️ MQTT disconnected, reason: 7
⚠️ Not connected to MQTT, retrying...
✅ Connected to AWS IoT Core
❌ Error publishing: Message publish failed: The client is not currently connected.
⚠️ MQTT disconnected, reason: 7
⚠️ Not connected to MQTT, retrying...
✅ Connected to AWS IoT Core
⚠️ MQTT disconnected, reason: 7
⚠️ Not connected to MQTT, retrying...
✅ Connected to AWS IoT Core
⚠️ MQTT disconnected, reason: 7
⚠️ Not connected to MQTT, retrying...
✅ Connected to AWS IoT Core
⚠️ MQTT disconnected, reason: 7
⚠️ Not connected to MQTT, retrying...
✅ Connected to AWS IoT Core
⚠️ MQTT disconnected, reason: 7
⚠️ Not connected to MQTT, retrying...
✅ Connected to AWS IoT Core
⚠️ MQTT disconnected, reason: 7
⚠️ Not connected to MQTT, retrying...
✅ Connected to AWS IoT Core
⚠️ MQTT disconnected, reason: 7
⚠️ Not connected to MQTT, retrying...
✅ Connected to AWS IoT Core
⚠️ MQTT disconnected, reason: 7
⚠️ Not connected to MQTT, retrying...
✅ Connected to AWS IoT Core
⚠️ MQTT disconnected, reason: 7
⚠️ Not connected to MQTT, retrying...
✅ Connected to AWS IoT Core
✅ Uploaded | id=8661 BP=16105.0 FP=13130.0 CR=12908.0 BC=14430.0 timestamp="2026-02-10 03:48:10"
📤 AWS IoT Sent {'id': 8661, 'bp': 16105.0, 'fp': 13130.0, 'cr': 12908.0, 'bc': 14430.0, 'timestamp': '2026-02-10 03:48:10'}
⚠️ MQTT disconnected, reason: 7
⚠️ Not connected to MQTT, retrying...
✅ Connected to AWS IoT Core
⚠️ MQTT disconnected, reason: 7
⚠️ Not connected to MQTT, retrying...
✅ Connected to AWS IoT Core
⚠️ MQTT disconnected, reason: 7
⚠️ Not connected to MQTT, retrying...
✅ Connected to AWS IoT Core
⚠️ MQTT disconnected, reason: 7
⚠️ Not connected to MQTT, retrying...
✅ Connected to AWS IoT Core
⚠️ MQTT disconnected, reason: 7
⚠️ Not connected to MQTT, retrying...
✅ Connected to AWS IoT Core
⚠️ MQTT disconnected, reason: 7
⚠️ Not connected to MQTT, retrying...
✅ Connected to AWS IoT Core
⚠️ MQTT disconnected, reason: 7
⚠️ Not connected to MQTT, retrying...
✅ Connected to AWS IoT Core
✅ Uploaded | id=8663 BP=14287.0 FP=11196.0 CR=17321.0 BC=9418.0 timestamp="2026-02-10 03:48:25"
📤 AWS IoT Sent {'id': 8663, 'bp': 14287.0, 'fp': 11196.0, 'cr': 17321.0, 'bc': 9418.0, 'timestamp': '2026-02-10 03:48:25'}
⚠️ MQTT disconnected, reason: 7
⚠️ Not connected to MQTT, retrying...
✅ Connected to AWS IoT Core
⚠️ MQTT disconnected, reason: 7
⚠️ Not connected to MQTT, retrying...
✅ Connected to AWS IoT Core
⚠️ MQTT disconnected, reason: 7
⚠️ Not connected to MQTT, retrying...
✅ Connected to AWS IoT Core
⚠️ MQTT disconnected, reason: 7
⚠️ Not connected to MQTT, retrying...
✅ Connected to AWS IoT Core
⚠️ MQTT disconnected, reason: 7
⚠️ Not connected to MQTT, retrying...
✅ Connected to AWS IoT Core
⚠️ MQTT disconnected, reason: 7
⚠️ Not connected to MQTT, retrying...
✅ Connected to AWS IoT Core
⚠️ MQTT disconnected, reason: 7
⚠️ Not connected to MQTT, retrying...
✅ Connected to AWS IoT Core
⚠️ MQTT disconnected, reason: 7
⚠️ Not connected to MQTT, retrying...
⚠️ MQTT disconnected, reason: 7
⚠️ MQTT disconnected, reason: 7
✅ Connected to AWS IoT Core
✅ Uploaded | id=8669 BP=1507.0 FP=22368.0 CR=4962.0 BC=22174.0 timestamp="2026-02-10 03:49:01"
📤 AWS IoT Sent {'id': 8669, 'bp': 1507.0, 'fp': 22368.0, 'cr': 4962.0, 'bc': 22174.0, 'timestamp': '2026-02-10 03:49:01'}
⚠️ MQTT disconnected, reason: 7
⚠️ Not connected to MQTT, retrying...
✅ Connected to AWS IoT Core
⚠️ MQTT disconnected, reason: 7
⚠️ Not connected to MQTT, retrying...
✅ Connected to AWS IoT Core
⚠️ MQTT disconnected, reason: 7
⚠️ Not connected to MQTT, retrying...
✅ Connected to AWS IoT Core
⚠️ MQTT disconnected, reason: 7
⚠️ Not connected to MQTT, retrying...
✅ Connected to AWS IoT Core
⚠️ MQTT disconnected, reason: 7
⚠️ Not connected to MQTT, retrying...
✅ Connected to AWS IoT Core
⚠️ MQTT disconnected, reason: 7
⚠️ Not connected to MQTT, retrying...
✅ Connected to AWS IoT Core
⚠️ MQTT disconnected, reason: 7
⚠️ Not connected to MQTT, retrying...
✅ Connected to AWS IoT Core
⚠️ MQTT disconnected, reason: 7
⚠️ Not connected to MQTT, retrying...
✅ Connected to AWS IoT Core
✅ Uploaded | id=8670 BP=3506.0 FP=22114.0 CR=5855.0 BC=19152.0 timestamp="2026-02-10 03:49:06"
📤 AWS IoT Sent {'id': 8670, 'bp': 3506.0, 'fp': 22114.0, 'cr': 5855.0, 'bc': 19152.0, 'timestamp': '2026-02-10 03:49:06'}
✅ Uploaded | id=8671 BP=3612.0 FP=22796.0 CR=883.0 BC=22483.0 timestamp="2026-02-10 03:49:11"
📤 AWS IoT Sent {'id': 8671, 'bp': 3612.0, 'fp': 22796.0, 'cr': 883.0, 'bc': 22483.0, 'timestamp': '2026-02-10 03:49:11'}
✅ Uploaded | id=8672 BP=6981.0 FP=24062.0 CR=4586.0 BC=23736.0 timestamp="2026-02-10 03:49:16"
📤 AWS IoT Sent {'id': 8672, 'bp': 6981.0, 'fp': 24062.0, 'cr': 4586.0, 'bc': 23736.0, 'timestamp': '2026-02-10 03:49:16'}
✅ Uploaded | id=8673 BP=8652.0 FP=22474.0 CR=6683.0 BC=23560.0 timestamp="2026-02-10 03:49:21"
📤 AWS IoT Sent {'id': 8673, 'bp': 8652.0, 'fp': 22474.0, 'cr': 6683.0, 'bc': 23560.0, 'timestamp': '2026-02-10 03:49:21'}
⚠️ MQTT disconnected, reason: 7
⚠️ Not connected to MQTT, retrying...
✅ Connected to AWS IoT Core
⚠️ MQTT disconnected, reason: 7
⚠️ Not connected to MQTT, retrying...
✅ Connected to AWS IoT Core
⚠️ MQTT disconnected, reason: 7
⚠️ Not connected to MQTT, retrying...
⚠️ MQTT disconnected, reason: 7
✅ Connected to AWS IoT Core
⚠️ MQTT disconnected, reason: 7
⚠️ Not connected to MQTT, retrying...
✅ Connected to AWS IoT Core
⚠️ MQTT disconnected, reason: 7
⚠️ Not connected to MQTT, retrying...
✅ Connected to AWS IoT Core
⚠️ MQTT disconnected, reason: 7
⚠️ Not connected to MQTT, retrying...
✅ Connected to AWS IoT Core
⚠️ MQTT disconnected, reason: 7
⚠️ Not connected to MQTT, retrying...
✅ Connected to AWS IoT Core
⚠️ MQTT disconnected, reason: 7
⚠️ Not connected to MQTT, retrying...
✅ Connected to AWS IoT Core
⚠️ MQTT disconnected, reason: 7
⚠️ Not connected to MQTT, retrying...
✅ Connected to AWS IoT Core
⚠️ MQTT disconnected, reason: 7
⚠️ Not connected to MQTT, retrying...
✅ Connected to AWS IoT Core
✅ Uploaded | id=8675 BP=9155.0 FP=21657.0 CR=7766.0 BC=22682.0 timestamp="2026-02-10 03:49:41"
📤 AWS IoT Sent {'id': 8675, 'bp': 9155.0, 'fp': 21657.0, 'cr': 7766.0, 'bc': 22682.0, 'timestamp': '2026-02-10 03:49:41'}
✅ Uploaded | id=8676 BP=19615.0 FP=7970.0 CR=21595.0 BC=7221.0 timestamp="2026-02-10 03:49:51"
📤 AWS IoT Sent {'id': 8676, 'bp': 19615.0, 'fp': 7970.0, 'cr': 21595.0, 'bc': 7221.0, 'timestamp': '2026-02-10 03:49:51'}
✅ Uploaded | id=8677 BP=21269.0 FP=7104.0 CR=23155.0 BC=5372.0 timestamp="2026-02-10 03:49:56"
📤 AWS IoT Sent {'id': 8677, 'bp': 21269.0, 'fp': 7104.0, 'cr': 23155.0, 'bc': 5372.0, 'timestamp': '2026-02-10 03:49:56'}
⚠️ MQTT disconnected, reason: 7
⚠️ Not connected to MQTT, retrying...
✅ Connected to AWS IoT Core
⚠️ MQTT disconnected, reason: 7
⚠️ Not connected to MQTT, retrying...
✅ Connected to AWS IoT Core
⚠️ MQTT disconnected, reason: 7
⚠️ Not connected to MQTT, retrying...
✅ Connected to AWS IoT Core
⚠️ MQTT disconnected, reason: 7
✅ Connected to AWS IoT Core
✅ Uploaded | id=8679 BP=15151.0 FP=10398.0 CR=17856.0 BC=9860.0 timestamp="2026-02-10 03:50:06"
📤 AWS IoT Sent {'id': 8679, 'bp': 15151.0, 'fp': 10398.0, 'cr': 17856.0, 'bc': 9860.0, 'timestamp': '2026-02-10 03:50:06'}
✅ Uploaded | id=8680 BP=10421.0 FP=14291.0 CR=13134.0 BC=12864.0 timestamp="2026-02-10 03:50:11"
📤 AWS IoT Sent {'id': 8680, 'bp': 10421.0, 'fp': 14291.0, 'cr': 13134.0, 'bc': 12864.0, 'timestamp': '2026-02-10 03:50:11'}
✅ Uploaded | id=8681 BP=7037.0 FP=18136.0 CR=9436.0 BC=16972.0 timestamp="2026-02-10 03:50:16"
📤 AWS IoT Sent {'id': 8681, 'bp': 7037.0, 'fp': 18136.0, 'cr': 9436.0, 'bc': 16972.0, 'timestamp': '2026-02-10 03:50:16'}
✅ Uploaded | id=8682 BP=4746.0 FP=20490.0 CR=7255.0 BC=19096.0 timestamp="2026-02-10 03:50:22"
📤 AWS IoT Sent {'id': 8682, 'bp': 4746.0, 'fp': 20490.0, 'cr': 7255.0, 'bc': 19096.0, 'timestamp': '2026-02-10 03:50:22'}
✅ Uploaded | id=8683 BP=3547.0 FP=22332.0 CR=4963.0 BC=20608.0 timestamp="2026-02-10 03:50:27"
📤 AWS IoT Sent {'id': 8683, 'bp': 3547.0, 'fp': 22332.0, 'cr': 4963.0, 'bc': 20608.0, 'timestamp': '2026-02-10 03:50:27'}
✅ Uploaded | id=8684 BP=10244.0 FP=19791.0 CR=8786.0 BC=20896.0 timestamp="2026-02-10 03:50:32"
📤 AWS IoT Sent {'id': 8684, 'bp': 10244.0, 'fp': 19791.0, 'cr': 8786.0, 'bc': 20896.0, 'timestamp': '2026-02-10 03:50:32'}
✅ Uploaded | id=8685 BP=11996.0 FP=15357.0 CR=11054.0 BC=16763.0 timestamp="2026-02-10 03:50:37"
📤 AWS IoT Sent {'id': 8685, 'bp': 11996.0, 'fp': 15357.0, 'cr': 11054.0, 'bc': 16763.0, 'timestamp': '2026-02-10 03:50:37'}
⚠️ MQTT disconnected, reason: 7
⚠️ Not connected to MQTT, retrying...
✅ Connected to AWS IoT Core
⚠️ MQTT disconnected, reason: 7
⚠️ Not connected to MQTT, retrying...
✅ Connected to AWS IoT Core
⚠️ MQTT disconnected, reason: 7
⚠️ Not connected to MQTT, retrying...
✅ Connected to AWS IoT Core
⚠️ MQTT disconnected, reason: 7
⚠️ Not connected to MQTT, retrying...
✅ Connected to AWS IoT Core
⚠️ MQTT disconnected, reason: 7
⚠️ Not connected to MQTT, retrying...
✅ Connected to AWS IoT Core
⚠️ MQTT disconnected, reason: 7
⚠️ Not connected to MQTT, retrying...
✅ Connected to AWS IoT Core
⚠️ MQTT disconnected, reason: 7
⚠️ Not connected to MQTT, retrying...
✅ Connected to AWS IoT Core
⚠️ MQTT disconnected, reason: 7
⚠️ Not connected to MQTT, retrying...
✅ Connected to AWS IoT Core
⚠️ MQTT disconnected, reason: 7
⚠️ Not connected to MQTT, retrying...
✅ Connected to AWS IoT Core
⚠️ MQTT disconnected, reason: 7
⚠️ Not connected to MQTT, retrying...
✅ Connected to AWS IoT Core
⚠️ MQTT disconnected, reason: 7
⚠️ Not connected to MQTT, retrying...
✅ Connected to AWS IoT Core
⚠️ MQTT disconnected, reason: 7
⚠️ Not connected to MQTT, retrying...
✅ Connected to AWS IoT Core
⚠️ MQTT disconnected, reason: 7
⚠️ Not connected to MQTT, retrying...
✅ Connected to AWS IoT Core
⚠️ MQTT disconnected, reason: 7
⚠️ Not connected to MQTT, retrying...
✅ Connected to AWS IoT Core
⚠️ MQTT disconnected, reason: 7
⚠️ Not connected to MQTT, retrying...
✅ Connected to AWS IoT Core
⚠️ MQTT disconnected, reason: 7
⚠️ Not connected to MQTT, retrying...
✅ Connected to AWS IoT Core
⚠️ MQTT disconnected, reason: 7
⚠️ Not connected to MQTT, retrying...
✅ Connected to AWS IoT Core
⚠️ MQTT disconnected, reason: 7
⚠️ Not connected to MQTT, retrying...
✅ Connected to AWS IoT Core
⚠️ MQTT disconnected, reason: 7
⚠️ Not connected to MQTT, retrying...
✅ Connected to AWS IoT Core
⚠️ MQTT disconnected, reason: 7
⚠️ Not connected to MQTT, retrying...
✅ Connected to AWS IoT Core
✅ Uploaded | id=8687 BP=18718.0 FP=10306.0 CR=16064.0 BC=11365.0 timestamp="2026-02-10 03:50:47"
📤 AWS IoT Sent {'id': 8687, 'bp': 18718.0, 'fp': 10306.0, 'cr': 16064.0, 'bc': 11365.0, 'timestamp': '2026-02-10 03:50:47'}
⚠️ MQTT disconnected, reason: 7
⚠️ Not connected to MQTT, retrying...
✅ Connected to AWS IoT Core
⚠️ MQTT disconnected, reason: 7
⚠️ Not connected to MQTT, retrying...
✅ Connected to AWS IoT Core
⚠️ MQTT disconnected, reason: 7
⚠️ Not connected to MQTT, retrying...
✅ Connected to AWS IoT Core
⚠️ MQTT disconnected, reason: 7
⚠️ Not connected to MQTT, retrying...
✅ Connected to AWS IoT Core
⚠️ MQTT disconnected, reason: 7
⚠️ Not connected to MQTT, retrying...
✅ Connected to AWS IoT Core
⚠️ MQTT disconnected, reason: 7
⚠️ Not connected to MQTT, retrying...
✅ Connected to AWS IoT Core
⚠️ MQTT disconnected, reason: 7
⚠️ Not connected to MQTT, retrying...
✅ Connected to AWS IoT Core
⚠️ MQTT disconnected, reason: 7
⚠️ Not connected to MQTT, retrying...
✅ Connected to AWS IoT Core
⚠️ MQTT disconnected, reason: 7
⚠️ Not connected to MQTT, retrying...
✅ Connected to AWS IoT Core
⚠️ MQTT disconnected, reason: 7
⚠️ Not connected to MQTT, retrying...
✅ Connected to AWS IoT Core
✅ Uploaded | id=8694 BP=21910.0 FP=5699.0 CR=19724.0 BC=6881.0 timestamp="2026-02-10 03:51:37"
📤 AWS IoT Sent {'id': 8694, 'bp': 21910.0, 'fp': 5699.0, 'cr': 19724.0, 'bc': 6881.0, 'timestamp': '2026-02-10 03:51:37'}
⚠️ MQTT disconnected, reason: 7
⚠️ Not connected to MQTT, retrying...
✅ Connected to AWS IoT Core
⚠️ MQTT disconnected, reason: 7
⚠️ Not connected to MQTT, retrying...
✅ Connected to AWS IoT Core
⚠️ MQTT disconnected, reason: 7
⚠️ Not connected to MQTT, retrying...
✅ Connected to AWS IoT Core
✅ Uploaded | id=8696 BP=13888.0 FP=13369.0 CR=13566.0 BC=15046.0 timestamp="2026-02-10 03:51:47"
📤 AWS IoT Sent {'id': 8696, 'bp': 13888.0, 'fp': 13369.0, 'cr': 13566.0, 'bc': 15046.0, 'timestamp': '2026-02-10 03:51:47'}
✅ Uploaded | id=8697 BP=10381.0 FP=18580.0 CR=8375.0 BC=21321.0 timestamp="2026-02-10 03:51:52"
📤 AWS IoT Sent {'id': 8697, 'bp': 10381.0, 'fp': 18580.0, 'cr': 8375.0, 'bc': 21321.0, 'timestamp': '2026-02-10 03:51:52'}
✅ Uploaded | id=8698 BP=5108.0 FP=23255.0 CR=2499.0 BC=22735.0 timestamp="2026-02-10 03:51:57"
📤 AWS IoT Sent {'id': 8698, 'bp': 5108.0, 'fp': 23255.0, 'cr': 2499.0, 'bc': 22735.0, 'timestamp': '2026-02-10 03:51:57'}
✅ Uploaded | id=8699 BP=3118.0 FP=22302.0 CR=705.0 BC=22047.0 timestamp="2026-02-10 03:52:02"
📤 AWS IoT Sent {'id': 8699, 'bp': 3118.0, 'fp': 22302.0, 'cr': 705.0, 'bc': 22047.0, 'timestamp': '2026-02-10 03:52:02'}
⚠️ MQTT disconnected, reason: 7
⚠️ Not connected to MQTT, retrying...
✅ Connected to AWS IoT Core
⚠️ MQTT disconnected, reason: 7
⚠️ Not connected to MQTT, retrying...
✅ Connected to AWS IoT Core
⚠️ MQTT disconnected, reason: 7
⚠️ Not connected to MQTT, retrying...
✅ Connected to AWS IoT Core
⚠️ MQTT disconnected, reason: 7
⚠️ Not connected to MQTT, retrying...
✅ Connected to AWS IoT Core
⚠️ MQTT disconnected, reason: 7
⚠️ Not connected to MQTT, retrying...
⚠️ MQTT disconnected, reason: 7
✅ Connected to AWS IoT Core
⚠️ MQTT disconnected, reason: 7
⚠️ Not connected to MQTT, retrying...
✅ Connected to AWS IoT Core
⚠️ MQTT disconnected, reason: 7
⚠️ Not connected to MQTT, retrying...
✅ Connected to AWS IoT Core
⚠️ MQTT disconnected, reason: 7
⚠️ Not connected to MQTT, retrying...
✅ Connected to AWS IoT Core
⚠️ MQTT disconnected, reason: 7
⚠️ Not connected to MQTT, retrying...
✅ Connected to AWS IoT Core
⚠️ MQTT disconnected, reason: 7
⚠️ Not connected to MQTT, retrying...
✅ Connected to AWS IoT Core
⚠️ MQTT disconnected, reason: 7
✅ Connected to AWS IoT Core
✅ Uploaded | id=8701 BP=20126.0 FP=8850.0 CR=17370.0 BC=10151.0 timestamp="2026-02-10 03:52:18"
📤 AWS IoT Sent {'id': 8701, 'bp': 20126.0, 'fp': 8850.0, 'cr': 17370.0, 'bc': 10151.0, 'timestamp': '2026-02-10 03:52:18'}
✅ Uploaded | id=8702 BP=13853.0 FP=14343.0 CR=11508.0 BC=15828.0 timestamp="2026-02-10 03:52:23"
📤 AWS IoT Sent {'id': 8702, 'bp': 13853.0, 'fp': 14343.0, 'cr': 11508.0, 'bc': 15828.0, 'timestamp': '2026-02-10 03:52:23'}
⚠️ MQTT disconnected, reason: 7
⚠️ Not connected to MQTT, retrying...
✅ Connected to AWS IoT Core
⚠️ MQTT disconnected, reason: 7
⚠️ Not connected to MQTT, retrying...
✅ Connected to AWS IoT Core
⚠️ MQTT disconnected, reason: 7
⚠️ Not connected to MQTT, retrying...
✅ Connected to AWS IoT Core
⚠️ MQTT disconnected, reason: 7
⚠️ Not connected to MQTT, retrying...
⚠️ MQTT disconnected, reason: 7
✅ Connected to AWS IoT Core
⚠️ MQTT disconnected, reason: 7
⚠️ Not connected to MQTT, retrying...
✅ Connected to AWS IoT Core
⚠️ MQTT disconnected, reason: 7
⚠️ Not connected to MQTT, retrying...
✅ Connected to AWS IoT Core
⚠️ MQTT disconnected, reason: 7
⚠️ Not connected to MQTT, retrying...
✅ Connected to AWS IoT Core
⚠️ MQTT disconnected, reason: 7
⚠️ Not connected to MQTT, retrying...
✅ Connected to AWS IoT Core
⚠️ MQTT disconnected, reason: 7
⚠️ Not connected to MQTT, retrying...
✅ Connected to AWS IoT Core
⚠️ MQTT disconnected, reason: 7
⚠️ Not connected to MQTT, retrying...
✅ Connected to AWS IoT Core
⚠️ MQTT disconnected, reason: 7
⚠️ Not connected to MQTT, retrying...
✅ Connected to AWS IoT Core
⚠️ MQTT disconnected, reason: 7
⚠️ Not connected to MQTT, retrying...
✅ Connected to AWS IoT Core
⚠️ MQTT disconnected, reason: 7
⚠️ Not connected to MQTT, retrying...
✅ Connected to AWS IoT Core
⚠️ MQTT disconnected, reason: 7
⚠️ Not connected to MQTT, retrying...
✅ Connected to AWS IoT Core
⚠️ MQTT disconnected, reason: 7
⚠️ Not connected to MQTT, retrying...
✅ Connected to AWS IoT Core
⚠️ MQTT disconnected, reason: 7
⚠️ Not connected to MQTT, retrying...
✅ Connected to AWS IoT Core
⚠️ MQTT disconnected, reason: 7
⚠️ Not connected to MQTT, retrying...
✅ Connected to AWS IoT Core
⚠️ MQTT disconnected, reason: 7
⚠️ Not connected to MQTT, retrying...
✅ Connected to AWS IoT Core
⚠️ MQTT disconnected, reason: 7
⚠️ Not connected to MQTT, retrying...
✅ Connected to AWS IoT Core
✅ Uploaded | id=8705 BP=12705.0 FP=15672.0 CR=10661.0 BC=17125.0 timestamp="2026-02-10 03:52:38"
📤 AWS IoT Sent {'id': 8705, 'bp': 12705.0, 'fp': 15672.0, 'cr': 10661.0, 'bc': 17125.0, 'timestamp': '2026-02-10 03:52:38'}
⚠️ MQTT disconnected, reason: 7
⚠️ Not connected to MQTT, retrying...
✅ Connected to AWS IoT Core
⚠️ MQTT disconnected, reason: 7
⚠️ Not connected to MQTT, retrying...
✅ Connected to AWS IoT Core
⚠️ MQTT disconnected, reason: 7
⚠️ Not connected to MQTT, retrying...
✅ Connected to AWS IoT Core
✅ Uploaded | id=8706 BP=5059.0 FP=5018.0 CR=4970.0 BC=5040.0 timestamp="2026-02-10 03:52:43"
📤 AWS IoT Sent {'id': 8706, 'bp': 5059.0, 'fp': 5018.0, 'cr': 4970.0, 'bc': 5040.0, 'timestamp': '2026-02-10 03:52:43'}
✅ Uploaded | id=8707 BP=16.0 FP=5030.0 CR=4957.0 BC=5040.0 timestamp="2026-02-10 03:56:59"
📤 AWS IoT Sent {'id': 8707, 'bp': 16.0, 'fp': 5030.0, 'cr': 4957.0, 'bc': 5040.0, 'timestamp': '2026-02-10 03:56:59'}
✅ Uploaded | id=8708 BP=5045.0 FP=5031.0 CR=4956.0 BC=5039.0 timestamp="2026-02-10 03:57:04"
📤 AWS IoT Sent {'id': 8708, 'bp': 5045.0, 'fp': 5031.0, 'cr': 4956.0, 'bc': 5039.0, 'timestamp': '2026-02-10 03:57:04'}
⚠️ MQTT disconnected, reason: 7
⚠️ Not connected to MQTT, retrying...
✅ Connected to AWS IoT Core
⚠️ MQTT disconnected, reason: 7
⚠️ Not connected to MQTT, retrying...
✅ Connected to AWS IoT Core
⚠️ MQTT disconnected, reason: 7
⚠️ Not connected to MQTT, retrying...
✅ Connected to AWS IoT Core
⚠️ MQTT disconnected, reason: 7
⚠️ Not connected to MQTT, retrying...
✅ Connected to AWS IoT Core
⚠️ MQTT disconnected, reason: 7
⚠️ Not connected to MQTT, retrying...
✅ Connected to AWS IoT Core
⚠️ MQTT disconnected, reason: 7
⚠️ Not connected to MQTT, retrying...
✅ Connected to AWS IoT Core
⚠️ MQTT disconnected, reason: 7
⚠️ Not connected to MQTT, retrying...
✅ Connected to AWS IoT Core
⚠️ MQTT disconnected, reason: 7
⚠️ Not connected to MQTT, retrying...
✅ Connected to AWS IoT Core
⚠️ MQTT disconnected, reason: 7
⚠️ Not connected to MQTT, retrying...
✅ Connected to AWS IoT Core
⚠️ MQTT disconnected, reason: 7
⚠️ Not connected to MQTT, retrying...
✅ Connected to AWS IoT Core
⚠️ MQTT disconnected, reason: 7
⚠️ Not connected to MQTT, retrying...
✅ Connected to AWS IoT Core
⚠️ MQTT disconnected, reason: 7
⚠️ Not connected to MQTT, retrying...
✅ Connected to AWS IoT Core
⚠️ MQTT disconnected, reason: 7
⚠️ Not connected to MQTT, retrying...
✅ Connected to AWS IoT Core
⚠️ MQTT disconnected, reason: 7
⚠️ Not connected to MQTT, retrying...
✅ Connected to AWS IoT Core
⚠️ MQTT disconnected, reason: 7
⚠️ Not connected to MQTT, retrying...
✅ Connected to AWS IoT Core
⚠️ MQTT disconnected, reason: 7
⚠️ Not connected to MQTT, retrying...
✅ Connected to AWS IoT Core
⚠️ MQTT disconnected, reason: 7
✅ Connected to AWS IoT Core
⚠️ MQTT disconnected, reason: 7
⚠️ Not connected to MQTT, retrying...
✅ Connected to AWS IoT Core
⚠️ MQTT disconnected, reason: 7
⚠️ Not connected to MQTT, retrying...
✅ Connected to AWS IoT Core
⚠️ MQTT disconnected, reason: 7
⚠️ Not connected to MQTT, retrying...
✅ Connected to AWS IoT Core
⚠️ MQTT disconnected, reason: 7
⚠️ Not connected to MQTT, retrying...
✅ Connected to AWS IoT Core
⚠️ MQTT disconnected, reason: 7
⚠️ Not connected to MQTT, retrying...
✅ Connected to AWS IoT Core
⚠️ MQTT disconnected, reason: 7
⚠️ Not connected to MQTT, retrying...
✅ Connected to AWS IoT Core
⚠️ MQTT disconnected, reason: 7
⚠️ Not connected to MQTT, retrying...
✅ Connected to AWS IoT Core
⚠️ MQTT disconnected, reason: 7
⚠️ Not connected to MQTT, retrying...
✅ Connected to AWS IoT Core
⚠️ MQTT disconnected, reason: 7
⚠️ Not connected to MQTT, retrying...
✅ Connected to AWS IoT Core
⚠️ MQTT disconnected, reason: 7
⚠️ Not connected to MQTT, retrying...
✅ Connected to AWS IoT Core
⚠️ MQTT disconnected, reason: 7
⚠️ Not connected to MQTT, retrying...
✅ Connected to AWS IoT Core
⚠️ MQTT disconnected, reason: 7
⚠️ Not connected to MQTT, retrying...
✅ Connected to AWS IoT Core
⚠️ MQTT disconnected, reason: 7
⚠️ Not connected to MQTT, retrying...
✅ Connected to AWS IoT Core
⚠️ MQTT disconnected, reason: 7
⚠️ Not connected to MQTT, retrying...
✅ Connected to AWS IoT Core
⚠️ MQTT disconnected, reason: 7
⚠️ Not connected to MQTT, retrying...
✅ Connected to AWS IoT Core
⚠️ MQTT disconnected, reason: 7
⚠️ Not connected to MQTT, retrying...
✅ Connected to AWS IoT Core
⚠️ MQTT disconnected, reason: 7
⚠️ Not connected to MQTT, retrying...
✅ Connected to AWS IoT Core
⚠️ MQTT disconnected, reason: 7
⚠️ Not connected to MQTT, retrying...
✅ Connected to AWS IoT Core
⚠️ MQTT disconnected, reason: 7
⚠️ Not connected to MQTT, retrying...
✅ Connected to AWS IoT Core
⚠️ MQTT disconnected, reason: 7
⚠️ Not connected to MQTT, retrying...
✅ Connected to AWS IoT Core
⚠️ MQTT disconnected, reason: 7
⚠️ Not connected to MQTT, retrying...
✅ Connected to AWS IoT Core
⚠️ MQTT disconnected, reason: 7
⚠️ Not connected to MQTT, retrying...
✅ Connected to AWS IoT Core
⚠️ MQTT disconnected, reason: 7
⚠️ Not connected to MQTT, retrying...
✅ Connected to AWS IoT Core
⚠️ MQTT disconnected, reason: 7
⚠️ Not connected to MQTT, retrying...
✅ Connected to AWS IoT Core
⚠️ MQTT disconnected, reason: 7
⚠️ Not connected to MQTT, retrying...
✅ Connected to AWS IoT Core
⚠️ MQTT disconnected, reason: 7
⚠️ Not connected to MQTT, retrying...
✅ Connected to AWS IoT Core
⚠️ MQTT disconnected, reason: 7
⚠️ Not connected to MQTT, retrying...
✅ Connected to AWS IoT Core
⚠️ MQTT disconnected, reason: 7
⚠️ Not connected to MQTT, retrying...
✅ Connected to AWS IoT Core
⚠️ MQTT disconnected, reason: 7
⚠️ Not connected to MQTT, retrying...
✅ Connected to AWS IoT Core
⚠️ MQTT disconnected, reason: 7
⚠️ Not connected to MQTT, retrying...
✅ Connected to AWS IoT Core
⚠️ MQTT disconnected, reason: 7
⚠️ Not connected to MQTT, retrying...
✅ Connected to AWS IoT Core
⚠️ MQTT disconnected, reason: 7
⚠️ Not connected to MQTT, retrying...
✅ Connected to AWS IoT Core
⚠️ MQTT disconnected, reason: 7
⚠️ Not connected to MQTT, retrying...
✅ Connected to AWS IoT Core
⚠️ MQTT disconnected, reason: 7
⚠️ Not connected to MQTT, retrying...
✅ Connected to AWS IoT Core
⚠️ MQTT disconnected, reason: 7
⚠️ Not connected to MQTT, retrying...
✅ Connected to AWS IoT Core
✅ Connected to AWS IoT Core
⚠️ MQTT disconnected, reason: 7
⚠️ Not connected to MQTT, retrying...
✅ Connected to AWS IoT Core
⚠️ MQTT disconnected, reason: 7
✅ Connected to AWS IoT Core
⚠️ MQTT disconnected, reason: 7
⚠️ Not connected to MQTT, retrying...
✅ Connected to AWS IoT Core
⚠️ MQTT disconnected, reason: 7
⚠️ Not connected to MQTT, retrying...
✅ Connected to AWS IoT Core
⚠️ MQTT disconnected, reason: 7
⚠️ Not connected to MQTT, retrying...
✅ Connected to AWS IoT Core
⚠️ MQTT disconnected, reason: 7
⚠️ Not connected to MQTT, retrying...
✅ Connected to AWS IoT Core
⚠️ MQTT disconnected, reason: 7
⚠️ MQTT disconnected, reason: 7
✅ Connected to AWS IoT Core
⚠️ MQTT disconnected, reason: 7
✅ Connected to AWS IoT Core
⚠️ MQTT disconnected, reason: 7
⚠️ Not connected to MQTT, retrying...
✅ Connected to AWS IoT Core
⚠️ MQTT disconnected, reason: 7
⚠️ Not connected to MQTT, retrying...
✅ Connected to AWS IoT Core
⚠️ MQTT disconnected, reason: 7
⚠️ Not connected to MQTT, retrying...
✅ Connected to AWS IoT Core
⚠️ MQTT disconnected, reason: 7
⚠️ Not connected to MQTT, retrying...
✅ Connected to AWS IoT Core
⚠️ MQTT disconnected, reason: 7
⚠️ Not connected to MQTT, retrying...
✅ Connected to AWS IoT Core
⚠️ MQTT disconnected, reason: 7
⚠️ Not connected to MQTT, retrying...
✅ Connected to AWS IoT Core
⚠️ MQTT disconnected, reason: 7
⚠️ Not connected to MQTT, retrying...
✅ Connected to AWS IoT Core
⚠️ MQTT disconnected, reason: 7
⚠️ Not connected to MQTT, retrying...
✅ Connected to AWS IoT Core
⚠️ MQTT disconnected, reason: 7
⚠️ Not connected to MQTT, retrying...
✅ Connected to AWS IoT Core
⚠️ MQTT disconnected, reason: 7
⚠️ Not connected to MQTT, retrying...
✅ Connected to AWS IoT Core
⚠️ MQTT disconnected, reason: 7
⚠️ Not connected to MQTT, retrying...
✅ Connected to AWS IoT Core
⚠️ MQTT disconnected, reason: 7
⚠️ Not connected to MQTT, retrying...
✅ Connected to AWS IoT Core
⚠️ MQTT disconnected, reason: 7
⚠️ Not connected to MQTT, retrying...
✅ Connected to AWS IoT Core
⚠️ MQTT disconnected, reason: 7
⚠️ Not connected to MQTT, retrying...
✅ Connected to AWS IoT Core
⚠️ MQTT disconnected, reason: 7
⚠️ Not connected to MQTT, retrying...
✅ Connected to AWS IoT Core
⚠️ MQTT disconnected, reason: 7
⚠️ Not connected to MQTT, retrying...
✅ Connected to AWS IoT Core
⚠️ MQTT disconnected, reason: 7
✅ Connected to AWS IoT Core
⚠️ MQTT disconnected, reason: 7
⚠️ Not connected to MQTT, retrying...
✅ Connected to AWS IoT Core
⚠️ MQTT disconnected, reason: 7
⚠️ Not connected to MQTT, retrying...
✅ Connected to AWS IoT Core
⚠️ MQTT disconnected, reason: 7
⚠️ Not connected to MQTT, retrying...
✅ Connected to AWS IoT Core
⚠️ MQTT disconnected, reason: 7
⚠️ Not connected to MQTT, retrying...
✅ Connected to AWS IoT Core
⚠️ MQTT disconnected, reason: 7
⚠️ Not connected to MQTT, retrying...
✅ Connected to AWS IoT Core
⚠️ MQTT disconnected, reason: 7
⚠️ Not connected to MQTT, retrying...
✅ Connected to AWS IoT Core
⚠️ MQTT disconnected, reason: 7
⚠️ Not connected to MQTT, retrying...
✅ Connected to AWS IoT Core
⚠️ MQTT disconnected, reason: 7
⚠️ Not connected to MQTT, retrying...
✅ Connected to AWS IoT Core
⚠️ MQTT disconnected, reason: 7
⚠️ Not connected to MQTT, retrying...
✅ Connected to AWS IoT Core
⚠️ MQTT disconnected, reason: 7
⚠️ Not connected to MQTT, retrying...
✅ Connected to AWS IoT Core
⚠️ MQTT disconnected, reason: 7
⚠️ Not connected to MQTT, retrying...
✅ Connected to AWS IoT Core
⚠️ MQTT disconnected, reason: 7
⚠️ Not connected to MQTT, retrying...
✅ Connected to AWS IoT Core
⚠️ MQTT disconnected, reason: 7
⚠️ Not connected to MQTT, retrying...
✅ Connected to AWS IoT Core
⚠️ MQTT disconnected, reason: 7
⚠️ Not connected to MQTT, retrying...
✅ Connected to AWS IoT Core
⚠️ MQTT disconnected, reason: 7
✅ Connected to AWS IoT Core
⚠️ MQTT disconnected, reason: 7
⚠️ Not connected to MQTT, retrying...
✅ Connected to AWS IoT Core
⚠️ MQTT disconnected, reason: 7
⚠️ Not connected to MQTT, retrying...
✅ Connected to AWS IoT Core
⚠️ MQTT disconnected, reason: 7
⚠️ Not connected to MQTT, retrying...
✅ Connected to AWS IoT Core
⚠️ MQTT disconnected, reason: 7
⚠️ Not connected to MQTT, retrying...
✅ Connected to AWS IoT Core
⚠️ MQTT disconnected, reason: 7
✅ Connected to AWS IoT Core
⚠️ MQTT disconnected, reason: 7
⚠️ Not connected to MQTT, retrying...
✅ Connected to AWS IoT Core
⚠️ MQTT disconnected, reason: 7
⚠️ Not connected to MQTT, retrying...
✅ Connected to AWS IoT Core
⚠️ MQTT disconnected, reason: 7
⚠️ Not connected to MQTT, retrying...
✅ Connected to AWS IoT Core
⚠️ MQTT disconnected, reason: 7
⚠️ Not connected to MQTT, retrying...
✅ Connected to AWS IoT Core
⚠️ MQTT disconnected, reason: 7
⚠️ Not connected to MQTT, retrying...
✅ Connected to AWS IoT Core
⚠️ MQTT disconnected, reason: 7
⚠️ Not connected to MQTT, retrying...
✅ Connected to AWS IoT Core
⚠️ MQTT disconnected, reason: 7
⚠️ Not connected to MQTT, retrying...
✅ Connected to AWS IoT Core
⚠️ MQTT disconnected, reason: 7
⚠️ Not connected to MQTT, retrying...
✅ Connected to AWS IoT Core
⚠️ MQTT disconnected, reason: 7
⚠️ Not connected to MQTT, retrying...
✅ Connected to AWS IoT Core
⚠️ MQTT disconnected, reason: 7
⚠️ Not connected to MQTT, retrying...
✅ Connected to AWS IoT Core
⚠️ MQTT disconnected, reason: 7
⚠️ Not connected to MQTT, retrying...
✅ Connected to AWS IoT Core
⚠️ MQTT disconnected, reason: 7
⚠️ Not connected to MQTT, retrying...
✅ Connected to AWS IoT Core
⚠️ MQTT disconnected, reason: 7
⚠️ Not connected to MQTT, retrying...
✅ Connected to AWS IoT Core
⚠️ MQTT disconnected, reason: 7
⚠️ Not connected to MQTT, retrying...
✅ Connected to AWS IoT Core
⚠️ MQTT disconnected, reason: 7
⚠️ Not connected to MQTT, retrying...
✅ Connected to AWS IoT Core
⚠️ MQTT disconnected, reason: 7
⚠️ MQTT disconnected, reason: 7
✅ Connected to AWS IoT Core
⚠️ MQTT disconnected, reason: 7
⚠️ Not connected to MQTT, retrying...
✅ Connected to AWS IoT Core
⚠️ MQTT disconnected, reason: 7
⚠️ Not connected to MQTT, retrying...
✅ Connected to AWS IoT Core
⚠️ MQTT disconnected, reason: 7
⚠️ Not connected to MQTT, retrying...
✅ Connected to AWS IoT Core
⚠️ MQTT disconnected, reason: 7
⚠️ Not connected to MQTT, retrying...
✅ Connected to AWS IoT Core
⚠️ MQTT disconnected, reason: 7
⚠️ Not connected to MQTT, retrying...
✅ Connected to AWS IoT Core
⚠️ MQTT disconnected, reason: 7
⚠️ Not connected to MQTT, retrying...
✅ Connected to AWS IoT Core
⚠️ MQTT disconnected, reason: 7
⚠️ Not connected to MQTT, retrying...
✅ Connected to AWS IoT Core
⚠️ MQTT disconnected, reason: 7
⚠️ Not connected to MQTT, retrying...
✅ Connected to AWS IoT Core
⚠️ MQTT disconnected, reason: 7
⚠️ Not connected to MQTT, retrying...
✅ Connected to AWS IoT Core
⚠️ MQTT disconnected, reason: 7
⚠️ Not connected to MQTT, retrying...
✅ Connected to AWS IoT Core
⚠️ MQTT disconnected, reason: 7
⚠️ Not connected to MQTT, retrying...
✅ Connected to AWS IoT Core
⚠️ MQTT disconnected, reason: 7
⚠️ Not connected to MQTT, retrying...
✅ Connected to AWS IoT Core
⚠️ MQTT disconnected, reason: 7
⚠️ Not connected to MQTT, retrying...
✅ Connected to AWS IoT Core
⚠️ MQTT disconnected, reason: 7
⚠️ Not connected to MQTT, retrying...
✅ Connected to AWS IoT Core
⚠️ MQTT disconnected, reason: 7
⚠️ Not connected to MQTT, retrying...
✅ Connected to AWS IoT Core
⚠️ MQTT disconnected, reason: 7
⚠️ Not connected to MQTT, retrying...
✅ Connected to AWS IoT Core
⚠️ MQTT disconnected, reason: 7
⚠️ Not connected to MQTT, retrying...
✅ Connected to AWS IoT Core
⚠️ MQTT disconnected, reason: 7
⚠️ Not connected to MQTT, retrying...
✅ Connected to AWS IoT Core
⚠️ MQTT disconnected, reason: 7
⚠️ Not connected to MQTT, retrying...
✅ Connected to AWS IoT Core
⚠️ MQTT disconnected, reason: 7
⚠️ Not connected to MQTT, retrying...
✅ Connected to AWS IoT Core
⚠️ MQTT disconnected, reason: 7
⚠️ Not connected to MQTT, retrying...
✅ Connected to AWS IoT Core
⚠️ MQTT disconnected, reason: 7
⚠️ Not connected to MQTT, retrying...
✅ Connected to AWS IoT Core
⚠️ MQTT disconnected, reason: 7
⚠️ Not connected to MQTT, retrying...
✅ Connected to AWS IoT Core
⚠️ MQTT disconnected, reason: 7
⚠️ Not connected to MQTT, retrying...
✅ Connected to AWS IoT Core
⚠️ MQTT disconnected, reason: 7
⚠️ Not connected to MQTT, retrying...
✅ Connected to AWS IoT Core
⚠️ MQTT disconnected, reason: 7
⚠️ Not connected to MQTT, retrying...
✅ Connected to AWS IoT Core
⚠️ MQTT disconnected, reason: 7
⚠️ Not connected to MQTT, retrying...
✅ Connected to AWS IoT Core
⚠️ MQTT disconnected, reason: 7
⚠️ Not connected to MQTT, retrying...
✅ Connected to AWS IoT Core
⚠️ MQTT disconnected, reason: 7
⚠️ Not connected to MQTT, retrying...
✅ Connected to AWS IoT Core
⚠️ MQTT disconnected, reason: 7
⚠️ Not connected to MQTT, retrying...
✅ Connected to AWS IoT Core
⚠️ MQTT disconnected, reason: 7
⚠️ Not connected to MQTT, retrying...
✅ Connected to AWS IoT Core
⚠️ MQTT disconnected, reason: 7
⚠️ Not connected to MQTT, retrying...
✅ Connected to AWS IoT Core
⚠️ MQTT disconnected, reason: 7
⚠️ Not connected to MQTT, retrying...
✅ Connected to AWS IoT Core
⚠️ MQTT disconnected, reason: 7
⚠️ Not connected to MQTT, retrying...
✅ Connected to AWS IoT Core
⚠️ MQTT disconnected, reason: 7
⚠️ Not connected to MQTT, retrying...
✅ Connected to AWS IoT Core
⚠️ MQTT disconnected, reason: 7
⚠️ Not connected to MQTT, retrying...
✅ Connected to AWS IoT Core
⚠️ MQTT disconnected, reason: 7
⚠️ Not connected to MQTT, retrying...
✅ Connected to AWS IoT Core
⚠️ MQTT disconnected, reason: 7
⚠️ Not connected to MQTT, retrying...
✅ Connected to AWS IoT Core
⚠️ MQTT disconnected, reason: 7
⚠️ Not connected to MQTT, retrying...
✅ Connected to AWS IoT Core
⚠️ MQTT disconnected, reason: 7
⚠️ Not connected to MQTT, retrying...
✅ Connected to AWS IoT Core
⚠️ MQTT disconnected, reason: 7
⚠️ Not connected to MQTT, retrying...
✅ Connected to AWS IoT Core
⚠️ MQTT disconnected, reason: 7
⚠️ Not connected to MQTT, retrying...
✅ Connected to AWS IoT Core
⚠️ MQTT disconnected, reason: 7
⚠️ Not connected to MQTT, retrying...
✅ Connected to AWS IoT Core
⚠️ MQTT disconnected, reason: 7
⚠️ Not connected to MQTT, retrying...
✅ Connected to AWS IoT Core
⚠️ MQTT disconnected, reason: 7
⚠️ Not connected to MQTT, retrying...
✅ Connected to AWS IoT Core
⚠️ MQTT disconnected, reason: 7
⚠️ Not connected to MQTT, retrying...
✅ Connected to AWS IoT Core
⚠️ MQTT disconnected, reason: 7
⚠️ Not connected to MQTT, retrying...
✅ Connected to AWS IoT Core
⚠️ MQTT disconnected, reason: 7
⚠️ Not connected to MQTT, retrying...
✅ Connected to AWS IoT Core
⚠️ MQTT disconnected, reason: 7
⚠️ Not connected to MQTT, retrying...
✅ Connected to AWS IoT Core
⚠️ MQTT disconnected, reason: 7
⚠️ Not connected to MQTT, retrying...
✅ Connected to AWS IoT Core
⚠️ MQTT disconnected, reason: 7
⚠️ Not connected to MQTT, retrying...
✅ Connected to AWS IoT Core
⚠️ MQTT disconnected, reason: 7
⚠️ Not connected to MQTT, retrying...
✅ Connected to AWS IoT Core
⚠️ MQTT disconnected, reason: 7
⚠️ Not connected to MQTT, retrying...
✅ Connected to AWS IoT Core
⚠️ MQTT disconnected, reason: 7
⚠️ Not connected to MQTT, retrying...
✅ Connected to AWS IoT Core
⚠️ MQTT disconnected, reason: 7
⚠️ Not connected to MQTT, retrying...
✅ Connected to AWS IoT Core
⚠️ MQTT disconnected, reason: 7
⚠️ Not connected to MQTT, retrying...
✅ Connected to AWS IoT Core
⚠️ MQTT disconnected, reason: 7
⚠️ Not connected to MQTT, retrying...
✅ Connected to AWS IoT Core
⚠️ MQTT disconnected, reason: 7
⚠️ Not connected to MQTT, retrying...
✅ Connected to AWS IoT Core
⚠️ MQTT disconnected, reason: 7
⚠️ Not connected to MQTT, retrying...
⚠️ MQTT disconnected, reason: 7
✅ Connected to AWS IoT Core
⚠️ MQTT disconnected, reason: 7
⚠️ Not connected to MQTT, retrying...
✅ Connected to AWS IoT Core
⚠️ MQTT disconnected, reason: 7
⚠️ Not connected to MQTT, retrying...
✅ Connected to AWS IoT Core
⚠️ MQTT disconnected, reason: 7
⚠️ Not connected to MQTT, retrying...
✅ Connected to AWS IoT Core
⚠️ MQTT disconnected, reason: 7
⚠️ Not connected to MQTT, retrying...
✅ Connected to AWS IoT Core
⚠️ MQTT disconnected, reason: 7
⚠️ Not connected to MQTT, retrying...
✅ Connected to AWS IoT Core
⚠️ MQTT disconnected, reason: 7
⚠️ Not connected to MQTT, retrying...
✅ Connected to AWS IoT Core
⚠️ MQTT disconnected, reason: 7
⚠️ Not connected to MQTT, retrying...
✅ Connected to AWS IoT Core
⚠️ MQTT disconnected, reason: 7
⚠️ Not connected to MQTT, retrying...
✅ Connected to AWS IoT Core
⚠️ MQTT disconnected, reason: 7
⚠️ Not connected to MQTT, retrying...
✅ Connected to AWS IoT Core
⚠️ MQTT disconnected, reason: 7
⚠️ Not connected to MQTT, retrying...
✅ Connected to AWS IoT Core
⚠️ MQTT disconnected, reason: 7
⚠️ Not connected to MQTT, retrying...
✅ Connected to AWS IoT Core
⚠️ MQTT disconnected, reason: 7
⚠️ Not connected to MQTT, retrying...
✅ Connected to AWS IoT Core
⚠️ MQTT disconnected, reason: 7
⚠️ Not connected to MQTT, retrying...
✅ Connected to AWS IoT Core
⚠️ MQTT disconnected, reason: 7
⚠️ Not connected to MQTT, retrying...
✅ Connected to AWS IoT Core
⚠️ MQTT disconnected, reason: 7
⚠️ Not connected to MQTT, retrying...
✅ Connected to AWS IoT Core
⚠️ MQTT disconnected, reason: 7
⚠️ Not connected to MQTT, retrying...
✅ Connected to AWS IoT Core
⚠️ MQTT disconnected, reason: 7
⚠️ Not connected to MQTT, retrying...
✅ Connected to AWS IoT Core
⚠️ MQTT disconnected, reason: 7
⚠️ Not connected to MQTT, retrying...
✅ Connected to AWS IoT Core
⚠️ MQTT disconnected, reason: 7
⚠️ Not connected to MQTT, retrying...
✅ Connected to AWS IoT Core
⚠️ MQTT disconnected, reason: 7
⚠️ Not connected to MQTT, retrying...
✅ Connected to AWS IoT Core
⚠️ MQTT disconnected, reason: 7
⚠️ Not connected to MQTT, retrying...
✅ Connected to AWS IoT Core
⚠️ MQTT disconnected, reason: 7
⚠️ Not connected to MQTT, retrying...
✅ Connected to AWS IoT Core
⚠️ MQTT disconnected, reason: 7
⚠️ Not connected to MQTT, retrying...
✅ Connected to AWS IoT Core
⚠️ MQTT disconnected, reason: 7
⚠️ Not connected to MQTT, retrying...
✅ Connected to AWS IoT Core
⚠️ MQTT disconnected, reason: 7
⚠️ Not connected to MQTT, retrying...
✅ Connected to AWS IoT Core
⚠️ MQTT disconnected, reason: 7
⚠️ Not connected to MQTT, retrying...
✅ Connected to AWS IoT Core
⚠️ MQTT disconnected, reason: 7
✅ Connected to AWS IoT Core
⚠️ MQTT disconnected, reason: 7
⚠️ Not connected to MQTT, retrying...
✅ Connected to AWS IoT Core
⚠️ MQTT disconnected, reason: 7
⚠️ Not connected to MQTT, retrying...
✅ Connected to AWS IoT Core
⚠️ MQTT disconnected, reason: 7
⚠️ Not connected to MQTT, retrying...
✅ Connected to AWS IoT Core
⚠️ MQTT disconnected, reason: 7
⚠️ Not connected to MQTT, retrying...
✅ Connected to AWS IoT Core
⚠️ MQTT disconnected, reason: 7
⚠️ Not connected to MQTT, retrying...
✅ Connected to AWS IoT Core
⚠️ MQTT disconnected, reason: 7
⚠️ Not connected to MQTT, retrying...
✅ Connected to AWS IoT Core
⚠️ MQTT disconnected, reason: 7
⚠️ Not connected to MQTT, retrying...
✅ Connected to AWS IoT Core
⚠️ MQTT disconnected, reason: 7
⚠️ Not connected to MQTT, retrying...
✅ Connected to AWS IoT Core
⚠️ MQTT disconnected, reason: 7
⚠️ Not connected to MQTT, retrying...
✅ Connected to AWS IoT Core
⚠️ MQTT disconnected, reason: 7
⚠️ Not connected to MQTT, retrying...
✅ Connected to AWS IoT Core
⚠️ MQTT disconnected, reason: 7
⚠️ Not connected to MQTT, retrying...
⚠️ MQTT disconnected, reason: 7
✅ Connected to AWS IoT Core
⚠️ MQTT disconnected, reason: 7
⚠️ Not connected to MQTT, retrying...
✅ Connected to AWS IoT Core
⚠️ MQTT disconnected, reason: 7
⚠️ Not connected to MQTT, retrying...
✅ Connected to AWS IoT Core
⚠️ MQTT disconnected, reason: 7
⚠️ Not connected to MQTT, retrying...
✅ Connected to AWS IoT Core
⚠️ MQTT disconnected, reason: 7
⚠️ Not connected to MQTT, retrying...
✅ Connected to AWS IoT Core
⚠️ MQTT disconnected, reason: 7
⚠️ Not connected to MQTT, retrying...
✅ Connected to AWS IoT Core
⚠️ MQTT disconnected, reason: 7
⚠️ Not connected to MQTT, retrying...
✅ Connected to AWS IoT Core
⚠️ MQTT disconnected, reason: 7
⚠️ Not connected to MQTT, retrying...
✅ Connected to AWS IoT Core
⚠️ MQTT disconnected, reason: 7
⚠️ Not connected to MQTT, retrying...
✅ Connected to AWS IoT Core
⚠️ MQTT disconnected, reason: 7
⚠️ Not connected to MQTT, retrying...
✅ Connected to AWS IoT Core
⚠️ MQTT disconnected, reason: 7
⚠️ Not connected to MQTT, retrying...
✅ Connected to AWS IoT Core
⚠️ MQTT disconnected, reason: 7
⚠️ Not connected to MQTT, retrying...
✅ Connected to AWS IoT Core
⚠️ MQTT disconnected, reason: 7
⚠️ Not connected to MQTT, retrying...
✅ Connected to AWS IoT Core
⚠️ MQTT disconnected, reason: 7
⚠️ Not connected to MQTT, retrying...
✅ Connected to AWS IoT Core
⚠️ MQTT disconnected, reason: 7
⚠️ Not connected to MQTT, retrying...
✅ Connected to AWS IoT Core
⚠️ MQTT disconnected, reason: 7
⚠️ Not connected to MQTT, retrying...
✅ Connected to AWS IoT Core
⚠️ MQTT disconnected, reason: 7
⚠️ Not connected to MQTT, retrying...
✅ Connected to AWS IoT Core
⚠️ MQTT disconnected, reason: 7
⚠️ Not connected to MQTT, retrying...
✅ Connected to AWS IoT Core
⚠️ MQTT disconnected, reason: 7
⚠️ Not connected to MQTT, retrying...
✅ Connected to AWS IoT Core
⚠️ MQTT disconnected, reason: 7
⚠️ Not connected to MQTT, retrying...
✅ Connected to AWS IoT Core
⚠️ MQTT disconnected, reason: 7
⚠️ Not connected to MQTT, retrying...
✅ Connected to AWS IoT Core
⚠️ MQTT disconnected, reason: 7
⚠️ Not connected to MQTT, retrying...
✅ Connected to AWS IoT Core
⚠️ MQTT disconnected, reason: 7
✅ Connected to AWS IoT Core
⚠️ MQTT disconnected, reason: 7
✅ Connected to AWS IoT Core
⚠️ MQTT disconnected, reason: 7
⚠️ Not connected to MQTT, retrying...
✅ Connected to AWS IoT Core
⚠️ MQTT disconnected, reason: 7
⚠️ Not connected to MQTT, retrying...
✅ Connected to AWS IoT Core
⚠️ MQTT disconnected, reason: 7
⚠️ Not connected to MQTT, retrying...
✅ Connected to AWS IoT Core
⚠️ MQTT disconnected, reason: 7
⚠️ Not connected to MQTT, retrying...
✅ Connected to AWS IoT Core
⚠️ MQTT disconnected, reason: 7
⚠️ Not connected to MQTT, retrying...
✅ Connected to AWS IoT Core
⚠️ MQTT disconnected, reason: 7
✅ Connected to AWS IoT Core
⚠️ MQTT disconnected, reason: 7
✅ Connected to AWS IoT Core
⚠️ MQTT disconnected, reason: 7
⚠️ Not connected to MQTT, retrying...
✅ Connected to AWS IoT Core
⚠️ MQTT disconnected, reason: 7
⚠️ Not connected to MQTT, retrying...
✅ Connected to AWS IoT Core
⚠️ MQTT disconnected, reason: 7
⚠️ Not connected to MQTT, retrying...
✅ Connected to AWS IoT Core
⚠️ MQTT disconnected, reason: 7
⚠️ Not connected to MQTT, retrying...
✅ Connected to AWS IoT Core
⚠️ MQTT disconnected, reason: 7
⚠️ Not connected to MQTT, retrying...
✅ Connected to AWS IoT Core
⚠️ MQTT disconnected, reason: 7
⚠️ Not connected to MQTT, retrying...
✅ Connected to AWS IoT Core
⚠️ MQTT disconnected, reason: 7
⚠️ Not connected to MQTT, retrying...
✅ Connected to AWS IoT Core
⚠️ MQTT disconnected, reason: 7
⚠️ Not connected to MQTT, retrying...
✅ Connected to AWS IoT Core
⚠️ MQTT disconnected, reason: 7
⚠️ Not connected to MQTT, retrying...
✅ Connected to AWS IoT Core
⚠️ MQTT disconnected, reason: 7
⚠️ Not connected to MQTT, retrying...
✅ Connected to AWS IoT Core
⚠️ MQTT disconnected, reason: 7
⚠️ Not connected to MQTT, retrying...
✅ Connected to AWS IoT Core
⚠️ MQTT disconnected, reason: 7
⚠️ Not connected to MQTT, retrying...
✅ Connected to AWS IoT Core
⚠️ MQTT disconnected, reason: 7
⚠️ Not connected to MQTT, retrying...
✅ Connected to AWS IoT Core
⚠️ MQTT disconnected, reason: 7
⚠️ Not connected to MQTT, retrying...
✅ Connected to AWS IoT Core
⚠️ MQTT disconnected, reason: 7
✅ Connected to AWS IoT Core
⚠️ MQTT disconnected, reason: 7
⚠️ Not connected to MQTT, retrying...
✅ Connected to AWS IoT Core
⚠️ MQTT disconnected, reason: 7
⚠️ Not connected to MQTT, retrying...
✅ Connected to AWS IoT Core
⚠️ MQTT disconnected, reason: 7
⚠️ Not connected to MQTT, retrying...
✅ Connected to AWS IoT Core
⚠️ MQTT disconnected, reason: 7
✅ Connected to AWS IoT Core
⚠️ MQTT disconnected, reason: 7
⚠️ Not connected to MQTT, retrying...
✅ Connected to AWS IoT Core
⚠️ MQTT disconnected, reason: 7
⚠️ Not connected to MQTT, retrying...
✅ Connected to AWS IoT Core
⚠️ MQTT disconnected, reason: 7
⚠️ Not connected to MQTT, retrying...
✅ Connected to AWS IoT Core
⚠️ MQTT disconnected, reason: 7
⚠️ Not connected to MQTT, retrying...
✅ Connected to AWS IoT Core
⚠️ MQTT disconnected, reason: 7
⚠️ Not connected to MQTT, retrying...
✅ Connected to AWS IoT Core
⚠️ MQTT disconnected, reason: 7
⚠️ Not connected to MQTT, retrying...
✅ Connected to AWS IoT Core
⚠️ MQTT disconnected, reason: 7
⚠️ Not connected to MQTT, retrying...
✅ Connected to AWS IoT Core
⚠️ MQTT disconnected, reason: 7
⚠️ Not connected to MQTT, retrying...
✅ Connected to AWS IoT Core
⚠️ MQTT disconnected, reason: 7
⚠️ Not connected to MQTT, retrying...
✅ Connected to AWS IoT Core
⚠️ MQTT disconnected, reason: 7
⚠️ Not connected to MQTT, retrying...
✅ Connected to AWS IoT Core
⚠️ MQTT disconnected, reason: 7
⚠️ Not connected to MQTT, retrying...
✅ Connected to AWS IoT Core
⚠️ MQTT disconnected, reason: 7
⚠️ Not connected to MQTT, retrying...
✅ Connected to AWS IoT Core
⚠️ MQTT disconnected, reason: 7
⚠️ Not connected to MQTT, retrying...
✅ Connected to AWS IoT Core
⚠️ MQTT disconnected, reason: 7
⚠️ Not connected to MQTT, retrying...
✅ Connected to AWS IoT Core
⚠️ MQTT disconnected, reason: 7
⚠️ Not connected to MQTT, retrying...
✅ Connected to AWS IoT Core
⚠️ MQTT disconnected, reason: 7
⚠️ Not connected to MQTT, retrying...
✅ Connected to AWS IoT Core
⚠️ MQTT disconnected, reason: 7
⚠️ Not connected to MQTT, retrying...
✅ Connected to AWS IoT Core
⚠️ MQTT disconnected, reason: 7
⚠️ Not connected to MQTT, retrying...
✅ Connected to AWS IoT Core
⚠️ MQTT disconnected, reason: 7
✅ Connected to AWS IoT Core
⚠️ MQTT disconnected, reason: 7
⚠️ Not connected to MQTT, retrying...
✅ Connected to AWS IoT Core
⚠️ MQTT disconnected, reason: 7
⚠️ Not connected to MQTT, retrying...
✅ Connected to AWS IoT Core
⚠️ MQTT disconnected, reason: 7
⚠️ Not connected to MQTT, retrying...
✅ Connected to AWS IoT Core
⚠️ MQTT disconnected, reason: 7
⚠️ Not connected to MQTT, retrying...
✅ Connected to AWS IoT Core
⚠️ MQTT disconnected, reason: 7
⚠️ Not connected to MQTT, retrying...
✅ Connected to AWS IoT Core
⚠️ MQTT disconnected, reason: 7
⚠️ Not connected to MQTT, retrying...
✅ Connected to AWS IoT Core
⚠️ MQTT disconnected, reason: 7
⚠️ Not connected to MQTT, retrying...
✅ Connected to AWS IoT Core
⚠️ MQTT disconnected, reason: 7
⚠️ Not connected to MQTT, retrying...
✅ Connected to AWS IoT Core
⚠️ MQTT disconnected, reason: 7
⚠️ Not connected to MQTT, retrying...
✅ Connected to AWS IoT Core
⚠️ MQTT disconnected, reason: 7
✅ Connected to AWS IoT Core
⚠️ MQTT disconnected, reason: 7
⚠️ Not connected to MQTT, retrying...
✅ Connected to AWS IoT Core
⚠️ MQTT disconnected, reason: 7
⚠️ Not connected to MQTT, retrying...
✅ Connected to AWS IoT Core
⚠️ MQTT disconnected, reason: 7
⚠️ Not connected to MQTT, retrying...
✅ Connected to AWS IoT Core
⚠️ MQTT disconnected, reason: 7
⚠️ Not connected to MQTT, retrying...
✅ Connected to AWS IoT Core
⚠️ MQTT disconnected, reason: 7
⚠️ Not connected to MQTT, retrying...
✅ Connected to AWS IoT Core
⚠️ MQTT disconnected, reason: 7
⚠️ Not connected to MQTT, retrying...
✅ Connected to AWS IoT Core
⚠️ MQTT disconnected, reason: 7
⚠️ Not connected to MQTT, retrying...
✅ Connected to AWS IoT Core
⚠️ MQTT disconnected, reason: 7
⚠️ Not connected to MQTT, retrying...
✅ Connected to AWS IoT Core
⚠️ MQTT disconnected, reason: 7
⚠️ Not connected to MQTT, retrying...
✅ Connected to AWS IoT Core
⚠️ MQTT disconnected, reason: 7
⚠️ Not connected to MQTT, retrying...
✅ Connected to AWS IoT Core
⚠️ MQTT disconnected, reason: 7
⚠️ Not connected to MQTT, retrying...
✅ Connected to AWS IoT Core
⚠️ MQTT disconnected, reason: 7
⚠️ Not connected to MQTT, retrying...
✅ Connected to AWS IoT Core
⚠️ MQTT disconnected, reason: 7
⚠️ Not connected to MQTT, retrying...
✅ Connected to AWS IoT Core
⚠️ MQTT disconnected, reason: 7
⚠️ Not connected to MQTT, retrying...
✅ Connected to AWS IoT Core
⚠️ MQTT disconnected, reason: 7
⚠️ Not connected to MQTT, retrying...
✅ Connected to AWS IoT Core
⚠️ MQTT disconnected, reason: 7
⚠️ Not connected to MQTT, retrying...
✅ Connected to AWS IoT Core
⚠️ MQTT disconnected, reason: 7
⚠️ Not connected to MQTT, retrying...
✅ Connected to AWS IoT Core
⚠️ MQTT disconnected, reason: 7
⚠️ Not connected to MQTT, retrying...
✅ Connected to AWS IoT Core
⚠️ MQTT disconnected, reason: 7
⚠️ Not connected to MQTT, retrying...
✅ Connected to AWS IoT Core
⚠️ MQTT disconnected, reason: 7
⚠️ Not connected to MQTT, retrying...
✅ Connected to AWS IoT Core
⚠️ MQTT disconnected, reason: 7
⚠️ Not connected to MQTT, retrying...
✅ Connected to AWS IoT Core
⚠️ MQTT disconnected, reason: 7
⚠️ Not connected to MQTT, retrying...
✅ Connected to AWS IoT Core
⚠️ MQTT disconnected, reason: 7
⚠️ Not connected to MQTT, retrying...
✅ Connected to AWS IoT Core
⚠️ MQTT disconnected, reason: 7
⚠️ Not connected to MQTT, retrying...
✅ Connected to AWS IoT Core
⚠️ MQTT disconnected, reason: 7
⚠️ Not connected to MQTT, retrying...
✅ Connected to AWS IoT Core
⚠️ MQTT disconnected, reason: 7
✅ Connected to AWS IoT Core
⚠️ MQTT disconnected, reason: 7
⚠️ Not connected to MQTT, retrying...
✅ Connected to AWS IoT Core
⚠️ MQTT disconnected, reason: 7
⚠️ Not connected to MQTT, retrying...
✅ Connected to AWS IoT Core
⚠️ MQTT disconnected, reason: 7
⚠️ Not connected to MQTT, retrying...
✅ Connected to AWS IoT Core
⚠️ MQTT disconnected, reason: 7
⚠️ Not connected to MQTT, retrying...
✅ Connected to AWS IoT Core
⚠️ MQTT disconnected, reason: 7
⚠️ Not connected to MQTT, retrying...
✅ Connected to AWS IoT Core
⚠️ MQTT disconnected, reason: 7
⚠️ Not connected to MQTT, retrying...
✅ Connected to AWS IoT Core
⚠️ MQTT disconnected, reason: 7
⚠️ Not connected to MQTT, retrying...
✅ Connected to AWS IoT Core
⚠️ MQTT disconnected, reason: 7
⚠️ Not connected to MQTT, retrying...
✅ Connected to AWS IoT Core
⚠️ MQTT disconnected, reason: 7
⚠️ Not connected to MQTT, retrying...
✅ Connected to AWS IoT Core
⚠️ MQTT disconnected, reason: 7
⚠️ Not connected to MQTT, retrying...
✅ Connected to AWS IoT Core
⚠️ MQTT disconnected, reason: 7
⚠️ Not connected to MQTT, retrying...
✅ Connected to AWS IoT Core
✅ Connected to AWS IoT Core
⚠️ MQTT disconnected, reason: 7
⚠️ Not connected to MQTT, retrying...
✅ Connected to AWS IoT Core
⚠️ MQTT disconnected, reason: 7
⚠️ Not connected to MQTT, retrying...
✅ Connected to AWS IoT Core
⚠️ MQTT disconnected, reason: 7
⚠️ Not connected to MQTT, retrying...
✅ Connected to AWS IoT Core
⚠️ MQTT disconnected, reason: 7
⚠️ Not connected to MQTT, retrying...
✅ Connected to AWS IoT Core
⚠️ MQTT disconnected, reason: 7
⚠️ Not connected to MQTT, retrying...
✅ Connected to AWS IoT Core
⚠️ MQTT disconnected, reason: 7
⚠️ Not connected to MQTT, retrying...
✅ Connected to AWS IoT Core
⚠️ MQTT disconnected, reason: 7
⚠️ Not connected to MQTT, retrying...
✅ Connected to AWS IoT Core
⚠️ MQTT disconnected, reason: 7
⚠️ Not connected to MQTT, retrying...
✅ Connected to AWS IoT Core
⚠️ MQTT disconnected, reason: 7
⚠️ Not connected to MQTT, retrying...
✅ Connected to AWS IoT Core
⚠️ MQTT disconnected, reason: 7
⚠️ Not connected to MQTT, retrying...
✅ Connected to AWS IoT Core
⚠️ MQTT disconnected, reason: 7
⚠️ Not connected to MQTT, retrying...
✅ Connected to AWS IoT Core
⚠️ MQTT disconnected, reason: 7
⚠️ Not connected to MQTT, retrying...
✅ Connected to AWS IoT Core
⚠️ MQTT disconnected, reason: 7
⚠️ Not connected to MQTT, retrying...
✅ Connected to AWS IoT Core
⚠️ MQTT disconnected, reason: 7
⚠️ Not connected to MQTT, retrying...
✅ Connected to AWS IoT Core
⚠️ MQTT disconnected, reason: 7
⚠️ Not connected to MQTT, retrying...
✅ Connected to AWS IoT Core
⚠️ MQTT disconnected, reason: 7
⚠️ Not connected to MQTT, retrying...
✅ Connected to AWS IoT Core
⚠️ MQTT disconnected, reason: 7
⚠️ Not connected to MQTT, retrying...
✅ Connected to AWS IoT Core
⚠️ MQTT disconnected, reason: 7
⚠️ Not connected to MQTT, retrying...
✅ Connected to AWS IoT Core
⚠️ MQTT disconnected, reason: 7
⚠️ Not connected to MQTT, retrying...
✅ Connected to AWS IoT Core
⚠️ MQTT disconnected, reason: 7
⚠️ Not connected to MQTT, retrying...
✅ Connected to AWS IoT Core
⚠️ MQTT disconnected, reason: 7
⚠️ Not connected to MQTT, retrying...
✅ Connected to AWS IoT Core
⚠️ MQTT disconnected, reason: 7
✅ Connected to AWS IoT Core
⚠️ MQTT disconnected, reason: 7
✅ Connected to AWS IoT Core
⚠️ MQTT disconnected, reason: 7
⚠️ Not connected to MQTT, retrying...
✅ Connected to AWS IoT Core
⚠️ MQTT disconnected, reason: 7
⚠️ Not connected to MQTT, retrying...
✅ Connected to AWS IoT Core
⚠️ MQTT disconnected, reason: 7
⚠️ Not connected to MQTT, retrying...
✅ Connected to AWS IoT Core
⚠️ MQTT disconnected, reason: 7
⚠️ Not connected to MQTT, retrying...
✅ Connected to AWS IoT Core
⚠️ MQTT disconnected, reason: 7
⚠️ Not connected to MQTT, retrying...
✅ Connected to AWS IoT Core
⚠️ MQTT disconnected, reason: 7
⚠️ Not connected to MQTT, retrying...
✅ Connected to AWS IoT Core
⚠️ MQTT disconnected, reason: 7
⚠️ Not connected to MQTT, retrying...
✅ Connected to AWS IoT Core
⚠️ MQTT disconnected, reason: 7
⚠️ Not connected to MQTT, retrying...
✅ Connected to AWS IoT Core
⚠️ MQTT disconnected, reason: 7
⚠️ Not connected to MQTT, retrying...
✅ Connected to AWS IoT Core
⚠️ MQTT disconnected, reason: 7
⚠️ Not connected to MQTT, retrying...
✅ Connected to AWS IoT Core
⚠️ MQTT disconnected, reason: 7
⚠️ Not connected to MQTT, retrying...
✅ Connected to AWS IoT Core
⚠️ MQTT disconnected, reason: 7
⚠️ Not connected to MQTT, retrying...
✅ Connected to AWS IoT Core
⚠️ MQTT disconnected, reason: 7
⚠️ Not connected to MQTT, retrying...
✅ Connected to AWS IoT Core
⚠️ MQTT disconnected, reason: 7
⚠️ Not connected to MQTT, retrying...
✅ Connected to AWS IoT Core
⚠️ MQTT disconnected, reason: 7
⚠️ Not connected to MQTT, retrying...
✅ Connected to AWS IoT Core
⚠️ MQTT disconnected, reason: 7
⚠️ Not connected to MQTT, retrying...
✅ Connected to AWS IoT Core
⚠️ MQTT disconnected, reason: 7
⚠️ Not connected to MQTT, retrying...
✅ Connected to AWS IoT Core
⚠️ MQTT disconnected, reason: 7
⚠️ Not connected to MQTT, retrying...
✅ Connected to AWS IoT Core
⚠️ MQTT disconnected, reason: 7
⚠️ Not connected to MQTT, retrying...
✅ Connected to AWS IoT Core
⚠️ MQTT disconnected, reason: 7
⚠️ Not connected to MQTT, retrying...
✅ Connected to AWS IoT Core
⚠️ MQTT disconnected, reason: 7
✅ Connected to AWS IoT Core
⚠️ MQTT disconnected, reason: 7
⚠️ Not connected to MQTT, retrying...
✅ Connected to AWS IoT Core
⚠️ MQTT disconnected, reason: 7
⚠️ Not connected to MQTT, retrying...
✅ Connected to AWS IoT Core
⚠️ MQTT disconnected, reason: 7
⚠️ Not connected to MQTT, retrying...
✅ Connected to AWS IoT Core
⚠️ MQTT disconnected, reason: 7
⚠️ Not connected to MQTT, retrying...
✅ Connected to AWS IoT Core
⚠️ MQTT disconnected, reason: 7
⚠️ Not connected to MQTT, retrying...
✅ Connected to AWS IoT Core
⚠️ MQTT disconnected, reason: 7
⚠️ Not connected to MQTT, retrying...
✅ Connected to AWS IoT Core
⚠️ MQTT disconnected, reason: 7
⚠️ Not connected to MQTT, retrying...
✅ Connected to AWS IoT Core
⚠️ MQTT disconnected, reason: 7
⚠️ Not connected to MQTT, retrying...
✅ Connected to AWS IoT Core
⚠️ MQTT disconnected, reason: 7
⚠️ Not connected to MQTT, retrying...
✅ Connected to AWS IoT Core
⚠️ MQTT disconnected, reason: 7
⚠️ Not connected to MQTT, retrying...
✅ Connected to AWS IoT Core
⚠️ MQTT disconnected, reason: 7
⚠️ Not connected to MQTT, retrying...
✅ Connected to AWS IoT Core
⚠️ MQTT disconnected, reason: 7
⚠️ Not connected to MQTT, retrying...
✅ Connected to AWS IoT Core
⚠️ MQTT disconnected, reason: 7
⚠️ Not connected to MQTT, retrying...
✅ Connected to AWS IoT Core
⚠️ MQTT disconnected, reason: 7
⚠️ Not connected to MQTT, retrying...
✅ Connected to AWS IoT Core
⚠️ MQTT disconnected, reason: 7
⚠️ Not connected to MQTT, retrying...
✅ Connected to AWS IoT Core
⚠️ MQTT disconnected, reason: 7
✅ Connected to AWS IoT Core
⚠️ MQTT disconnected, reason: 7
⚠️ Not connected to MQTT, retrying...
✅ Connected to AWS IoT Core
⚠️ MQTT disconnected, reason: 7
⚠️ Not connected to MQTT, retrying...
✅ Connected to AWS IoT Core
⚠️ MQTT disconnected, reason: 7
⚠️ Not connected to MQTT, retrying...
✅ Connected to AWS IoT Core
⚠️ MQTT disconnected, reason: 7
⚠️ Not connected to MQTT, retrying...
✅ Connected to AWS IoT Core
⚠️ MQTT disconnected, reason: 7
⚠️ Not connected to MQTT, retrying...
✅ Connected to AWS IoT Core
⚠️ MQTT disconnected, reason: 7
⚠️ Not connected to MQTT, retrying...
✅ Connected to AWS IoT Core
⚠️ MQTT disconnected, reason: 7
⚠️ Not connected to MQTT, retrying...
✅ Connected to AWS IoT Core
⚠️ MQTT disconnected, reason: 7
⚠️ Not connected to MQTT, retrying...
✅ Connected to AWS IoT Core
⚠️ MQTT disconnected, reason: 7
⚠️ Not connected to MQTT, retrying...
✅ Connected to AWS IoT Core
⚠️ MQTT disconnected, reason: 7
⚠️ Not connected to MQTT, retrying...
✅ Connected to AWS IoT Core
⚠️ MQTT disconnected, reason: 7
⚠️ Not connected to MQTT, retrying...
✅ Connected to AWS IoT Core
⚠️ MQTT disconnected, reason: 7
⚠️ Not connected to MQTT, retrying...
✅ Connected to AWS IoT Core
⚠️ MQTT disconnected, reason: 7
⚠️ Not connected to MQTT, retrying...
✅ Connected to AWS IoT Core
⚠️ MQTT disconnected, reason: 7
⚠️ Not connected to MQTT, retrying...
✅ Connected to AWS IoT Core
⚠️ MQTT disconnected, reason: 7
⚠️ Not connected to MQTT, retrying...
✅ Connected to AWS IoT Core
⚠️ MQTT disconnected, reason: 7
⚠️ Not connected to MQTT, retrying...
✅ Connected to AWS IoT Core
⚠️ MQTT disconnected, reason: 7
⚠️ Not connected to MQTT, retrying...
✅ Connected to AWS IoT Core
⚠️ MQTT disconnected, reason: 7
⚠️ Not connected to MQTT, retrying...
✅ Connected to AWS IoT Core
⚠️ MQTT disconnected, reason: 7
⚠️ Not connected to MQTT, retrying...
✅ Connected to AWS IoT Core
⚠️ MQTT disconnected, reason: 7
⚠️ Not connected to MQTT, retrying...
✅ Connected to AWS IoT Core
⚠️ MQTT disconnected, reason: 7
⚠️ Not connected to MQTT, retrying...
✅ Connected to AWS IoT Core
⚠️ MQTT disconnected, reason: 7
⚠️ Not connected to MQTT, retrying...
✅ Connected to AWS IoT Core
⚠️ MQTT disconnected, reason: 7
⚠️ Not connected to MQTT, retrying...
✅ Connected to AWS IoT Core
⚠️ MQTT disconnected, reason: 7
⚠️ Not connected to MQTT, retrying...
✅ Connected to AWS IoT Core
⚠️ MQTT disconnected, reason: 7
⚠️ Not connected to MQTT, retrying...
✅ Connected to AWS IoT Core
⚠️ MQTT disconnected, reason: 7
⚠️ Not connected to MQTT, retrying...
✅ Connected to AWS IoT Core
⚠️ MQTT disconnected, reason: 7
⚠️ Not connected to MQTT, retrying...
✅ Connected to AWS IoT Core
⚠️ MQTT disconnected, reason: 7
⚠️ Not connected to MQTT, retrying...
✅ Connected to AWS IoT Core
⚠️ MQTT disconnected, reason: 7
⚠️ Not connected to MQTT, retrying...
✅ Connected to AWS IoT Core
⚠️ MQTT disconnected, reason: 7
⚠️ Not connected to MQTT, retrying...
✅ Connected to AWS IoT Core
⚠️ MQTT disconnected, reason: 7
⚠️ Not connected to MQTT, retrying...
✅ Connected to AWS IoT Core
⚠️ MQTT disconnected, reason: 7
⚠️ Not connected to MQTT, retrying...
✅ Connected to AWS IoT Core
⚠️ MQTT disconnected, reason: 7
✅ Connected to AWS IoT Core
⚠️ MQTT disconnected, reason: 7
⚠️ Not connected to MQTT, retrying...
✅ Connected to AWS IoT Core
⚠️ MQTT disconnected, reason: 7
⚠️ Not connected to MQTT, retrying...
✅ Connected to AWS IoT Core
⚠️ MQTT disconnected, reason: 7
⚠️ Not connected to MQTT, retrying...
✅ Connected to AWS IoT Core
⚠️ MQTT disconnected, reason: 7
⚠️ Not connected to MQTT, retrying...
✅ Connected to AWS IoT Core
⚠️ MQTT disconnected, reason: 7
⚠️ Not connected to MQTT, retrying...
✅ Connected to AWS IoT Core
⚠️ MQTT disconnected, reason: 7
⚠️ Not connected to MQTT, retrying...
✅ Connected to AWS IoT Core
⚠️ MQTT disconnected, reason: 7
⚠️ Not connected to MQTT, retrying...
✅ Connected to AWS IoT Core
⚠️ MQTT disconnected, reason: 7
⚠️ Not connected to MQTT, retrying...
✅ Connected to AWS IoT Core
⚠️ MQTT disconnected, reason: 7
⚠️ Not connected to MQTT, retrying...
✅ Connected to AWS IoT Core
⚠️ MQTT disconnected, reason: 7
⚠️ Not connected to MQTT, retrying...
✅ Connected to AWS IoT Core
⚠️ MQTT disconnected, reason: 7
⚠️ Not connected to MQTT, retrying...
✅ Connected to AWS IoT Core
⚠️ MQTT disconnected, reason: 7
⚠️ Not connected to MQTT, retrying...
✅ Connected to AWS IoT Core
⚠️ MQTT disconnected, reason: 7
⚠️ Not connected to MQTT, retrying...
✅ Connected to AWS IoT Core
⚠️ MQTT disconnected, reason: 7
⚠️ Not connected to MQTT, retrying...
✅ Connected to AWS IoT Core
⚠️ MQTT disconnected, reason: 7
⚠️ Not connected to MQTT, retrying...
✅ Connected to AWS IoT Core
⚠️ MQTT disconnected, reason: 7
⚠️ Not connected to MQTT, retrying...
✅ Connected to AWS IoT Core
⚠️ MQTT disconnected, reason: 7
⚠️ Not connected to MQTT, retrying...
⚠️ MQTT disconnected, reason: 7
⚠️ MQTT disconnected, reason: 7
✅ Connected to AWS IoT Core
⚠️ MQTT disconnected, reason: 7
⚠️ Not connected to MQTT, retrying...
✅ Connected to AWS IoT Core
⚠️ MQTT disconnected, reason: 7
⚠️ Not connected to MQTT, retrying...
✅ Connected to AWS IoT Core
⚠️ MQTT disconnected, reason: 7
⚠️ Not connected to MQTT, retrying...
✅ Connected to AWS IoT Core
⚠️ MQTT disconnected, reason: 7
⚠️ Not connected to MQTT, retrying...
✅ Connected to AWS IoT Core
⚠️ MQTT disconnected, reason: 7
⚠️ Not connected to MQTT, retrying...
✅ Connected to AWS IoT Core
⚠️ MQTT disconnected, reason: 7
⚠️ Not connected to MQTT, retrying...
✅ Connected to AWS IoT Core
⚠️ MQTT disconnected, reason: 7
⚠️ Not connected to MQTT, retrying...
✅ Connected to AWS IoT Core
⚠️ MQTT disconnected, reason: 7
⚠️ Not connected to MQTT, retrying...
✅ Connected to AWS IoT Core
⚠️ MQTT disconnected, reason: 7
⚠️ Not connected to MQTT, retrying...
✅ Connected to AWS IoT Core
⚠️ MQTT disconnected, reason: 7
⚠️ Not connected to MQTT, retrying...
✅ Connected to AWS IoT Core
⚠️ MQTT disconnected, reason: 7
⚠️ Not connected to MQTT, retrying...
✅ Connected to AWS IoT Core
⚠️ MQTT disconnected, reason: 7
⚠️ Not connected to MQTT, retrying...
✅ Connected to AWS IoT Core
⚠️ MQTT disconnected, reason: 7
⚠️ Not connected to MQTT, retrying...
✅ Connected to AWS IoT Core
⚠️ MQTT disconnected, reason: 7
⚠️ Not connected to MQTT, retrying...
✅ Connected to AWS IoT Core
⚠️ MQTT disconnected, reason: 7
⚠️ Not connected to MQTT, retrying...
✅ Connected to AWS IoT Core
⚠️ MQTT disconnected, reason: 7
⚠️ Not connected to MQTT, retrying...
✅ Connected to AWS IoT Core
⚠️ MQTT disconnected, reason: 7
⚠️ Not connected to MQTT, retrying...
✅ Connected to AWS IoT Core
⚠️ MQTT disconnected, reason: 7
⚠️ Not connected to MQTT, retrying...
✅ Connected to AWS IoT Core
⚠️ MQTT disconnected, reason: 7
⚠️ Not connected to MQTT, retrying...
✅ Connected to AWS IoT Core
⚠️ MQTT disconnected, reason: 7
⚠️ Not connected to MQTT, retrying...
✅ Connected to AWS IoT Core
⚠️ MQTT disconnected, reason: 7
⚠️ Not connected to MQTT, retrying...
✅ Connected to AWS IoT Core
⚠️ MQTT disconnected, reason: 7
⚠️ Not connected to MQTT, retrying...
✅ Connected to AWS IoT Core
⚠️ MQTT disconnected, reason: 7
⚠️ Not connected to MQTT, retrying...
✅ Connected to AWS IoT Core
⚠️ MQTT disconnected, reason: 7
⚠️ Not connected to MQTT, retrying...
✅ Connected to AWS IoT Core
⚠️ MQTT disconnected, reason: 7
⚠️ Not connected to MQTT, retrying...
✅ Connected to AWS IoT Core
⚠️ MQTT disconnected, reason: 7
⚠️ Not connected to MQTT, retrying...
✅ Connected to AWS IoT Core
⚠️ MQTT disconnected, reason: 7
⚠️ Not connected to MQTT, retrying...
✅ Connected to AWS IoT Core
⚠️ MQTT disconnected, reason: 7
⚠️ Not connected to MQTT, retrying...
✅ Connected to AWS IoT Core
⚠️ MQTT disconnected, reason: 7
⚠️ Not connected to MQTT, retrying...
✅ Connected to AWS IoT Core
⚠️ MQTT disconnected, reason: 7
⚠️ Not connected to MQTT, retrying...
✅ Connected to AWS IoT Core
⚠️ MQTT disconnected, reason: 7
⚠️ Not connected to MQTT, retrying...
✅ Connected to AWS IoT Core
⚠️ MQTT disconnected, reason: 7
⚠️ Not connected to MQTT, retrying...
✅ Connected to AWS IoT Core
⚠️ MQTT disconnected, reason: 7
⚠️ Not connected to MQTT, retrying...
✅ Connected to AWS IoT Core
⚠️ MQTT disconnected, reason: 7
⚠️ Not connected to MQTT, retrying...
✅ Connected to AWS IoT Core
⚠️ MQTT disconnected, reason: 7
⚠️ Not connected to MQTT, retrying...
✅ Connected to AWS IoT Core
⚠️ MQTT disconnected, reason: 7
⚠️ Not connected to MQTT, retrying...
✅ Connected to AWS IoT Core
⚠️ MQTT disconnected, reason: 7
⚠️ Not connected to MQTT, retrying...
✅ Connected to AWS IoT Core
⚠️ MQTT disconnected, reason: 7
⚠️ Not connected to MQTT, retrying...
✅ Connected to AWS IoT Core
⚠️ MQTT disconnected, reason: 7
⚠️ Not connected to MQTT, retrying...
✅ Connected to AWS IoT Core
⚠️ MQTT disconnected, reason: 7
⚠️ Not connected to MQTT, retrying...
✅ Connected to AWS IoT Core
⚠️ MQTT disconnected, reason: 7
⚠️ Not connected to MQTT, retrying...
✅ Connected to AWS IoT Core
⚠️ MQTT disconnected, reason: 7
⚠️ Not connected to MQTT, retrying...
✅ Connected to AWS IoT Core
⚠️ MQTT disconnected, reason: 7
⚠️ Not connected to MQTT, retrying...
✅ Connected to AWS IoT Core
⚠️ MQTT disconnected, reason: 7
⚠️ Not connected to MQTT, retrying...
✅ Connected to AWS IoT Core
⚠️ MQTT disconnected, reason: 7
⚠️ Not connected to MQTT, retrying...
✅ Connected to AWS IoT Core
⚠️ MQTT disconnected, reason: 7
⚠️ Not connected to MQTT, retrying...
✅ Connected to AWS IoT Core
⚠️ MQTT disconnected, reason: 7
⚠️ Not connected to MQTT, retrying...
✅ Connected to AWS IoT Core
⚠️ MQTT disconnected, reason: 7
⚠️ Not connected to MQTT, retrying...
✅ Connected to AWS IoT Core
⚠️ MQTT disconnected, reason: 7
⚠️ Not connected to MQTT, retrying...
✅ Connected to AWS IoT Core
⚠️ MQTT disconnected, reason: 7
⚠️ Not connected to MQTT, retrying...
✅ Connected to AWS IoT Core
⚠️ MQTT disconnected, reason: 7
⚠️ Not connected to MQTT, retrying...
✅ Connected to AWS IoT Core
⚠️ MQTT disconnected, reason: 7
⚠️ Not connected to MQTT, retrying...
✅ Connected to AWS IoT Core
⚠️ MQTT disconnected, reason: 7
⚠️ MQTT disconnected, reason: 7
✅ Connected to AWS IoT Core
⚠️ MQTT disconnected, reason: 7
⚠️ Not connected to MQTT, retrying...
✅ Connected to AWS IoT Core
⚠️ MQTT disconnected, reason: 7
⚠️ Not connected to MQTT, retrying...
✅ Connected to AWS IoT Core
⚠️ MQTT disconnected, reason: 7
⚠️ Not connected to MQTT, retrying...
✅ Connected to AWS IoT Core
⚠️ MQTT disconnected, reason: 7
⚠️ Not connected to MQTT, retrying...
✅ Connected to AWS IoT Core
⚠️ MQTT disconnected, reason: 7
⚠️ Not connected to MQTT, retrying...
✅ Connected to AWS IoT Core
⚠️ MQTT disconnected, reason: 7
⚠️ Not connected to MQTT, retrying...
✅ Connected to AWS IoT Core
⚠️ MQTT disconnected, reason: 7
⚠️ Not connected to MQTT, retrying...
✅ Connected to AWS IoT Core
⚠️ MQTT disconnected, reason: 7
⚠️ Not connected to MQTT, retrying...
✅ Connected to AWS IoT Core
⚠️ MQTT disconnected, reason: 7
⚠️ Not connected to MQTT, retrying...
✅ Connected to AWS IoT Core
⚠️ MQTT disconnected, reason: 7
⚠️ Not connected to MQTT, retrying...
✅ Connected to AWS IoT Core
⚠️ MQTT disconnected, reason: 7
⚠️ Not connected to MQTT, retrying...
⚠️ MQTT disconnected, reason: 7
✅ Connected to AWS IoT Core
⚠️ MQTT disconnected, reason: 7
✅ Connected to AWS IoT Core
⚠️ MQTT disconnected, reason: 7
✅ Connected to AWS IoT Core
⚠️ MQTT disconnected, reason: 7
⚠️ Not connected to MQTT, retrying...
✅ Connected to AWS IoT Core
⚠️ MQTT disconnected, reason: 7
⚠️ Not connected to MQTT, retrying...
✅ Connected to AWS IoT Core
⚠️ MQTT disconnected, reason: 7
⚠️ Not connected to MQTT, retrying...
✅ Connected to AWS IoT Core
⚠️ MQTT disconnected, reason: 7
✅ Connected to AWS IoT Core
⚠️ MQTT disconnected, reason: 7
⚠️ Not connected to MQTT, retrying...
✅ Connected to AWS IoT Core
⚠️ MQTT disconnected, reason: 7
⚠️ Not connected to MQTT, retrying...
✅ Connected to AWS IoT Core
⚠️ MQTT disconnected, reason: 7
⚠️ Not connected to MQTT, retrying...
✅ Connected to AWS IoT Core
⚠️ MQTT disconnected, reason: 7
⚠️ Not connected to MQTT, retrying...
✅ Connected to AWS IoT Core
⚠️ MQTT disconnected, reason: 7
⚠️ Not connected to MQTT, retrying...
✅ Connected to AWS IoT Core
⚠️ MQTT disconnected, reason: 7
⚠️ Not connected to MQTT, retrying...
✅ Connected to AWS IoT Core
⚠️ MQTT disconnected, reason: 7
⚠️ Not connected to MQTT, retrying...
✅ Connected to AWS IoT Core
⚠️ MQTT disconnected, reason: 7
⚠️ Not connected to MQTT, retrying...
✅ Connected to AWS IoT Core
⚠️ MQTT disconnected, reason: 7
⚠️ Not connected to MQTT, retrying...
✅ Connected to AWS IoT Core
⚠️ MQTT disconnected, reason: 7
⚠️ Not connected to MQTT, retrying...
✅ Connected to AWS IoT Core
⚠️ MQTT disconnected, reason: 7
⚠️ Not connected to MQTT, retrying...
✅ Connected to AWS IoT Core
⚠️ MQTT disconnected, reason: 7
⚠️ Not connected to MQTT, retrying...
✅ Connected to AWS IoT Core
⚠️ MQTT disconnected, reason: 7
⚠️ Not connected to MQTT, retrying...
✅ Connected to AWS IoT Core
⚠️ MQTT disconnected, reason: 7
⚠️ MQTT disconnected, reason: 7
✅ Connected to AWS IoT Core
⚠️ MQTT disconnected, reason: 7
⚠️ Not connected to MQTT, retrying...
✅ Connected to AWS IoT Core
⚠️ MQTT disconnected, reason: 7
⚠️ Not connected to MQTT, retrying...
✅ Connected to AWS IoT Core
⚠️ MQTT disconnected, reason: 7
⚠️ Not connected to MQTT, retrying...
✅ Connected to AWS IoT Core
⚠️ MQTT disconnected, reason: 7
⚠️ Not connected to MQTT, retrying...
✅ Connected to AWS IoT Core
⚠️ MQTT disconnected, reason: 7
⚠️ Not connected to MQTT, retrying...
✅ Connected to AWS IoT Core
⚠️ MQTT disconnected, reason: 7
⚠️ Not connected to MQTT, retrying...
✅ Connected to AWS IoT Core
⚠️ MQTT disconnected, reason: 7
⚠️ Not connected to MQTT, retrying...
✅ Connected to AWS IoT Core
⚠️ MQTT disconnected, reason: 7
⚠️ Not connected to MQTT, retrying...
✅ Connected to AWS IoT Core
⚠️ MQTT disconnected, reason: 7
⚠️ Not connected to MQTT, retrying...
✅ Connected to AWS IoT Core
⚠️ MQTT disconnected, reason: 7
⚠️ Not connected to MQTT, retrying...
✅ Connected to AWS IoT Core
⚠️ MQTT disconnected, reason: 7
⚠️ Not connected to MQTT, retrying...
✅ Connected to AWS IoT Core
⚠️ MQTT disconnected, reason: 7
⚠️ Not connected to MQTT, retrying...
✅ Connected to AWS IoT Core
⚠️ MQTT disconnected, reason: 7
⚠️ Not connected to MQTT, retrying...
✅ Connected to AWS IoT Core
⚠️ MQTT disconnected, reason: 7
⚠️ Not connected to MQTT, retrying...
✅ Connected to AWS IoT Core
⚠️ MQTT disconnected, reason: 7
⚠️ Not connected to MQTT, retrying...
✅ Connected to AWS IoT Core
⚠️ MQTT disconnected, reason: 7
⚠️ Not connected to MQTT, retrying...
✅ Connected to AWS IoT Core
⚠️ MQTT disconnected, reason: 7
✅ Connected to AWS IoT Core
✅ Uploaded | id=8713 BP=12960.0 FP=12758.0 CR=15372.0 BC=11733.0 timestamp="2026-02-10 04:43:55"
📤 AWS IoT Sent {'id': 8713, 'bp': 12960.0, 'fp': 12758.0, 'cr': 15372.0, 'bc': 11733.0, 'timestamp': '2026-02-10 04:43:55'}
✅ Uploaded | id=8714 BP=18118.0 FP=8125.0 CR=17235.0 BC=8907.0 timestamp="2026-02-10 04:44:00"
📤 AWS IoT Sent {'id': 8714, 'bp': 18118.0, 'fp': 8125.0, 'cr': 17235.0, 'bc': 8907.0, 'timestamp': '2026-02-10 04:44:00'}
⚠️ MQTT disconnected, reason: 7
⚠️ Not connected to MQTT, retrying...
⚠️ MQTT disconnected, reason: 7
⚠️ MQTT disconnected, reason: 7
✅ Connected to AWS IoT Core
⚠️ MQTT disconnected, reason: 7
⚠️ Not connected to MQTT, retrying...
✅ Connected to AWS IoT Core
⚠️ MQTT disconnected, reason: 7
⚠️ Not connected to MQTT, retrying...
✅ Connected to AWS IoT Core
⚠️ MQTT disconnected, reason: 7
⚠️ Not connected to MQTT, retrying...
✅ Connected to AWS IoT Core
⚠️ MQTT disconnected, reason: 7
⚠️ Not connected to MQTT, retrying...
✅ Connected to AWS IoT Core
⚠️ MQTT disconnected, reason: 7
⚠️ Not connected to MQTT, retrying...
✅ Connected to AWS IoT Core
⚠️ MQTT disconnected, reason: 7
⚠️ Not connected to MQTT, retrying...
✅ Connected to AWS IoT Core
⚠️ MQTT disconnected, reason: 7
⚠️ Not connected to MQTT, retrying...
✅ Connected to AWS IoT Core
⚠️ MQTT disconnected, reason: 7
⚠️ Not connected to MQTT, retrying...
✅ Connected to AWS IoT Core
⚠️ MQTT disconnected, reason: 7
⚠️ Not connected to MQTT, retrying...
✅ Connected to AWS IoT Core
⚠️ MQTT disconnected, reason: 7
⚠️ Not connected to MQTT, retrying...
✅ Connected to AWS IoT Core
⚠️ MQTT disconnected, reason: 7
⚠️ Not connected to MQTT, retrying...
✅ Connected to AWS IoT Core
⚠️ MQTT disconnected, reason: 7
⚠️ Not connected to MQTT, retrying...
✅ Connected to AWS IoT Core
⚠️ MQTT disconnected, reason: 7
⚠️ Not connected to MQTT, retrying...
✅ Connected to AWS IoT Core
✅ Uploaded | id=8722 BP=20762.0 FP=7949.0 CR=22610.0 BC=7523.0 timestamp="2026-02-10 04:44:41"
📤 AWS IoT Sent {'id': 8722, 'bp': 20762.0, 'fp': 7949.0, 'cr': 22610.0, 'bc': 7523.0, 'timestamp': '2026-02-10 04:44:41'}
✅ Uploaded | id=8723 BP=10087.0 FP=21102.0 CR=8288.0 BC=22114.0 timestamp="2026-02-10 04:44:46"
📤 AWS IoT Sent {'id': 8723, 'bp': 10087.0, 'fp': 21102.0, 'cr': 8288.0, 'bc': 22114.0, 'timestamp': '2026-02-10 04:44:46'}
✅ Uploaded | id=8724 BP=21233.0 FP=6987.0 CR=22986.0 BC=6004.0 timestamp="2026-02-10 04:44:51"
📤 AWS IoT Sent {'id': 8724, 'bp': 21233.0, 'fp': 6987.0, 'cr': 22986.0, 'bc': 6004.0, 'timestamp': '2026-02-10 04:44:51'}
✅ Uploaded | id=8725 BP=6964.0 FP=24220.0 CR=4728.0 BC=24302.0 timestamp="2026-02-10 04:44:56"
📤 AWS IoT Sent {'id': 8725, 'bp': 6964.0, 'fp': 24220.0, 'cr': 4728.0, 'bc': 24302.0, 'timestamp': '2026-02-10 04:44:56'}
⚠️ MQTT disconnected, reason: 7
⚠️ Not connected to MQTT, retrying...
✅ Connected to AWS IoT Core
⚠️ MQTT disconnected, reason: 7
⚠️ Not connected to MQTT, retrying...
✅ Connected to AWS IoT Core
⚠️ MQTT disconnected, reason: 7
⚠️ Not connected to MQTT, retrying...
✅ Connected to AWS IoT Core
⚠️ MQTT disconnected, reason: 7
⚠️ Not connected to MQTT, retrying...
✅ Connected to AWS IoT Core
⚠️ MQTT disconnected, reason: 7
⚠️ Not connected to MQTT, retrying...
✅ Connected to AWS IoT Core
⚠️ MQTT disconnected, reason: 7
⚠️ Not connected to MQTT, retrying...
✅ Connected to AWS IoT Core
⚠️ MQTT disconnected, reason: 7
⚠️ Not connected to MQTT, retrying...
✅ Connected to AWS IoT Core
⚠️ MQTT disconnected, reason: 7
⚠️ Not connected to MQTT, retrying...
⚠️ MQTT disconnected, reason: 7
✅ Connected to AWS IoT Core
✅ Uploaded | id=8731 BP=23180.0 FP=5153.0 CR=24179.0 BC=4344.0 timestamp="2026-02-10 04:45:26"
📤 AWS IoT Sent {'id': 8731, 'bp': 23180.0, 'fp': 5153.0, 'cr': 24179.0, 'bc': 4344.0, 'timestamp': '2026-02-10 04:45:26'}
⚠️ MQTT disconnected, reason: 7
⚠️ Not connected to MQTT, retrying...
✅ Connected to AWS IoT Core
⚠️ MQTT disconnected, reason: 7
⚠️ Not connected to MQTT, retrying.../home/pi_123/data/src/pressure_project/system_upload.py:78: DeprecationWarning: Callback API version 1 is deprecated, update to latest version
  client = mqtt.Client(client_id=CLIENT_ID, protocol=mqtt.MQTTv311)
=== DEBUG START ===
DB exists: True
CA exists: True
CERT exists: True
KEY exists: True
=== DEBUG END ===
⚠️ Network not ready, waiting 5s...
✅ Connected to AWS IoT Core
⚠️ MQTT disconnected, reason: 7
⚠️ Not connected to MQTT, retrying...
✅ Connected to AWS IoT Core
⚠️ MQTT disconnected, reason: 7
⚠️ Not connected to MQTT, retrying...
✅ Connected to AWS IoT Core
⚠️ MQTT disconnected, reason: 7
✅ Connected to AWS IoT Core
⚠️ MQTT disconnected, reason: 7
⚠️ Not connected to MQTT, retrying...
✅ Connected to AWS IoT Core
⚠️ MQTT disconnected, reason: 7
⚠️ Not connected to MQTT, retrying...
✅ Connected to AWS IoT Core
⚠️ MQTT disconnected, reason: 7
✅ Connected to AWS IoT Core
⚠️ MQTT disconnected, reason: 7
✅ Connected to AWS IoT Core
⚠️ MQTT disconnected, reason: 7
⚠️ Not connected to MQTT, retrying...
✅ Connected to AWS IoT Core
⚠️ MQTT disconnected, reason: 7
⚠️ Not connected to MQTT, retrying...
✅ Connected to AWS IoT Core
⚠️ MQTT disconnected, reason: 7
⚠️ Not connected to MQTT, retrying...
✅ Connected to AWS IoT Core
⚠️ MQTT disconnected, reason: 16
⚠️ MQTT disconnected, reason: 16
⚠️ Not connected to MQTT, retrying...
✅ Connected to AWS IoT Core
⚠️ MQTT disconnected, reason: 7
✅ Connected to AWS IoT Core
⚠️ MQTT disconnected, reason: 7
✅ Connected to AWS IoT Core
⚠️ MQTT disconnected, reason: 7
⚠️ Not connected to MQTT, retrying...
✅ Connected to AWS IoT Core
⚠️ MQTT disconnected, reason: 7
✅ Connected to AWS IoT Core
⚠️ MQTT disconnected, reason: 7
✅ Connected to AWS IoT Core
⚠️ MQTT disconnected, reason: 7
✅ Connected to AWS IoT Core
✅ Uploaded | id=8747 BP=13072.0 FP=16285.0 CR=13868.0 BC=10249.0 timestamp="2026-02-10 07:14:38"
📤 AWS IoT Sent {'id': 8747, 'bp': 13072.0, 'fp': 16285.0, 'cr': 13868.0, 'bc': 10249.0, 'timestamp': '2026-02-10 07:14:38'}
✅ Uploaded | id=8748 BP=15063.0 FP=16603.0 CR=14011.0 BC=7801.0 timestamp="2026-02-10 07:14:43"
📤 AWS IoT Sent {'id': 8748, 'bp': 15063.0, 'fp': 16603.0, 'cr': 14011.0, 'bc': 7801.0, 'timestamp': '2026-02-10 07:14:43'}
✅ Uploaded | id=8749 BP=14999.0 FP=16722.0 CR=13982.0 BC=5932.0 timestamp="2026-02-10 07:14:53"
📤 AWS IoT Sent {'id': 8749, 'bp': 14999.0, 'fp': 16722.0, 'cr': 13982.0, 'bc': 5932.0, 'timestamp': '2026-02-10 07:14:53'}
⚠️ MQTT disconnected, reason: 7
⚠️ Not connected to MQTT, retrying...
✅ Connected to AWS IoT Core
⚠️ MQTT disconnected, reason: 7
⚠️ Not connected to MQTT, retrying...
✅ Connected to AWS IoT Core
⚠️ MQTT disconnected, reason: 7
⚠️ Not connected to MQTT, retrying...
✅ Connected to AWS IoT Core
⚠️ MQTT disconnected, reason: 7
⚠️ Not connected to MQTT, retrying...
✅ Connected to AWS IoT Core
⚠️ MQTT disconnected, reason: 7
⚠️ Not connected to MQTT, retrying...
✅ Connected to AWS IoT Core
⚠️ MQTT disconnected, reason: 7
✅ Connected to AWS IoT Core
⚠️ MQTT disconnected, reason: 7
⚠️ Not connected to MQTT, retrying...
✅ Connected to AWS IoT Core
⚠️ MQTT disconnected, reason: 7
⚠️ Not connected to MQTT, retrying...
✅ Connected to AWS IoT Core
⚠️ MQTT disconnected, reason: 7
⚠️ Not connected to MQTT, retrying...
✅ Connected to AWS IoT Core
⚠️ MQTT disconnected, reason: 7
✅ Connected to AWS IoT Core
⚠️ MQTT disconnected, reason: 7
✅ Connected to AWS IoT Core
⚠️ MQTT disconnected, reason: 7
✅ Connected to AWS IoT Core
⚠️ MQTT disconnected, reason: 7
✅ Connected to AWS IoT Core
⚠️ MQTT disconnected, reason: 7
✅ Connected to AWS IoT Core
⚠️ MQTT disconnected, reason: 7
✅ Connected to AWS IoT Core
⚠️ MQTT disconnected, reason: 7
⚠️ MQTT disconnected, reason: 7
✅ Connected to AWS IoT Core
⚠️ MQTT disconnected, reason: 7
✅ Connected to AWS IoT Core
⚠️ MQTT disconnected, reason: 7
✅ Connected to AWS IoT Core
⚠️ MQTT disconnected, reason: 7
✅ Connected to AWS IoT Core
⚠️ MQTT disconnected, reason: 7
⚠️ Not connected to MQTT, retrying...
✅ Connected to AWS IoT Core
⚠️ MQTT disconnected, reason: 7
✅ Connected to AWS IoT Core
⚠️ MQTT disconnected, reason: 7
✅ Connected to AWS IoT Core
⚠️ MQTT disconnected, reason: 7
✅ Connected to AWS IoT Core
⚠️ MQTT disconnected, reason: 7
✅ Connected to AWS IoT Core
⚠️ MQTT disconnected, reason: 7
⚠️ Not connected to MQTT, retrying...
✅ Connected to AWS IoT Core
⚠️ MQTT disconnected, reason: 7
⚠️ Not connected to MQTT, retrying...
✅ Connected to AWS IoT Core
⚠️ MQTT disconnected, reason: 7
✅ Connected to AWS IoT Core
⚠️ MQTT disconnected, reason: 7
✅ Connected to AWS IoT Core
⚠️ MQTT disconnected, reason: 7
✅ Connected to AWS IoT Core
⚠️ MQTT disconnected, reason: 7
⚠️ Not connected to MQTT, retrying...
✅ Connected to AWS IoT Core
⚠️ MQTT disconnected, reason: 7
⚠️ Not connected to MQTT, retrying...
✅ Connected to AWS IoT Core
⚠️ MQTT disconnected, reason: 7
✅ Connected to AWS IoT Core
⚠️ MQTT disconnected, reason: 7
⚠️ Not connected to MQTT, retrying...
✅ Connected to AWS IoT Core
⚠️ MQTT disconnected, reason: 7
⚠️ Not connected to MQTT, retrying...
✅ Connected to AWS IoT Core
⚠️ MQTT disconnected, reason: 7
⚠️ Not connected to MQTT, retrying...
✅ Connected to AWS IoT Core
⚠️ MQTT disconnected, reason: 7
⚠️ Not connected to MQTT, retrying...
✅ Connected to AWS IoT Core
⚠️ MQTT disconnected, reason: 7
⚠️ Not connected to MQTT, retrying...
✅ Connected to AWS IoT Core
⚠️ MQTT disconnected, reason: 7
✅ Connected to AWS IoT Core
⚠️ MQTT disconnected, reason: 7
✅ Connected to AWS IoT Core
⚠️ MQTT disconnected, reason: 7
⚠️ Not connected to MQTT, retrying...
✅ Connected to AWS IoT Core
⚠️ MQTT disconnected, reason: 7
✅ Connected to AWS IoT Core
⚠️ MQTT disconnected, reason: 7
✅ Connected to AWS IoT Core
⚠️ MQTT disconnected, reason: 7
⚠️ Not connected to MQTT, retrying...
✅ Connected to AWS IoT Core
⚠️ MQTT disconnected, reason: 7
⚠️ Not connected to MQTT, retrying...
✅ Connected to AWS IoT Core
⚠️ MQTT disconnected, reason: 7
✅ Connected to AWS IoT Core
⚠️ MQTT disconnected, reason: 7
✅ Connected to AWS IoT Core
⚠️ MQTT disconnected, reason: 7
⚠️ Not connected to MQTT, retrying...
✅ Connected to AWS IoT Core
⚠️ MQTT disconnected, reason: 7
⚠️ Not connected to MQTT, retrying...
✅ Connected to AWS IoT Core
⚠️ MQTT disconnected, reason: 7
✅ Connected to AWS IoT Core
⚠️ MQTT disconnected, reason: 7
✅ Connected to AWS IoT Core
⚠️ MQTT disconnected, reason: 7
✅ Connected to AWS IoT Core
✅ Connected to AWS IoT Core
⚠️ MQTT disconnected, reason: 7
⚠️ Not connected to MQTT, retrying...
✅ Connected to AWS IoT Core
⚠️ MQTT disconnected, reason: 7
✅ Connected to AWS IoT Core
⚠️ MQTT disconnected, reason: 7
✅ Connected to AWS IoT Core
⚠️ MQTT disconnected, reason: 7
✅ Connected to AWS IoT Core
⚠️ MQTT disconnected, reason: 7
✅ Connected to AWS IoT Core
⚠️ MQTT disconnected, reason: 7
✅ Connected to AWS IoT Core
⚠️ MQTT disconnected, reason: 7
✅ Connected to AWS IoT Core
⚠️ MQTT disconnected, reason: 7
✅ Connected to AWS IoT Core
⚠️ MQTT disconnected, reason: 7
⚠️ MQTT disconnected, reason: 7
✅ Connected to AWS IoT Core
⚠️ MQTT disconnected, reason: 7
⚠️ Not connected to MQTT, retrying...
✅ Connected to AWS IoT Core
⚠️ MQTT disconnected, reason: 7
✅ Connected to AWS IoT Core
⚠️ MQTT disconnected, reason: 7
✅ Connected to AWS IoT Core
⚠️ MQTT disconnected, reason: 7
✅ Connected to AWS IoT Core
✅ Connected to AWS IoT Core
⚠️ MQTT disconnected, reason: 7
⚠️ Not connected to MQTT, retrying...
✅ Connected to AWS IoT Core
⚠️ MQTT disconnected, reason: 7
✅ Connected to AWS IoT Core
⚠️ MQTT disconnected, reason: 7
✅ Connected to AWS IoT Core
⚠️ MQTT disconnected, reason: 7
✅ Connected to AWS IoT Core
⚠️ MQTT disconnected, reason: 7
⚠️ Not connected to MQTT, retrying...
✅ Connected to AWS IoT Core
⚠️ MQTT disconnected, reason: 7
⚠️ MQTT disconnected, reason: 7
✅ Connected to AWS IoT Core
⚠️ MQTT disconnected, reason: 7
⚠️ Not connected to MQTT, retrying...
✅ Connected to AWS IoT Core
⚠️ MQTT disconnected, reason: 7
⚠️ Not connected to MQTT, retrying...
✅ Connected to AWS IoT Core
⚠️ MQTT disconnected, reason: 7
⚠️ Not connected to MQTT, retrying...
✅ Connected to AWS IoT Core
⚠️ MQTT disconnected, reason: 7
⚠️ Not connected to MQTT, retrying...
✅ Connected to AWS IoT Core
⚠️ MQTT disconnected, reason: 7
✅ Connected to AWS IoT Core
⚠️ MQTT disconnected, reason: 7
⚠️ Not connected to MQTT, retrying...
✅ Connected to AWS IoT Core
⚠️ MQTT disconnected, reason: 7
✅ Connected to AWS IoT Core
⚠️ MQTT disconnected, reason: 7
⚠️ Not connected to MQTT, retrying...
✅ Connected to AWS IoT Core
⚠️ MQTT disconnected, reason: 7
✅ Connected to AWS IoT Core
⚠️ MQTT disconnected, reason: 7
⚠️ Not connected to MQTT, retrying...
✅ Connected to AWS IoT Core
⚠️ MQTT disconnected, reason: 7
✅ Connected to AWS IoT Core
⚠️ MQTT disconnected, reason: 7
⚠️ Not connected to MQTT, retrying...
✅ Connected to AWS IoT Core
⚠️ MQTT disconnected, reason: 7
⚠️ Not connected to MQTT, retrying...
✅ Connected to AWS IoT Core
⚠️ MQTT disconnected, reason: 7
✅ Connected to AWS IoT Core
⚠️ MQTT disconnected, reason: 7
⚠️ Not connected to MQTT, retrying...
✅ Connected to AWS IoT Core
⚠️ MQTT disconnected, reason: 7
⚠️ Not connected to MQTT, retrying...
✅ Connected to AWS IoT Core
⚠️ MQTT disconnected, reason: 7
⚠️ Not connected to MQTT, retrying...
✅ Connected to AWS IoT Core
⚠️ MQTT disconnected, reason: 7
✅ Connected to AWS IoT Core
⚠️ MQTT disconnected, reason: 7
✅ Connected to AWS IoT Core
⚠️ MQTT disconnected, reason: 7
✅ Connected to AWS IoT Core
⚠️ MQTT disconnected, reason: 7
⚠️ Not connected to MQTT, retrying...
✅ Connected to AWS IoT Core
⚠️ MQTT disconnected, reason: 7
⚠️ Not connected to MQTT, retrying...
✅ Connected to AWS IoT Core
⚠️ MQTT disconnected, reason: 7
⚠️ Not connected to MQTT, retrying...
✅ Connected to AWS IoT Core
⚠️ MQTT disconnected, reason: 7
⚠️ Not connected to MQTT, retrying...
✅ Connected to AWS IoT Core
⚠️ MQTT disconnected, reason: 7
✅ Connected to AWS IoT Core
⚠️ MQTT disconnected, reason: 7
⚠️ Not connected to MQTT, retrying...
✅ Connected to AWS IoT Core
⚠️ MQTT disconnected, reason: 7
✅ Connected to AWS IoT Core
⚠️ MQTT disconnected, reason: 7
⚠️ Not connected to MQTT, retrying...
✅ Connected to AWS IoT Core
⚠️ MQTT disconnected, reason: 7
⚠️ Not connected to MQTT, retrying...
✅ Connected to AWS IoT Core
⚠️ MQTT disconnected, reason: 7
✅ Connected to AWS IoT Core
⚠️ MQTT disconnected, reason: 7
✅ Connected to AWS IoT Core
⚠️ MQTT disconnected, reason: 7
✅ Connected to AWS IoT Core
⚠️ MQTT disconnected, reason: 7
⚠️ MQTT disconnected, reason: 7
✅ Connected to AWS IoT Core
✅ Connected to AWS IoT Core
⚠️ MQTT disconnected, reason: 7
⚠️ Not connected to MQTT, retrying...
✅ Connected to AWS IoT Core
⚠️ MQTT disconnected, reason: 7
✅ Connected to AWS IoT Core
✅ Uploaded | id=8752 BP=15084.0 FP=16741.0 CR=14987.0 BC=6028.0 timestamp="2026-02-10 07:24:48"
📤 AWS IoT Sent {'id': 8752, 'bp': 15084.0, 'fp': 16741.0, 'cr': 14987.0, 'bc': 6028.0, 'timestamp': '2026-02-10 07:24:48'}
⚠️ MQTT disconnected, reason: 7
⚠️ Not connected to MQTT, retrying...
✅ Connected to AWS IoT Core
⚠️ MQTT disconnected, reason: 7
✅ Connected to AWS IoT Core
⚠️ MQTT disconnected, reason: 7
⚠️ Not connected to MQTT, retrying...
✅ Connected to AWS IoT Core
⚠️ MQTT disconnected, reason: 7
❌ Error publishing: Message publish failed: The client is not currently connected.
⚠️ Not connected to MQTT, retrying...
✅ Connected to AWS IoT Core
⚠️ MQTT disconnected, reason: 7
⚠️ Not connected to MQTT, retrying...
✅ Connected to AWS IoT Core
⚠️ MQTT disconnected, reason: 7
⚠️ Not connected to MQTT, retrying...
✅ Connected to AWS IoT Core
✅ Uploaded | id=8754 BP=11734.0 FP=16416.0 CR=14787.0 BC=10848.0 timestamp="2026-02-10 07:25:13"
📤 AWS IoT Sent {'id': 8754, 'bp': 11734.0, 'fp': 16416.0, 'cr': 14787.0, 'bc': 10848.0, 'timestamp': '2026-02-10 07:25:13'}
⚠️ MQTT disconnected, reason: 7
⚠️ Not connected to MQTT, retrying...
✅ Connected to AWS IoT Core
⚠️ MQTT disconnected, reason: 7
⚠️ Not connected to MQTT, retrying...
✅ Connected to AWS IoT Core
⚠️ MQTT disconnected, reason: 7
⚠️ Not connected to MQTT, retrying...
✅ Connected to AWS IoT Core
✅ Connected to AWS IoT Core
⚠️ MQTT disconnected, reason: 7
⚠️ Not connected to MQTT, retrying...
✅ Connected to AWS IoT Core
⚠️ MQTT disconnected, reason: 7
✅ Connected to AWS IoT Core
⚠️ MQTT disconnected, reason: 7
✅ Connected to AWS IoT Core
⚠️ MQTT disconnected, reason: 7
✅ Connected to AWS IoT Core
⚠️ MQTT disconnected, reason: 7
⚠️ Not connected to MQTT, retrying...
✅ Connected to AWS IoT Core
✅ Uploaded | id=8759 BP=11022.0 FP=16502.0 CR=14769.0 BC=10878.0 timestamp="2026-02-10 07:25:54"
📤 AWS IoT Sent {'id': 8759, 'bp': 11022.0, 'fp': 16502.0, 'cr': 14769.0, 'bc': 10878.0, 'timestamp': '2026-02-10 07:25:54'}
⚠️ MQTT disconnected, reason: 7
⚠️ Not connected to MQTT, retrying...
✅ Connected to AWS IoT Core
⚠️ MQTT disconnected, reason: 7
⚠️ Not connected to MQTT, retrying...
✅ Connected to AWS IoT Core
✅ Uploaded | id=8761 BP=15018.0 FP=16745.0 CR=14926.0 BC=6068.0 timestamp="2026-02-10 07:26:09"
📤 AWS IoT Sent {'id': 8761, 'bp': 15018.0, 'fp': 16745.0, 'cr': 14926.0, 'bc': 6068.0, 'timestamp': '2026-02-10 07:26:09'}
⚠️ MQTT disconnected, reason: 7
⚠️ Not connected to MQTT, retrying...
✅ Connected to AWS IoT Core
⚠️ MQTT disconnected, reason: 7
⚠️ Not connected to MQTT, retrying...
✅ Connected to AWS IoT Core
⚠️ MQTT disconnected, reason: 7
⚠️ Not connected to MQTT, retrying...
✅ Connected to AWS IoT Core
⚠️ MQTT disconnected, reason: 7
✅ Connected to AWS IoT Core
⚠️ MQTT disconnected, reason: 7
⚠️ Not connected to MQTT, retrying...
✅ Connected to AWS IoT Core
⚠️ MQTT disconnected, reason: 7
⚠️ Not connected to MQTT, retrying...
✅ Connected to AWS IoT Core
✅ Connected to AWS IoT Core
⚠️ MQTT disconnected, reason: 7
⚠️ Not connected to MQTT, retrying...
✅ Connected to AWS IoT Core
⚠️ MQTT disconnected, reason: 7
✅ Connected to AWS IoT Core
⚠️ MQTT disconnected, reason: 7
⚠️ Not connected to MQTT, retrying...
✅ Connected to AWS IoT Core
⚠️ MQTT disconnected, reason: 7
✅ Connected to AWS IoT Core
⚠️ MQTT disconnected, reason: 7
⚠️ Not connected to MQTT, retrying...
✅ Connected to AWS IoT Core
⚠️ MQTT disconnected, reason: 7
✅ Connected to AWS IoT Core
⚠️ MQTT disconnected, reason: 7
⚠️ Not connected to MQTT, retrying...
✅ Connected to AWS IoT Core
⚠️ MQTT disconnected, reason: 7
⚠️ Not connected to MQTT, retrying...
✅ Connected to AWS IoT Core
⚠️ MQTT disconnected, reason: 7
⚠️ Not connected to MQTT, retrying...
✅ Connected to AWS IoT Core
⚠️ MQTT disconnected, reason: 7
⚠️ Not connected to MQTT, retrying...
✅ Connected to AWS IoT Core
⚠️ MQTT disconnected, reason: 7
✅ Connected to AWS IoT Core
✅ Connected to AWS IoT Core
⚠️ MQTT disconnected, reason: 7
✅ Connected to AWS IoT Core
⚠️ MQTT disconnected, reason: 7
✅ Connected to AWS IoT Core
⚠️ MQTT disconnected, reason: 7
⚠️ Not connected to MQTT, retrying...
✅ Connected to AWS IoT Core
⚠️ MQTT disconnected, reason: 7
⚠️ Not connected to MQTT, retrying...
✅ Connected to AWS IoT Core
⚠️ MQTT disconnected, reason: 7
✅ Connected to AWS IoT Core
⚠️ MQTT disconnected, reason: 7
⚠️ Not connected to MQTT, retrying...
✅ Connected to AWS IoT Core
⚠️ MQTT disconnected, reason: 7
⚠️ Not connected to MQTT, retrying...
✅ Connected to AWS IoT Core
⚠️ MQTT disconnected, reason: 7
⚠️ Not connected to MQTT, retrying...
✅ Connected to AWS IoT Core
⚠️ MQTT disconnected, reason: 7
⚠️ Not connected to MQTT, retrying...
✅ Connected to AWS IoT Core
⚠️ MQTT disconnected, reason: 7
✅ Connected to AWS IoT Core
⚠️ MQTT disconnected, reason: 7
✅ Connected to AWS IoT Core
⚠️ MQTT disconnected, reason: 7
⚠️ Not connected to MQTT, retrying...
✅ Connected to AWS IoT Core
⚠️ MQTT disconnected, reason: 7
⚠️ Not connected to MQTT, retrying...
✅ Connected to AWS IoT Core
⚠️ MQTT disconnected, reason: 7
✅ Connected to AWS IoT Core
⚠️ MQTT disconnected, reason: 7
✅ Connected to AWS IoT Core
⚠️ MQTT disconnected, reason: 7
✅ Connected to AWS IoT Core
⚠️ MQTT disconnected, reason: 7
⚠️ MQTT disconnected, reason: 7
✅ Connected to AWS IoT Core
⚠️ MQTT disconnected, reason: 7
⚠️ Not connected to MQTT, retrying...
✅ Connected to AWS IoT Core
⚠️ MQTT disconnected, reason: 7
⚠️ Not connected to MQTT, retrying...
✅ Connected to AWS IoT Core
⚠️ MQTT disconnected, reason: 7
⚠️ Not connected to MQTT, retrying...
✅ Connected to AWS IoT Core
⚠️ MQTT disconnected, reason: 7
✅ Connected to AWS IoT Core
⚠️ MQTT disconnected, reason: 7
✅ Connected to AWS IoT Core
⚠️ MQTT disconnected, reason: 7
✅ Connected to AWS IoT Core
⚠️ MQTT disconnected, reason: 7
⚠️ Not connected to MQTT, retrying...
⚠️ MQTT disconnected, reason: 7
✅ Connected to AWS IoT Core
✅ Uploaded | id=8764 BP=14963.0 FP=16596.0 CR=14892.0 BC=9585.0 timestamp="2026-02-10 07:29:25"
📤 AWS IoT Sent {'id': 8764, 'bp': 14963.0, 'fp': 16596.0, 'cr': 14892.0, 'bc': 9585.0, 'timestamp': '2026-02-10 07:29:25'}
⚠️ MQTT disconnected, reason: 7
⚠️ Not connected to MQTT, retrying...
✅ Connected to AWS IoT Core
⚠️ MQTT disconnected, reason: 7
⚠️ Not connected to MQTT, retrying...
✅ Connected to AWS IoT Core
✅ Uploaded | id=8766 BP=14981.0 FP=16760.0 CR=14917.0 BC=5042.0 timestamp="2026-02-10 07:29:46"
📤 AWS IoT Sent {'id': 8766, 'bp': 14981.0, 'fp': 16760.0, 'cr': 14917.0, 'bc': 5042.0, 'timestamp': '2026-02-10 07:29:46'}
⚠️ MQTT disconnected, reason: 7
⚠️ Not connected to MQTT, retrying...
✅ Connected to AWS IoT Core
⚠️ MQTT disconnected, reason: 7
⚠️ Not connected to MQTT, retrying...
✅ Connected to AWS IoT Core
⚠️ MQTT disconnected, reason: 7
✅ Connected to AWS IoT Core
⚠️ MQTT disconnected, reason: 7
⚠️ Not connected to MQTT, retrying...
✅ Connected to AWS IoT Core
⚠️ MQTT disconnected, reason: 7
⚠️ Not connected to MQTT, retrying...
✅ Connected to AWS IoT Core
⚠️ MQTT disconnected, reason: 7
⚠️ Not connected to MQTT, retrying...
✅ Connected to AWS IoT Core
⚠️ MQTT disconnected, reason: 7
✅ Connected to AWS IoT Core
⚠️ MQTT disconnected, reason: 7
⚠️ Not connected to MQTT, retrying...
✅ Connected to AWS IoT Core
⚠️ MQTT disconnected, reason: 7
⚠️ Not connected to MQTT, retrying...
✅ Connected to AWS IoT Core
⚠️ MQTT disconnected, reason: 7
⚠️ Not connected to MQTT, retrying...
✅ Connected to AWS IoT Core
⚠️ MQTT disconnected, reason: 7
✅ Connected to AWS IoT Core
⚠️ MQTT disconnected, reason: 7
⚠️ Not connected to MQTT, retrying...
✅ Connected to AWS IoT Core
⚠️ MQTT disconnected, reason: 7
⚠️ Not connected to MQTT, retrying...
✅ Connected to AWS IoT Core
⚠️ MQTT disconnected, reason: 7
✅ Connected to AWS IoT Core
⚠️ MQTT disconnected, reason: 7
✅ Connected to AWS IoT Core
⚠️ MQTT disconnected, reason: 7
✅ Connected to AWS IoT Core
⚠️ MQTT disconnected, reason: 7
⚠️ Not connected to MQTT, retrying...
⚠️ MQTT disconnected, reason: 7
✅ Connected to AWS IoT Core
⚠️ MQTT disconnected, reason: 7
⚠️ MQTT disconnected, reason: 7
✅ Connected to AWS IoT Core
⚠️ MQTT disconnected, reason: 7
⚠️ Not connected to MQTT, retrying...
✅ Connected to AWS IoT Core
⚠️ MQTT disconnected, reason: 7
⚠️ Not connected to MQTT, retrying...
✅ Connected to AWS IoT Core
⚠️ MQTT disconnected, reason: 7
⚠️ Not connected to MQTT, retrying...
✅ Connected to AWS IoT Core
⚠️ MQTT disconnected, reason: 7
⚠️ Not connected to MQTT, retrying...
✅ Connected to AWS IoT Core
⚠️ MQTT disconnected, reason: 7
✅ Connected to AWS IoT Core
⚠️ MQTT disconnected, reason: 7
✅ Connected to AWS IoT Core
⚠️ MQTT disconnected, reason: 7
✅ Connected to AWS IoT Core
✅ Connected to AWS IoT Core
⚠️ MQTT disconnected, reason: 7
⚠️ Not connected to MQTT, retrying...
✅ Connected to AWS IoT Core
⚠️ MQTT disconnected, reason: 7
⚠️ Not connected to MQTT, retrying...
✅ Connected to AWS IoT Core
⚠️ MQTT disconnected, reason: 7
✅ Connected to AWS IoT Core
⚠️ MQTT disconnected, reason: 7
⚠️ Not connected to MQTT, retrying...
✅ Connected to AWS IoT Core
⚠️ MQTT disconnected, reason: 7
⚠️ Not connected to MQTT, retrying...
✅ Connected to AWS IoT Core
⚠️ MQTT disconnected, reason: 7
✅ Connected to AWS IoT Core
⚠️ MQTT disconnected, reason: 7
⚠️ Not connected to MQTT, retrying...
✅ Connected to AWS IoT Core
⚠️ MQTT disconnected, reason: 7
⚠️ Not connected to MQTT, retrying...
✅ Connected to AWS IoT Core
⚠️ MQTT disconnected, reason: 7
⚠️ Not connected to MQTT, retrying...
✅ Connected to AWS IoT Core
⚠️ MQTT disconnected, reason: 7
⚠️ Not connected to MQTT, retrying...
✅ Connected to AWS IoT Core
⚠️ MQTT disconnected, reason: 7
⚠️ Not connected to MQTT, retrying...
✅ Connected to AWS IoT Core
⚠️ MQTT disconnected, reason: 7
✅ Connected to AWS IoT Core
⚠️ MQTT disconnected, reason: 7
⚠️ Not connected to MQTT, retrying...
✅ Connected to AWS IoT Core
⚠️ MQTT disconnected, reason: 7
⚠️ Not connected to MQTT, retrying...
✅ Connected to AWS IoT Core
⚠️ MQTT disconnected, reason: 7
⚠️ Not connected to MQTT, retrying...
✅ Connected to AWS IoT Core
⚠️ MQTT disconnected, reason: 7
⚠️ Not connected to MQTT, retrying...
✅ Connected to AWS IoT Core
⚠️ MQTT disconnected, reason: 7
⚠️ Not connected to MQTT, retrying...
✅ Connected to AWS IoT Core
⚠️ MQTT disconnected, reason: 7
✅ Connected to AWS IoT Core
⚠️ MQTT disconnected, reason: 7
⚠️ Not connected to MQTT, retrying...
✅ Connected to AWS IoT Core
⚠️ MQTT disconnected, reason: 7
⚠️ Not connected to MQTT, retrying...
✅ Connected to AWS IoT Core
⚠️ MQTT disconnected, reason: 7
⚠️ Not connected to MQTT, retrying...
✅ Connected to AWS IoT Core
⚠️ MQTT disconnected, reason: 7
⚠️ Not connected to MQTT, retrying...
✅ Connected to AWS IoT Core
⚠️ MQTT disconnected, reason: 7
✅ Connected to AWS IoT Core
⚠️ MQTT disconnected, reason: 7
✅ Connected to AWS IoT Core
⚠️ MQTT disconnected, reason: 7
⚠️ Not connected to MQTT, retrying...
✅ Connected to AWS IoT Core
⚠️ MQTT disconnected, reason: 7
⚠️ Not connected to MQTT, retrying...
✅ Connected to AWS IoT Core
⚠️ MQTT disconnected, reason: 7
✅ Connected to AWS IoT Core
⚠️ MQTT disconnected, reason: 7
⚠️ Not connected to MQTT, retrying...
✅ Connected to AWS IoT Core
⚠️ MQTT disconnected, reason: 7
⚠️ Not connected to MQTT, retrying...
✅ Connected to AWS IoT Core
⚠️ MQTT disconnected, reason: 7
✅ Connected to AWS IoT Core
⚠️ MQTT disconnected, reason: 7
✅ Connected to AWS IoT Core
⚠️ MQTT disconnected, reason: 7
✅ Connected to AWS IoT Core
⚠️ MQTT disconnected, reason: 7
⚠️ Not connected to MQTT, retrying...
✅ Connected to AWS IoT Core
⚠️ MQTT disconnected, reason: 7
✅ Connected to AWS IoT Core
⚠️ MQTT disconnected, reason: 7
✅ Connected to AWS IoT Core
⚠️ MQTT disconnected, reason: 7
⚠️ Not connected to MQTT, retrying...
✅ Connected to AWS IoT Core
⚠️ MQTT disconnected, reason: 7
⚠️ Not connected to MQTT, retrying...
✅ Connected to AWS IoT Core
⚠️ MQTT disconnected, reason: 7
⚠️ Not connected to MQTT, retrying...
✅ Connected to AWS IoT Core
⚠️ MQTT disconnected, reason: 7
⚠️ Not connected to MQTT, retrying...
✅ Connected to AWS IoT Core
⚠️ MQTT disconnected, reason: 7
✅ Connected to AWS IoT Core
⚠️ MQTT disconnected, reason: 7
⚠️ Not connected to MQTT, retrying...
✅ Connected to AWS IoT Core
⚠️ MQTT disconnected, reason: 7
⚠️ Not connected to MQTT, retrying...
✅ Connected to AWS IoT Core
⚠️ MQTT disconnected, reason: 7
⚠️ Not connected to MQTT, retrying...
✅ Connected to AWS IoT Core
⚠️ MQTT disconnected, reason: 7
✅ Connected to AWS IoT Core
⚠️ MQTT disconnected, reason: 7
✅ Connected to AWS IoT Core
⚠️ MQTT disconnected, reason: 7
⚠️ MQTT disconnected, reason: 7
✅ Connected to AWS IoT Core
✅ Connected to AWS IoT Core
⚠️ MQTT disconnected, reason: 7
⚠️ Not connected to MQTT, retrying...
✅ Connected to AWS IoT Core
⚠️ MQTT disconnected, reason: 7
✅ Connected to AWS IoT Core
⚠️ MQTT disconnected, reason: 7
⚠️ Not connected to MQTT, retrying...
✅ Connected to AWS IoT Core
⚠️ MQTT disconnected, reason: 7
⚠️ Not connected to MQTT, retrying...
✅ Connected to AWS IoT Core
⚠️ MQTT disconnected, reason: 7
✅ Connected to AWS IoT Core
⚠️ MQTT disconnected, reason: 7
✅ Connected to AWS IoT Core
⚠️ MQTT disconnected, reason: 7
⚠️ MQTT disconnected, reason: 7
✅ Connected to AWS IoT Core
⚠️ MQTT disconnected, reason: 7
⚠️ Not connected to MQTT, retrying...
✅ Connected to AWS IoT Core
⚠️ MQTT disconnected, reason: 7
⚠️ Not connected to MQTT, retrying...
✅ Connected to AWS IoT Core
⚠️ MQTT disconnected, reason: 7
⚠️ Not connected to MQTT, retrying...
✅ Connected to AWS IoT Core
⚠️ MQTT disconnected, reason: 7
⚠️ Not connected to MQTT, retrying...
✅ Connected to AWS IoT Core
⚠️ MQTT disconnected, reason: 7
⚠️ Not connected to MQTT, retrying...
✅ Connected to AWS IoT Core
⚠️ MQTT disconnected, reason: 7
✅ Connected to AWS IoT Core
✅ Connected to AWS IoT Core
⚠️ MQTT disconnected, reason: 7
⚠️ Not connected to MQTT, retrying...
✅ Connected to AWS IoT Core
⚠️ MQTT disconnected, reason: 7
⚠️ Not connected to MQTT, retrying...
✅ Connected to AWS IoT Core
⚠️ MQTT disconnected, reason: 7
⚠️ Not connected to MQTT, retrying...
✅ Connected to AWS IoT Core
⚠️ MQTT disconnected, reason: 7
⚠️ Not connected to MQTT, retrying...
✅ Connected to AWS IoT Core
⚠️ MQTT disconnected, reason: 7
⚠️ Not connected to MQTT, retrying...
✅ Connected to AWS IoT Core
⚠️ MQTT disconnected, reason: 7
✅ Connected to AWS IoT Core
⚠️ MQTT disconnected, reason: 7
⚠️ Not connected to MQTT, retrying...
✅ Connected to AWS IoT Core
⚠️ MQTT disconnected, reason: 7
⚠️ Not connected to MQTT, retrying...
✅ Connected to AWS IoT Core
⚠️ MQTT disconnected, reason: 7
⚠️ Not connected to MQTT, retrying...
✅ Connected to AWS IoT Core
⚠️ MQTT disconnected, reason: 7
✅ Connected to AWS IoT Core
⚠️ MQTT disconnected, reason: 7
⚠️ Not connected to MQTT, retrying...
✅ Connected to AWS IoT Core
⚠️ MQTT disconnected, reason: 7
⚠️ Not connected to MQTT, retrying...
✅ Connected to AWS IoT Core
⚠️ MQTT disconnected, reason: 7
⚠️ Not connected to MQTT, retrying...
✅ Connected to AWS IoT Core
⚠️ MQTT disconnected, reason: 7
✅ Connected to AWS IoT Core
⚠️ MQTT disconnected, reason: 7
⚠️ Not connected to MQTT, retrying...
✅ Connected to AWS IoT Core
✅ Uploaded | id=8767 BP=14968.0 FP=5025.0 CR=14900.0 BC=5032.0 timestamp="2026-02-10 07:38:50"
📤 AWS IoT Sent {'id': 8767, 'bp': 14968.0, 'fp': 5025.0, 'cr': 14900.0, 'bc': 5032.0, 'timestamp': '2026-02-10 07:38:50'}
⚠️ MQTT disconnected, reason: 7
⚠️ Not connected to MQTT, retrying...
✅ Connected to AWS IoT Core
⚠️ MQTT disconnected, reason: 7
⚠️ Not connected to MQTT, retrying...
✅ Connected to AWS IoT Core
⚠️ MQTT disconnected, reason: 7
⚠️ Not connected to MQTT, retrying...
✅ Connected to AWS IoT Core
⚠️ MQTT disconnected, reason: 7
⚠️ Not connected to MQTT, retrying...
✅ Connected to AWS IoT Core
⚠️ MQTT disconnected, reason: 7
⚠️ Not connected to MQTT, retrying...
✅ Connected to AWS IoT Core
⚠️ MQTT disconnected, reason: 7
⚠️ Not connected to MQTT, retrying...
✅ Connected to AWS IoT Core
⚠️ MQTT disconnected, reason: 7
✅ Connected to AWS IoT Core
⚠️ MQTT disconnected, reason: 7
⚠️ Not connected to MQTT, retrying...
✅ Connected to AWS IoT Core
⚠️ MQTT disconnected, reason: 7
⚠️ Not connected to MQTT, retrying...
✅ Connected to AWS IoT Core
⚠️ MQTT disconnected, reason: 7
⚠️ Not connected to MQTT, retrying...
✅ Connected to AWS IoT Core
⚠️ MQTT disconnected, reason: 7
⚠️ Not connected to MQTT, retrying...
✅ Connected to AWS IoT Core
⚠️ MQTT disconnected, reason: 7
✅ Connected to AWS IoT Core
⚠️ MQTT disconnected, reason: 7
✅ Connected to AWS IoT Core
⚠️ MQTT disconnected, reason: 7
⚠️ Not connected to MQTT, retrying...
✅ Connected to AWS IoT Core
⚠️ MQTT disconnected, reason: 7
⚠️ Not connected to MQTT, retrying...
✅ Connected to AWS IoT Core
⚠️ MQTT disconnected, reason: 7
⚠️ Not connected to MQTT, retrying...
✅ Connected to AWS IoT Core
⚠️ MQTT disconnected, reason: 7
⚠️ Not connected to MQTT, retrying...
✅ Connected to AWS IoT Core
⚠️ MQTT disconnected, reason: 7
✅ Connected to AWS IoT Core
⚠️ MQTT disconnected, reason: 7
✅ Connected to AWS IoT Core
⚠️ MQTT disconnected, reason: 7
⚠️ Not connected to MQTT, retrying...
✅ Connected to AWS IoT Core
⚠️ MQTT disconnected, reason: 7
⚠️ Not connected to MQTT, retrying...
✅ Connected to AWS IoT Core
⚠️ MQTT disconnected, reason: 7
⚠️ Not connected to MQTT, retrying...
✅ Connected to AWS IoT Core
⚠️ MQTT disconnected, reason: 7
⚠️ MQTT disconnected, reason: 7
✅ Connected to AWS IoT Core
⚠️ MQTT disconnected, reason: 7
✅ Connected to AWS IoT Core
⚠️ MQTT disconnected, reason: 7
✅ Connected to AWS IoT Core
⚠️ MQTT disconnected, reason: 7
✅ Connected to AWS IoT Core
⚠️ MQTT disconnected, reason: 7
✅ Connected to AWS IoT Core
⚠️ MQTT disconnected, reason: 7
⚠️ Not connected to MQTT, retrying...
✅ Connected to AWS IoT Core
⚠️ MQTT disconnected, reason: 7
⚠️ Not connected to MQTT, retrying...
✅ Connected to AWS IoT Core
⚠️ MQTT disconnected, reason: 7
⚠️ Not connected to MQTT, retrying...
✅ Connected to AWS IoT Core
⚠️ MQTT disconnected, reason: 7
⚠️ Not connected to MQTT, retrying...
✅ Connected to AWS IoT Core
⚠️ MQTT disconnected, reason: 7
✅ Connected to AWS IoT Core
⚠️ MQTT disconnected, reason: 7
⚠️ Not connected to MQTT, retrying...
✅ Connected to AWS IoT Core
⚠️ MQTT disconnected, reason: 7
⚠️ Not connected to MQTT, retrying...
✅ Connected to AWS IoT Core
⚠️ MQTT disconnected, reason: 7
⚠️ Not connected to MQTT, retrying...
✅ Connected to AWS IoT Core
⚠️ MQTT disconnected, reason: 7
⚠️ Not connected to MQTT, retrying...
✅ Connected to AWS IoT Core
⚠️ MQTT disconnected, reason: 7
✅ Connected to AWS IoT Core
⚠️ MQTT disconnected, reason: 7
⚠️ Not connected to MQTT, retrying...
✅ Connected to AWS IoT Core
⚠️ MQTT disconnected, reason: 7
⚠️ Not connected to MQTT, retrying...
✅ Connected to AWS IoT Core
⚠️ MQTT disconnected, reason: 7
⚠️ Not connected to MQTT, retrying...
✅ Connected to AWS IoT Core
⚠️ MQTT disconnected, reason: 7
⚠️ Not connected to MQTT, retrying...
✅ Connected to AWS IoT Core
⚠️ MQTT disconnected, reason: 7
⚠️ Not connected to MQTT, retrying...
✅ Connected to AWS IoT Core
⚠️ MQTT disconnected, reason: 7
✅ Connected to AWS IoT Core
⚠️ MQTT disconnected, reason: 7
✅ Connected to AWS IoT Core
⚠️ MQTT disconnected, reason: 7
⚠️ Not connected to MQTT, retrying...
✅ Connected to AWS IoT Core
⚠️ MQTT disconnected, reason: 7
⚠️ Not connected to MQTT, retrying...
✅ Connected to AWS IoT Core
⚠️ MQTT disconnected, reason: 7
✅ Connected to AWS IoT Core
⚠️ MQTT disconnected, reason: 7
⚠️ MQTT disconnected, reason: 7
✅ Connected to AWS IoT Core
⚠️ MQTT disconnected, reason: 7
✅ Connected to AWS IoT Core
⚠️ MQTT disconnected, reason: 7
⚠️ Not connected to MQTT, retrying...
✅ Connected to AWS IoT Core
⚠️ MQTT disconnected, reason: 7
⚠️ Not connected to MQTT, retrying...
✅ Connected to AWS IoT Core
⚠️ MQTT disconnected, reason: 7
⚠️ Not connected to MQTT, retrying...
✅ Connected to AWS IoT Core
⚠️ MQTT disconnected, reason: 7
✅ Connected to AWS IoT Core
⚠️ MQTT disconnected, reason: 7
⚠️ Not connected to MQTT, retrying...
✅ Connected to AWS IoT Core
⚠️ MQTT disconnected, reason: 7
⚠️ Not connected to MQTT, retrying...
✅ Connected to AWS IoT Core
⚠️ MQTT disconnected, reason: 7
✅ Connected to AWS IoT Core
✅ Connected to AWS IoT Core
⚠️ MQTT disconnected, reason: 7
⚠️ Not connected to MQTT, retrying...
⚠️ MQTT disconnected, reason: 7
✅ Connected to AWS IoT Core
⚠️ MQTT disconnected, reason: 7
⚠️ Not connected to MQTT, retrying...
✅ Connected to AWS IoT Core
⚠️ MQTT disconnected, reason: 7
⚠️ Not connected to MQTT, retrying...
✅ Connected to AWS IoT Core
⚠️ MQTT disconnected, reason: 7
✅ Connected to AWS IoT Core
⚠️ MQTT disconnected, reason: 7
⚠️ Not connected to MQTT, retrying...
✅ Connected to AWS IoT Core
⚠️ MQTT disconnected, reason: 7
✅ Connected to AWS IoT Core
⚠️ MQTT disconnected, reason: 7
⚠️ Not connected to MQTT, retrying...
✅ Connected to AWS IoT Core
⚠️ MQTT disconnected, reason: 7
✅ Connected to AWS IoT Core
⚠️ MQTT disconnected, reason: 7
⚠️ Not connected to MQTT, retrying...
✅ Connected to AWS IoT Core
⚠️ MQTT disconnected, reason: 7
✅ Connected to AWS IoT Core
⚠️ MQTT disconnected, reason: 7
⚠️ Not connected to MQTT, retrying...
✅ Connected to AWS IoT Core
⚠️ MQTT disconnected, reason: 7
✅ Connected to AWS IoT Core
⚠️ MQTT disconnected, reason: 7
⚠️ Not connected to MQTT, retrying...
✅ Connected to AWS IoT Core
⚠️ MQTT disconnected, reason: 7
✅ Connected to AWS IoT Core
✅ Connected to AWS IoT Core
⚠️ MQTT disconnected, reason: 7
✅ Connected to AWS IoT Core
⚠️ MQTT disconnected, reason: 7
⚠️ Not connected to MQTT, retrying...
✅ Connected to AWS IoT Core
⚠️ MQTT disconnected, reason: 7
⚠️ Not connected to MQTT, retrying...
✅ Connected to AWS IoT Core
⚠️ MQTT disconnected, reason: 7
✅ Connected to AWS IoT Core
⚠️ MQTT disconnected, reason: 7
⚠️ Not connected to MQTT, retrying...
✅ Connected to AWS IoT Core
⚠️ MQTT disconnected, reason: 7
⚠️ Not connected to MQTT, retrying...
✅ Connected to AWS IoT Core
⚠️ MQTT disconnected, reason: 7
✅ Connected to AWS IoT Core
✅ Connected to AWS IoT Core
⚠️ MQTT disconnected, reason: 7
⚠️ Not connected to MQTT, retrying...
✅ Connected to AWS IoT Core
⚠️ MQTT disconnected, reason: 7
⚠️ MQTT disconnected, reason: 7
✅ Connected to AWS IoT Core
⚠️ MQTT disconnected, reason: 7
✅ Connected to AWS IoT Core
⚠️ MQTT disconnected, reason: 7
⚠️ Not connected to MQTT, retrying...
✅ Connected to AWS IoT Core
⚠️ MQTT disconnected, reason: 7
⚠️ Not connected to MQTT, retrying...
✅ Connected to AWS IoT Core
⚠️ MQTT disconnected, reason: 7
✅ Connected to AWS IoT Core
⚠️ MQTT disconnected, reason: 7
✅ Connected to AWS IoT Core
⚠️ MQTT disconnected, reason: 7
⚠️ Not connected to MQTT, retrying...
✅ Connected to AWS IoT Core
⚠️ MQTT disconnected, reason: 7
⚠️ Not connected to MQTT, retrying...
✅ Connected to AWS IoT Core
⚠️ MQTT disconnected, reason: 7
✅ Connected to AWS IoT Core
✅ Connected to AWS IoT Core
⚠️ MQTT disconnected, reason: 7
⚠️ Not connected to MQTT, retrying...
✅ Connected to AWS IoT Core
⚠️ MQTT disconnected, reason: 7
✅ Connected to AWS IoT Core
⚠️ MQTT disconnected, reason: 7
✅ Connected to AWS IoT Core
✅ Connected to AWS IoT Core
⚠️ MQTT disconnected, reason: 7
⚠️ Not connected to MQTT, retrying...
✅ Connected to AWS IoT Core
⚠️ MQTT disconnected, reason: 7
✅ Connected to AWS IoT Core
⚠️ MQTT disconnected, reason: 7
⚠️ Not connected to MQTT, retrying...
✅ Connected to AWS IoT Core
⚠️ MQTT disconnected, reason: 7
✅ Connected to AWS IoT Core
⚠️ MQTT disconnected, reason: 7
✅ Connected to AWS IoT Core
⚠️ MQTT disconnected, reason: 7
✅ Connected to AWS IoT Core
⚠️ MQTT disconnected, reason: 7
⚠️ MQTT disconnected, reason: 7
✅ Connected to AWS IoT Core
⚠️ MQTT disconnected, reason: 7
⚠️ Not connected to MQTT, retrying...
✅ Connected to AWS IoT Core
⚠️ MQTT disconnected, reason: 7
⚠️ Not connected to MQTT, retrying...
✅ Connected to AWS IoT Core
⚠️ MQTT disconnected, reason: 7
✅ Connected to AWS IoT Core
⚠️ MQTT disconnected, reason: 7
✅ Connected to AWS IoT Core
⚠️ MQTT disconnected, reason: 7
✅ Connected to AWS IoT Core
⚠️ MQTT disconnected, reason: 7
⚠️ Not connected to MQTT, retrying...
✅ Connected to AWS IoT Core
⚠️ MQTT disconnected, reason: 7
⚠️ Not connected to MQTT, retrying...
✅ Connected to AWS IoT Core
⚠️ MQTT disconnected, reason: 7
✅ Connected to AWS IoT Core
✅ Connected to AWS IoT Core
⚠️ MQTT disconnected, reason: 7
⚠️ Not connected to MQTT, retrying...
✅ Connected to AWS IoT Core
⚠️ MQTT disconnected, reason: 7
⚠️ Not connected to MQTT, retrying...
✅ Connected to AWS IoT Core
✅ Connected to AWS IoT Core
⚠️ MQTT disconnected, reason: 7
⚠️ Not connected to MQTT, retrying...
✅ Connected to AWS IoT Core
⚠️ MQTT disconnected, reason: 7
⚠️ Not connected to MQTT, retrying...
✅ Connected to AWS IoT Core
⚠️ MQTT disconnected, reason: 7
✅ Connected to AWS IoT Core
⚠️ MQTT disconnected, reason: 7
⚠️ Not connected to MQTT, retrying...
✅ Connected to AWS IoT Core
⚠️ MQTT disconnected, reason: 7
⚠️ Not connected to MQTT, retrying...
✅ Connected to AWS IoT Core
⚠️ MQTT disconnected, reason: 7
✅ Connected to AWS IoT Core
⚠️ MQTT disconnected, reason: 7
⚠️ Not connected to MQTT, retrying...
✅ Connected to AWS IoT Core
⚠️ MQTT disconnected, reason: 7
⚠️ Not connected to MQTT, retrying...
✅ Connected to AWS IoT Core
⚠️ MQTT disconnected, reason: 7
⚠️ Not connected to MQTT, retrying...
✅ Connected to AWS IoT Core
⚠️ MQTT disconnected, reason: 7
✅ Connected to AWS IoT Core
⚠️ MQTT disconnected, reason: 7
⚠️ Not connected to MQTT, retrying...
✅ Connected to AWS IoT Core
⚠️ MQTT disconnected, reason: 7
✅ Connected to AWS IoT Core
⚠️ MQTT disconnected, reason: 7
✅ Connected to AWS IoT Core
⚠️ MQTT disconnected, reason: 7
✅ Connected to AWS IoT Core
✅ Connected to AWS IoT Core
⚠️ MQTT disconnected, reason: 7
⚠️ Not connected to MQTT, retrying...
✅ Connected to AWS IoT Core
⚠️ MQTT disconnected, reason: 7
⚠️ Not connected to MQTT, retrying...
✅ Connected to AWS IoT Core
⚠️ MQTT disconnected, reason: 7
⚠️ MQTT disconnected, reason: 7
✅ Connected to AWS IoT Core
⚠️ MQTT disconnected, reason: 7
⚠️ Not connected to MQTT, retrying...
✅ Connected to AWS IoT Core
⚠️ MQTT disconnected, reason: 7
⚠️ MQTT disconnected, reason: 7
✅ Connected to AWS IoT Core
✅ Connected to AWS IoT Core
⚠️ MQTT disconnected, reason: 7
⚠️ Not connected to MQTT, retrying...
✅ Connected to AWS IoT Core
⚠️ MQTT disconnected, reason: 7
⚠️ Not connected to MQTT, retrying...
✅ Connected to AWS IoT Core
⚠️ MQTT disconnected, reason: 7
⚠️ Not connected to MQTT, retrying...
✅ Connected to AWS IoT Core
⚠️ MQTT disconnected, reason: 7
✅ Connected to AWS IoT Core
⚠️ MQTT disconnected, reason: 7
⚠️ MQTT disconnected, reason: 7
✅ Connected to AWS IoT Core
✅ Connected to AWS IoT Core
⚠️ MQTT disconnected, reason: 7
⚠️ Not connected to MQTT, retrying...
✅ Connected to AWS IoT Core
✅ Connected to AWS IoT Core
⚠️ MQTT disconnected, reason: 7
✅ Connected to AWS IoT Core
⚠️ MQTT disconnected, reason: 7
✅ Connected to AWS IoT Core
⚠️ MQTT disconnected, reason: 7
⚠️ Not connected to MQTT, retrying...
✅ Connected to AWS IoT Core
⚠️ MQTT disconnected, reason: 7
✅ Connected to AWS IoT Core
⚠️ MQTT disconnected, reason: 7
⚠️ Not connected to MQTT, retrying...
✅ Connected to AWS IoT Core
⚠️ MQTT disconnected, reason: 7
⚠️ Not connected to MQTT, retrying...
✅ Connected to AWS IoT Core
⚠️ MQTT disconnected, reason: 7
✅ Connected to AWS IoT Core
⚠️ MQTT disconnected, reason: 7
✅ Connected to AWS IoT Core
⚠️ MQTT disconnected, reason: 7
✅ Connected to AWS IoT Core
⚠️ MQTT disconnected, reason: 7
⚠️ Not connected to MQTT, retrying...
✅ Connected to AWS IoT Core
⚠️ MQTT disconnected, reason: 7
✅ Connected to AWS IoT Core
⚠️ MQTT disconnected, reason: 7
✅ Connected to AWS IoT Core
⚠️ MQTT disconnected, reason: 7
✅ Connected to AWS IoT Core
⚠️ MQTT disconnected, reason: 7
⚠️ Not connected to MQTT, retrying...
✅ Connected to AWS IoT Core
⚠️ MQTT disconnected, reason: 7
⚠️ Not connected to MQTT, retrying...
✅ Connected to AWS IoT Core
⚠️ MQTT disconnected, reason: 7
✅ Connected to AWS IoT Core
⚠️ MQTT disconnected, reason: 7
✅ Connected to AWS IoT Core
⚠️ MQTT disconnected, reason: 7
⚠️ Not connected to MQTT, retrying...
✅ Connected to AWS IoT Core
⚠️ MQTT disconnected, reason: 7
✅ Connected to AWS IoT Core
⚠️ MQTT disconnected, reason: 7
✅ Connected to AWS IoT Core
⚠️ MQTT disconnected, reason: 7
⚠️ Not connected to MQTT, retrying...
✅ Connected to AWS IoT Core
⚠️ MQTT disconnected, reason: 7
⚠️ Not connected to MQTT, retrying...
✅ Connected to AWS IoT Core
⚠️ MQTT disconnected, reason: 7
✅ Connected to AWS IoT Core
⚠️ MQTT disconnected, reason: 7
⚠️ Not connected to MQTT, retrying...
✅ Connected to AWS IoT Core
⚠️ MQTT disconnected, reason: 7
✅ Connected to AWS IoT Core
⚠️ MQTT disconnected, reason: 7
✅ Connected to AWS IoT Core
⚠️ MQTT disconnected, reason: 7
✅ Connected to AWS IoT Core
⚠️ MQTT disconnected, reason: 7
✅ Connected to AWS IoT Core
⚠️ MQTT disconnected, reason: 7
✅ Connected to AWS IoT Core
⚠️ MQTT disconnected, reason: 7
✅ Connected to AWS IoT Core
✅ Connected to AWS IoT Core
⚠️ MQTT disconnected, reason: 7
⚠️ Not connected to MQTT, retrying...
✅ Connected to AWS IoT Core
⚠️ MQTT disconnected, reason: 7
✅ Connected to AWS IoT Core
⚠️ MQTT disconnected, reason: 7
⚠️ Not connected to MQTT, retrying...
✅ Connected to AWS IoT Core
⚠️ MQTT disconnected, reason: 7
⚠️ Not connected to MQTT, retrying...
✅ Connected to AWS IoT Core
⚠️ MQTT disconnected, reason: 7
⚠️ MQTT disconnected, reason: 7
✅ Connected to AWS IoT Core
⚠️ MQTT disconnected, reason: 7
✅ Connected to AWS IoT Core
⚠️ MQTT disconnected, reason: 7
⚠️ MQTT disconnected, reason: 7
✅ Connected to AWS IoT Core
⚠️ MQTT disconnected, reason: 7
⚠️ Not connected to MQTT, retrying...
✅ Connected to AWS IoT Core
⚠️ MQTT disconnected, reason: 7
⚠️ Not connected to MQTT, retrying...
✅ Connected to AWS IoT Core
⚠️ MQTT disconnected, reason: 7
✅ Connected to AWS IoT Core
⚠️ MQTT disconnected, reason: 7
⚠️ Not connected to MQTT, retrying...
✅ Connected to AWS IoT Core
⚠️ MQTT disconnected, reason: 7
⚠️ Not connected to MQTT, retrying...
✅ Connected to AWS IoT Core
⚠️ MQTT disconnected, reason: 7
⚠️ Not connected to MQTT, retrying...
✅ Connected to AWS IoT Core
⚠️ MQTT disconnected, reason: 7
⚠️ Not connected to MQTT, retrying...
✅ Connected to AWS IoT Core
⚠️ MQTT disconnected, reason: 7
✅ Connected to AWS IoT Core
⚠️ MQTT disconnected, reason: 7
✅ Connected to AWS IoT Core
⚠️ MQTT disconnected, reason: 7
✅ Connected to AWS IoT Core
⚠️ MQTT disconnected, reason: 7
⚠️ Not connected to MQTT, retrying...
✅ Connected to AWS IoT Core
⚠️ MQTT disconnected, reason: 7
⚠️ Not connected to MQTT, retrying...
✅ Connected to AWS IoT Core
⚠️ MQTT disconnected, reason: 7
✅ Connected to AWS IoT Core
⚠️ MQTT disconnected, reason: 7
✅ Connected to AWS IoT Core
⚠️ MQTT disconnected, reason: 7
⚠️ Not connected to MQTT, retrying...
✅ Connected to AWS IoT Core
⚠️ MQTT disconnected, reason: 7
⚠️ Not connected to MQTT, retrying...
✅ Connected to AWS IoT Core
⚠️ MQTT disconnected, reason: 7
✅ Connected to AWS IoT Core
⚠️ MQTT disconnected, reason: 7
✅ Connected to AWS IoT Core
⚠️ MQTT disconnected, reason: 7
✅ Connected to AWS IoT Core
⚠️ MQTT disconnected, reason: 7
⚠️ Not connected to MQTT, retrying...
✅ Connected to AWS IoT Core
⚠️ MQTT disconnected, reason: 7
⚠️ Not connected to MQTT, retrying...
✅ Connected to AWS IoT Core
⚠️ MQTT disconnected, reason: 7
✅ Connected to AWS IoT Core
⚠️ MQTT disconnected, reason: 7
✅ Connected to AWS IoT Core
⚠️ MQTT disconnected, reason: 7
⚠️ Not connected to MQTT, retrying...
✅ Connected to AWS IoT Core
⚠️ MQTT disconnected, reason: 7
⚠️ Not connected to MQTT, retrying...
✅ Connected to AWS IoT Core
⚠️ MQTT disconnected, reason: 7
⚠️ Not connected to MQTT, retrying...
✅ Connected to AWS IoT Core
⚠️ MQTT disconnected, reason: 7
✅ Connected to AWS IoT Core
⚠️ MQTT disconnected, reason: 7
✅ Connected to AWS IoT Core
⚠️ MQTT disconnected, reason: 7
⚠️ Not connected to MQTT, retrying...
✅ Connected to AWS IoT Core
⚠️ MQTT disconnected, reason: 7
⚠️ Not connected to MQTT, retrying...
✅ Connected to AWS IoT Core
⚠️ MQTT disconnected, reason: 7
⚠️ Not connected to MQTT, retrying...
✅ Connected to AWS IoT Core
⚠️ MQTT disconnected, reason: 7
✅ Connected to AWS IoT Core
⚠️ MQTT disconnected, reason: 7
⚠️ Not connected to MQTT, retrying...
✅ Connected to AWS IoT Core
⚠️ MQTT disconnected, reason: 7
⚠️ Not connected to MQTT, retrying...
✅ Connected to AWS IoT Core
⚠️ MQTT disconnected, reason: 7
⚠️ Not connected to MQTT, retrying...
✅ Connected to AWS IoT Core
⚠️ MQTT disconnected, reason: 7
✅ Connected to AWS IoT Core
⚠️ MQTT disconnected, reason: 7
⚠️ Not connected to MQTT, retrying...
✅ Connected to AWS IoT Core
⚠️ MQTT disconnected, reason: 7
⚠️ Not connected to MQTT, retrying...
✅ Connected to AWS IoT Core
✅ Connected to AWS IoT Core
⚠️ MQTT disconnected, reason: 7
⚠️ Not connected to MQTT, retrying...
✅ Connected to AWS IoT Core
⚠️ MQTT disconnected, reason: 7
✅ Connected to AWS IoT Core
⚠️ MQTT disconnected, reason: 7
✅ Connected to AWS IoT Core
⚠️ MQTT disconnected, reason: 7
✅ Connected to AWS IoT Core
⚠️ MQTT disconnected, reason: 7
⚠️ Not connected to MQTT, retrying...
✅ Connected to AWS IoT Core
⚠️ MQTT disconnected, reason: 7
⚠️ Not connected to MQTT, retrying...
✅ Connected to AWS IoT Core
⚠️ MQTT disconnected, reason: 7
⚠️ Not connected to MQTT, retrying...
✅ Connected to AWS IoT Core
⚠️ MQTT disconnected, reason: 7
⚠️ Not connected to MQTT, retrying...
✅ Connected to AWS IoT Core
⚠️ MQTT disconnected, reason: 7
⚠️ Not connected to MQTT, retrying...
✅ Connected to AWS IoT Core
⚠️ MQTT disconnected, reason: 7
⚠️ Not connected to MQTT, retrying...
✅ Connected to AWS IoT Core
⚠️ MQTT disconnected, reason: 7
⚠️ Not connected to MQTT, retrying...
✅ Connected to AWS IoT Core
⚠️ MQTT disconnected, reason: 7
✅ Connected to AWS IoT Core
⚠️ MQTT disconnected, reason: 7
⚠️ Not connected to MQTT, retrying...
✅ Connected to AWS IoT Core
⚠️ MQTT disconnected, reason: 7
⚠️ Not connected to MQTT, retrying...
✅ Connected to AWS IoT Core
✅ Connected to AWS IoT Core
⚠️ MQTT disconnected, reason: 7
⚠️ Not connected to MQTT, retrying...
✅ Connected to AWS IoT Core
⚠️ MQTT disconnected, reason: 7
✅ Connected to AWS IoT Core
⚠️ MQTT disconnected, reason: 7
⚠️ Not connected to MQTT, retrying...
✅ Connected to AWS IoT Core
⚠️ MQTT disconnected, reason: 7
⚠️ Not connected to MQTT, retrying...
✅ Connected to AWS IoT Core
⚠️ MQTT disconnected, reason: 7
⚠️ Not connected to MQTT, retrying...
✅ Connected to AWS IoT Core
⚠️ MQTT disconnected, reason: 7
✅ Connected to AWS IoT Core
⚠️ MQTT disconnected, reason: 7
⚠️ Not connected to MQTT, retrying...
✅ Connected to AWS IoT Core
⚠️ MQTT disconnected, reason: 7
⚠️ Not connected to MQTT, retrying...
⚠️ MQTT disconnected, reason: 7
✅ Connected to AWS IoT Core
✅ Connected to AWS IoT Core
⚠️ MQTT disconnected, reason: 7
✅ Connected to AWS IoT Core
⚠️ MQTT disconnected, reason: 7
✅ Connected to AWS IoT Core
⚠️ MQTT disconnected, reason: 7
⚠️ Not connected to MQTT, retrying...
✅ Connected to AWS IoT Core
⚠️ MQTT disconnected, reason: 7
⚠️ Not connected to MQTT, retrying...
✅ Connected to AWS IoT Core
⚠️ MQTT disconnected, reason: 7
⚠️ Not connected to MQTT, retrying...
✅ Connected to AWS IoT Core
⚠️ MQTT disconnected, reason: 7
⚠️ Not connected to MQTT, retrying...
✅ Connected to AWS IoT Core
⚠️ MQTT disconnected, reason: 7
✅ Connected to AWS IoT Core
⚠️ MQTT disconnected, reason: 7
⚠️ Not connected to MQTT, retrying...
✅ Connected to AWS IoT Core
⚠️ MQTT disconnected, reason: 7
⚠️ Not connected to MQTT, retrying...
✅ Connected to AWS IoT Core
⚠️ MQTT disconnected, reason: 7
⚠️ Not connected to MQTT, retrying...
✅ Connected to AWS IoT Core
⚠️ MQTT disconnected, reason: 7
⚠️ Not connected to MQTT, retrying...
✅ Connected to AWS IoT Core
⚠️ MQTT disconnected, reason: 7
⚠️ Not connected to MQTT, retrying...
⚠️ MQTT disconnected, reason: 7
✅ Connected to AWS IoT Core
⚠️ MQTT disconnected, reason: 7
✅ Connected to AWS IoT Core
⚠️ MQTT disconnected, reason: 7
✅ Connected to AWS IoT Core
⚠️ MQTT disconnected, reason: 7
⚠️ Not connected to MQTT, retrying...
✅ Connected to AWS IoT Core
⚠️ MQTT disconnected, reason: 7
⚠️ Not connected to MQTT, retrying...
✅ Connected to AWS IoT Core
⚠️ MQTT disconnected, reason: 7
⚠️ Not connected to MQTT, retrying...
✅ Connected to AWS IoT Core
⚠️ MQTT disconnected, reason: 7
⚠️ Not connected to MQTT, retrying...
✅ Connected to AWS IoT Core
⚠️ MQTT disconnected, reason: 7
⚠️ Not connected to MQTT, retrying...
✅ Connected to AWS IoT Core
⚠️ MQTT disconnected, reason: 7
⚠️ Not connected to MQTT, retrying...
✅ Connected to AWS IoT Core
⚠️ MQTT disconnected, reason: 7
⚠️ Not connected to MQTT, retrying...
✅ Connected to AWS IoT Core
⚠️ MQTT disconnected, reason: 7
⚠️ Not connected to MQTT, retrying...
✅ Connected to AWS IoT Core
⚠️ MQTT disconnected, reason: 7
✅ Connected to AWS IoT Core
⚠️ MQTT disconnected, reason: 7
⚠️ Not connected to MQTT, retrying...
✅ Connected to AWS IoT Core
⚠️ MQTT disconnected, reason: 7
⚠️ Not connected to MQTT, retrying...
✅ Connected to AWS IoT Core
⚠️ MQTT disconnected, reason: 7
⚠️ Not connected to MQTT, retrying...
✅ Connected to AWS IoT Core
⚠️ MQTT disconnected, reason: 7
✅ Connected to AWS IoT Core
⚠️ MQTT disconnected, reason: 7
✅ Connected to AWS IoT Core
⚠️ MQTT disconnected, reason: 7
⚠️ Not connected to MQTT, retrying...
✅ Connected to AWS IoT Core
⚠️ MQTT disconnected, reason: 7
⚠️ Not connected to MQTT, retrying...
✅ Connected to AWS IoT Core
⚠️ MQTT disconnected, reason: 7
✅ Connected to AWS IoT Core
⚠️ MQTT disconnected, reason: 7
⚠️ Not connected to MQTT, retrying...
✅ Connected to AWS IoT Core
⚠️ MQTT disconnected, reason: 7
⚠️ Not connected to MQTT, retrying...
✅ Connected to AWS IoT Core
⚠️ MQTT disconnected, reason: 7
⚠️ Not connected to MQTT, retrying...
✅ Connected to AWS IoT Core
⚠️ MQTT disconnected, reason: 7
✅ Connected to AWS IoT Core
⚠️ MQTT disconnected, reason: 7
⚠️ Not connected to MQTT, retrying...
✅ Connected to AWS IoT Core
⚠️ MQTT disconnected, reason: 7
⚠️ Not connected to MQTT, retrying...
✅ Connected to AWS IoT Core
⚠️ MQTT disconnected, reason: 7
⚠️ Not connected to MQTT, retrying...
✅ Connected to AWS IoT Core
⚠️ MQTT disconnected, reason: 7
⚠️ Not connected to MQTT, retrying...
✅ Connected to AWS IoT Core
⚠️ MQTT disconnected, reason: 7
✅ Connected to AWS IoT Core
⚠️ MQTT disconnected, reason: 7
⚠️ Not connected to MQTT, retrying...
✅ Connected to AWS IoT Core
⚠️ MQTT disconnected, reason: 7
⚠️ Not connected to MQTT, retrying...
✅ Connected to AWS IoT Core
⚠️ MQTT disconnected, reason: 7
✅ Connected to AWS IoT Core
⚠️ MQTT disconnected, reason: 7
✅ Connected to AWS IoT Core
⚠️ MQTT disconnected, reason: 7
✅ Connected to AWS IoT Core
⚠️ MQTT disconnected, reason: 7
✅ Connected to AWS IoT Core
⚠️ MQTT disconnected, reason: 7
✅ Connected to AWS IoT Core
⚠️ MQTT disconnected, reason: 7
✅ Connected to AWS IoT Core
⚠️ MQTT disconnected, reason: 7
⚠️ Not connected to MQTT, retrying...
✅ Connected to AWS IoT Core
⚠️ MQTT disconnected, reason: 7
⚠️ Not connected to MQTT, retrying...
✅ Connected to AWS IoT Core
⚠️ MQTT disconnected, reason: 7
✅ Connected to AWS IoT Core
⚠️ MQTT disconnected, reason: 7
✅ Connected to AWS IoT Core
⚠️ MQTT disconnected, reason: 7
⚠️ Not connected to MQTT, retrying...
✅ Connected to AWS IoT Core
⚠️ MQTT disconnected, reason: 7
⚠️ Not connected to MQTT, retrying...
✅ Connected to AWS IoT Core
⚠️ MQTT disconnected, reason: 7
⚠️ Not connected to MQTT, retrying...
✅ Connected to AWS IoT Core
⚠️ MQTT disconnected, reason: 7
⚠️ Not connected to MQTT, retrying...
✅ Connected to AWS IoT Core
⚠️ MQTT disconnected, reason: 7
⚠️ Not connected to MQTT, retrying...
✅ Connected to AWS IoT Core
⚠️ MQTT disconnected, reason: 7
⚠️ Not connected to MQTT, retrying...
✅ Connected to AWS IoT Core
⚠️ MQTT disconnected, reason: 7
⚠️ Not connected to MQTT, retrying...
✅ Connected to AWS IoT Core
✅ Connected to AWS IoT Core
⚠️ MQTT disconnected, reason: 7
⚠️ Not connected to MQTT, retrying...
✅ Connected to AWS IoT Core
⚠️ MQTT disconnected, reason: 7
⚠️ Not connected to MQTT, retrying...
✅ Connected to AWS IoT Core
⚠️ MQTT disconnected, reason: 7
⚠️ Not connected to MQTT, retrying...
✅ Connected to AWS IoT Core
⚠️ MQTT disconnected, reason: 7
⚠️ Not connected to MQTT, retrying...
✅ Connected to AWS IoT Core
⚠️ MQTT disconnected, reason: 7
⚠️ Not connected to MQTT, retrying...
✅ Connected to AWS IoT Core
⚠️ MQTT disconnected, reason: 7
⚠️ Not connected to MQTT, retrying...
✅ Connected to AWS IoT Core
⚠️ MQTT disconnected, reason: 7
✅ Connected to AWS IoT Core
⚠️ MQTT disconnected, reason: 7
⚠️ Not connected to MQTT, retrying...
✅ Connected to AWS IoT Core
⚠️ MQTT disconnected, reason: 7
⚠️ Not connected to MQTT, retrying...
⚠️ MQTT disconnected, reason: 7
✅ Connected to AWS IoT Core
⚠️ MQTT disconnected, reason: 7
✅ Connected to AWS IoT Core
⚠️ MQTT disconnected, reason: 7
⚠️ Not connected to MQTT, retrying...
✅ Connected to AWS IoT Core
⚠️ MQTT disconnected, reason: 7
⚠️ Not connected to MQTT, retrying...
✅ Connected to AWS IoT Core
⚠️ MQTT disconnected, reason: 7
⚠️ Not connected to MQTT, retrying...
✅ Connected to AWS IoT Core
⚠️ MQTT disconnected, reason: 7
✅ Connected to AWS IoT Core
⚠️ MQTT disconnected, reason: 7
⚠️ Not connected to MQTT, retrying...
✅ Connected to AWS IoT Core
⚠️ MQTT disconnected, reason: 7
✅ Connected to AWS IoT Core
⚠️ MQTT disconnected, reason: 7
⚠️ Not connected to MQTT, retrying...
✅ Connected to AWS IoT Core
⚠️ MQTT disconnected, reason: 7
⚠️ Not connected to MQTT, retrying...
✅ Connected to AWS IoT Core
⚠️ MQTT disconnected, reason: 7
✅ Connected to AWS IoT Core
⚠️ MQTT disconnected, reason: 7
✅ Connected to AWS IoT Core
⚠️ MQTT disconnected, reason: 7
✅ Connected to AWS IoT Core
⚠️ MQTT disconnected, reason: 7
⚠️ Not connected to MQTT, retrying...
✅ Connected to AWS IoT Core
⚠️ MQTT disconnected, reason: 7
⚠️ Not connected to MQTT, retrying...
✅ Connected to AWS IoT Core
⚠️ MQTT disconnected, reason: 7
✅ Connected to AWS IoT Core
⚠️ MQTT disconnected, reason: 7
✅ Connected to AWS IoT Core
⚠️ MQTT disconnected, reason: 7
⚠️ Not connected to MQTT, retrying...
✅ Connected to AWS IoT Core
✅ Uploaded | id=8774 BP=9463.0 FP=22844.0 CR=10591.0 BC=14644.0 timestamp="2026-02-10 08:08:54"
📤 AWS IoT Sent {'id': 8774, 'bp': 9463.0, 'fp': 22844.0, 'cr': 10591.0, 'bc': 14644.0, 'timestamp': '2026-02-10 08:08:54'}
⚠️ MQTT disconnected, reason: 7
⚠️ Not connected to MQTT, retrying...
✅ Connected to AWS IoT Core
⚠️ MQTT disconnected, reason: 7
✅ Connected to AWS IoT Core
✅ Uploaded | id=8775 BP=11375.0 FP=23706.0 CR=11204.0 BC=14926.0 timestamp="2026-02-10 08:08:59"
📤 AWS IoT Sent {'id': 8775, 'bp': 11375.0, 'fp': 23706.0, 'cr': 11204.0, 'bc': 14926.0, 'timestamp': '2026-02-10 08:08:59'}
⚠️ MQTT disconnected, reason: 7
⚠️ Not connected to MQTT, retrying...
✅ Connected to AWS IoT Core
⚠️ MQTT disconnected, reason: 7
⚠️ Not connected to MQTT, retrying...
✅ Connected to AWS IoT Core
✅ Uploaded | id=8777 BP=21163.0 FP=12083.0 CR=19682.0 BC=1377.0 timestamp="2026-02-10 08:09:09"
📤 AWS IoT Sent {'id': 8777, 'bp': 21163.0, 'fp': 12083.0, 'cr': 19682.0, 'bc': 1377.0, 'timestamp': '2026-02-10 08:09:09'}
⚠️ MQTT disconnected, reason: 7
⚠️ Not connected to MQTT, retrying...
✅ Connected to AWS IoT Core
⚠️ MQTT disconnected, reason: 7
⚠️ Not connected to MQTT, retrying...
✅ Connected to AWS IoT Core
✅ Uploaded | id=8779 BP=12734.0 FP=23003.0 CR=11813.0 BC=13520.0 timestamp="2026-02-10 08:09:19"
📤 AWS IoT Sent {'id': 8779, 'bp': 12734.0, 'fp': 23003.0, 'cr': 11813.0, 'bc': 13520.0, 'timestamp': '2026-02-10 08:09:19'}
⚠️ MQTT disconnected, reason: 7
⚠️ Not connected to MQTT, retrying...
✅ Connected to AWS IoT Core
⚠️ MQTT disconnected, reason: 7
⚠️ Not connected to MQTT, retrying...
✅ Connected to AWS IoT Core
✅ Uploaded | id=8781 BP=15067.0 FP=16586.0 CR=15004.0 BC=5041.0 timestamp="2026-02-10 08:09:29"
📤 AWS IoT Sent {'id': 8781, 'bp': 15067.0, 'fp': 16586.0, 'cr': 15004.0, 'bc': 5041.0, 'timestamp': '2026-02-10 08:09:29'}
⚠️ MQTT disconnected, reason: 7
⚠️ Not connected to MQTT, retrying...
✅ Connected to AWS IoT Core
⚠️ MQTT disconnected, reason: 7
⚠️ Not connected to MQTT, retrying...
✅ Connected to AWS IoT Core
⚠️ MQTT disconnected, reason: 7
⚠️ Not connected to MQTT, retrying...
✅ Connected to AWS IoT Core
⚠️ MQTT disconnected, reason: 7
✅ Connected to AWS IoT Core
⚠️ MQTT disconnected, reason: 7
✅ Connected to AWS IoT Core
⚠️ MQTT disconnected, reason: 7
⚠️ Not connected to MQTT, retrying...
✅ Connected to AWS IoT Core
⚠️ MQTT disconnected, reason: 7
✅ Connected to AWS IoT Core
⚠️ MQTT disconnected, reason: 7
⚠️ Not connected to MQTT, retrying...
✅ Connected to AWS IoT Core
⚠️ MQTT disconnected, reason: 7
✅ Connected to AWS IoT Core
⚠️ MQTT disconnected, reason: 7
⚠️ Not connected to MQTT, retrying...
✅ Connected to AWS IoT Core
⚠️ MQTT disconnected, reason: 7
⚠️ Not connected to MQTT, retrying...
⚠️ MQTT disconnected, reason: 7
✅ Connected to AWS IoT Core
✅ Connected to AWS IoT Core
⚠️ MQTT disconnected, reason: 7
⚠️ Not connected to MQTT, retrying...
✅ Connected to AWS IoT Core
⚠️ MQTT disconnected, reason: 7
⚠️ Not connected to MQTT, retrying...
✅ Connected to AWS IoT Core
⚠️ MQTT disconnected, reason: 7
⚠️ Not connected to MQTT, retrying...
✅ Connected to AWS IoT Core
⚠️ MQTT disconnected, reason: 7
⚠️ Not connected to MQTT, retrying...
✅ Connected to AWS IoT Core
⚠️ MQTT disconnected, reason: 7
✅ Connected to AWS IoT Core
⚠️ MQTT disconnected, reason: 7
⚠️ Not connected to MQTT, retrying...
✅ Connected to AWS IoT Core
⚠️ MQTT disconnected, reason: 7
⚠️ Not connected to MQTT, retrying...
✅ Connected to AWS IoT Core
⚠️ MQTT disconnected, reason: 7
⚠️ Not connected to MQTT, retrying...
✅ Connected to AWS IoT Core
⚠️ MQTT disconnected, reason: 7
⚠️ Not connected to MQTT, retrying...
✅ Connected to AWS IoT Core
⚠️ MQTT disconnected, reason: 7
✅ Connected to AWS IoT Core
⚠️ MQTT disconnected, reason: 7
⚠️ Not connected to MQTT, retrying...
✅ Connected to AWS IoT Core
⚠️ MQTT disconnected, reason: 7
⚠️ Not connected to MQTT, retrying...
✅ Connected to AWS IoT Core
⚠️ MQTT disconnected, reason: 7
✅ Connected to AWS IoT Core
⚠️ MQTT disconnected, reason: 7
⚠️ Not connected to MQTT, retrying...
✅ Connected to AWS IoT Core
⚠️ MQTT disconnected, reason: 7
⚠️ Not connected to MQTT, retrying...
✅ Connected to AWS IoT Core
⚠️ MQTT disconnected, reason: 7
⚠️ Not connected to MQTT, retrying...
✅ Connected to AWS IoT Core
✅ Connected to AWS IoT Core
⚠️ MQTT disconnected, reason: 7
⚠️ Not connected to MQTT, retrying...
✅ Connected to AWS IoT Core
⚠️ MQTT disconnected, reason: 7
✅ Connected to AWS IoT Core
⚠️ MQTT disconnected, reason: 7
⚠️ MQTT disconnected, reason: 7
✅ Connected to AWS IoT Core
⚠️ MQTT disconnected, reason: 7
⚠️ Not connected to MQTT, retrying...
✅ Connected to AWS IoT Core
⚠️ MQTT disconnected, reason: 7
⚠️ Not connected to MQTT, retrying...
✅ Connected to AWS IoT Core
⚠️ MQTT disconnected, reason: 7
⚠️ Not connected to MQTT, retrying...
✅ Connected to AWS IoT Core
⚠️ MQTT disconnected, reason: 7
⚠️ Not connected to MQTT, retrying...
✅ Connected to AWS IoT Core
⚠️ MQTT disconnected, reason: 7
⚠️ Not connected to MQTT, retrying...
✅ Connected to AWS IoT Core
⚠️ MQTT disconnected, reason: 7
⚠️ Not connected to MQTT, retrying...
✅ Connected to AWS IoT Core
⚠️ MQTT disconnected, reason: 7
✅ Connected to AWS IoT Core
⚠️ MQTT disconnected, reason: 7
✅ Connected to AWS IoT Core
⚠️ MQTT disconnected, reason: 7
⚠️ Not connected to MQTT, retrying...
✅ Connected to AWS IoT Core
⚠️ MQTT disconnected, reason: 7
⚠️ Not connected to MQTT, retrying...
✅ Connected to AWS IoT Core
⚠️ MQTT disconnected, reason: 7
⚠️ Not connected to MQTT, retrying...
✅ Connected to AWS IoT Core
⚠️ MQTT disconnected, reason: 7
⚠️ Not connected to MQTT, retrying...
✅ Connected to AWS IoT Core
⚠️ MQTT disconnected, reason: 7
⚠️ Not connected to MQTT, retrying...
✅ Connected to AWS IoT Core
⚠️ MQTT disconnected, reason: 7
✅ Connected to AWS IoT Core
⚠️ MQTT disconnected, reason: 7
⚠️ Not connected to MQTT, retrying...
✅ Connected to AWS IoT Core
⚠️ MQTT disconnected, reason: 7
⚠️ Not connected to MQTT, retrying...
✅ Connected to AWS IoT Core
⚠️ MQTT disconnected, reason: 7
⚠️ Not connected to MQTT, retrying...
✅ Connected to AWS IoT Core
⚠️ MQTT disconnected, reason: 7
✅ Connected to AWS IoT Core
⚠️ MQTT disconnected, reason: 7
✅ Connected to AWS IoT Core
⚠️ MQTT disconnected, reason: 7
⚠️ Not connected to MQTT, retrying...
✅ Connected to AWS IoT Core
⚠️ MQTT disconnected, reason: 7
⚠️ Not connected to MQTT, retrying...
✅ Connected to AWS IoT Core
⚠️ MQTT disconnected, reason: 7
⚠️ Not connected to MQTT, retrying...
✅ Connected to AWS IoT Core
⚠️ MQTT disconnected, reason: 7
✅ Connected to AWS IoT Core
⚠️ MQTT disconnected, reason: 7
⚠️ Not connected to MQTT, retrying...
✅ Connected to AWS IoT Core
⚠️ MQTT disconnected, reason: 7
⚠️ Not connected to MQTT, retrying...
✅ Connected to AWS IoT Core
⚠️ MQTT disconnected, reason: 7
⚠️ Not connected to MQTT, retrying...
✅ Connected to AWS IoT Core
⚠️ MQTT disconnected, reason: 7
⚠️ Not connected to MQTT, retrying...
✅ Connected to AWS IoT Core
⚠️ MQTT disconnected, reason: 7
⚠️ Not connected to MQTT, retrying...
✅ Connected to AWS IoT Core
⚠️ MQTT disconnected, reason: 7
⚠️ Not connected to MQTT, retrying...
✅ Connected to AWS IoT Core
⚠️ MQTT disconnected, reason: 7
⚠️ Not connected to MQTT, retrying...
✅ Connected to AWS IoT Core
⚠️ MQTT disconnected, reason: 7
✅ Connected to AWS IoT Core
⚠️ MQTT disconnected, reason: 7
⚠️ Not connected to MQTT, retrying...
✅ Connected to AWS IoT Core
⚠️ MQTT disconnected, reason: 7
✅ Connected to AWS IoT Core
⚠️ MQTT disconnected, reason: 7
✅ Connected to AWS IoT Core
⚠️ MQTT disconnected, reason: 7
✅ Connected to AWS IoT Core
⚠️ MQTT disconnected, reason: 7
⚠️ Not connected to MQTT, retrying...
✅ Connected to AWS IoT Core
✅ Connected to AWS IoT Core
⚠️ MQTT disconnected, reason: 7
⚠️ Not connected to MQTT, retrying...
✅ Connected to AWS IoT Core
⚠️ MQTT disconnected, reason: 7
✅ Connected to AWS IoT Core
⚠️ MQTT disconnected, reason: 7
✅ Connected to AWS IoT Core
⚠️ MQTT disconnected, reason: 7
⚠️ Not connected to MQTT, retrying...
✅ Connected to AWS IoT Core
⚠️ MQTT disconnected, reason: 7
⚠️ Not connected to MQTT, retrying...
✅ Connected to AWS IoT Core
⚠️ MQTT disconnected, reason: 7
⚠️ Not connected to MQTT, retrying...
✅ Connected to AWS IoT Core
⚠️ MQTT disconnected, reason: 7
⚠️ Not connected to MQTT, retrying...
✅ Connected to AWS IoT Core
⚠️ MQTT disconnected, reason: 7
⚠️ Not connected to MQTT, retrying...
✅ Connected to AWS IoT Core
⚠️ MQTT disconnected, reason: 7
⚠️ Not connected to MQTT, retrying...
✅ Connected to AWS IoT Core
⚠️ MQTT disconnected, reason: 7
⚠️ Not connected to MQTT, retrying...
✅ Connected to AWS IoT Core
⚠️ MQTT disconnected, reason: 7
⚠️ Not connected to MQTT, retrying...
✅ Connected to AWS IoT Core
⚠️ MQTT disconnected, reason: 7
✅ Connected to AWS IoT Core
⚠️ MQTT disconnected, reason: 7
⚠️ Not connected to MQTT, retrying...
✅ Connected to AWS IoT Core
⚠️ MQTT disconnected, reason: 7
⚠️ Not connected to MQTT, retrying...
✅ Connected to AWS IoT Core
⚠️ MQTT disconnected, reason: 7
✅ Connected to AWS IoT Core
⚠️ MQTT disconnected, reason: 7
⚠️ Not connected to MQTT, retrying...
✅ Connected to AWS IoT Core
⚠️ MQTT disconnected, reason: 7
⚠️ Not connected to MQTT, retrying...
✅ Connected to AWS IoT Core
⚠️ MQTT disconnected, reason: 7
⚠️ Not connected to MQTT, retrying...
✅ Connected to AWS IoT Core
⚠️ MQTT disconnected, reason: 7
⚠️ Not connected to MQTT, retrying...
✅ Connected to AWS IoT Core
⚠️ MQTT disconnected, reason: 7
⚠️ Not connected to MQTT, retrying...
✅ Connected to AWS IoT Core
⚠️ MQTT disconnected, reason: 7
✅ Connected to AWS IoT Core
⚠️ MQTT disconnected, reason: 7
✅ Connected to AWS IoT Core
⚠️ MQTT disconnected, reason: 7
✅ Connected to AWS IoT Core
⚠️ MQTT disconnected, reason: 7
⚠️ Not connected to MQTT, retrying...
✅ Connected to AWS IoT Core
⚠️ MQTT disconnected, reason: 7
✅ Connected to AWS IoT Core
⚠️ MQTT disconnected, reason: 7
✅ Connected to AWS IoT Core
⚠️ MQTT disconnected, reason: 7
⚠️ Not connected to MQTT, retrying...
✅ Connected to AWS IoT Core
⚠️ MQTT disconnected, reason: 7
⚠️ Not connected to MQTT, retrying...
✅ Connected to AWS IoT Core
⚠️ MQTT disconnected, reason: 7
⚠️ Not connected to MQTT, retrying...
✅ Connected to AWS IoT Core
⚠️ MQTT disconnected, reason: 7
⚠️ Not connected to MQTT, retrying...
✅ Connected to AWS IoT Core
⚠️ MQTT disconnected, reason: 7
⚠️ Not connected to MQTT, retrying...
✅ Connected to AWS IoT Core
⚠️ MQTT disconnected, reason: 7
✅ Connected to AWS IoT Core
⚠️ MQTT disconnected, reason: 7
⚠️ Not connected to MQTT, retrying...
✅ Connected to AWS IoT Core
⚠️ MQTT disconnected, reason: 7
✅ Connected to AWS IoT Core
⚠️ MQTT disconnected, reason: 7
✅ Connected to AWS IoT Core
⚠️ MQTT disconnected, reason: 7
✅ Connected to AWS IoT Core
⚠️ MQTT disconnected, reason: 7
✅ Connected to AWS IoT Core
⚠️ MQTT disconnected, reason: 7
⚠️ Not connected to MQTT, retrying...
✅ Connected to AWS IoT Core
⚠️ MQTT disconnected, reason: 7
⚠️ Not connected to MQTT, retrying...
✅ Connected to AWS IoT Core
⚠️ MQTT disconnected, reason: 7
✅ Connected to AWS IoT Core
⚠️ MQTT disconnected, reason: 7
⚠️ Not connected to MQTT, retrying...
✅ Connected to AWS IoT Core
⚠️ MQTT disconnected, reason: 7
⚠️ Not connected to MQTT, retrying...
✅ Connected to AWS IoT Core
⚠️ MQTT disconnected, reason: 7
⚠️ Not connected to MQTT, retrying...
✅ Connected to AWS IoT Core
⚠️ MQTT disconnected, reason: 7
⚠️ Not connected to MQTT, retrying...
✅ Connected to AWS IoT Core
⚠️ MQTT disconnected, reason: 7
✅ Connected to AWS IoT Core
⚠️ MQTT disconnected, reason: 7
⚠️ Not connected to MQTT, retrying...
✅ Connected to AWS IoT Core
⚠️ MQTT disconnected, reason: 7
⚠️ Not connected to MQTT, retrying...
✅ Connected to AWS IoT Core
⚠️ MQTT disconnected, reason: 7
✅ Connected to AWS IoT Core
⚠️ MQTT disconnected, reason: 7
⚠️ Not connected to MQTT, retrying...
✅ Connected to AWS IoT Core
⚠️ MQTT disconnected, reason: 7
⚠️ Not connected to MQTT, retrying...
✅ Connected to AWS IoT Core
⚠️ MQTT disconnected, reason: 7
⚠️ Not connected to MQTT, retrying...
✅ Connected to AWS IoT Core
⚠️ MQTT disconnected, reason: 7
✅ Connected to AWS IoT Core
⚠️ MQTT disconnected, reason: 7
✅ Connected to AWS IoT Core
⚠️ MQTT disconnected, reason: 7
✅ Connected to AWS IoT Core
⚠️ MQTT disconnected, reason: 7
✅ Connected to AWS IoT Core
⚠️ MQTT disconnected, reason: 7
⚠️ Not connected to MQTT, retrying...
✅ Connected to AWS IoT Core
⚠️ MQTT disconnected, reason: 7
✅ Connected to AWS IoT Core
⚠️ MQTT disconnected, reason: 7
✅ Connected to AWS IoT Core
⚠️ MQTT disconnected, reason: 7
⚠️ Not connected to MQTT, retrying...
✅ Connected to AWS IoT Core
⚠️ MQTT disconnected, reason: 7
⚠️ Not connected to MQTT, retrying...
✅ Connected to AWS IoT Core
⚠️ MQTT disconnected, reason: 7
⚠️ Not connected to MQTT, retrying...
✅ Connected to AWS IoT Core
⚠️ MQTT disconnected, reason: 7
⚠️ Not connected to MQTT, retrying...
✅ Connected to AWS IoT Core
⚠️ MQTT disconnected, reason: 7
✅ Connected to AWS IoT Core
⚠️ MQTT disconnected, reason: 7
✅ Connected to AWS IoT Core
⚠️ MQTT disconnected, reason: 7
✅ Connected to AWS IoT Core
⚠️ MQTT disconnected, reason: 7
✅ Connected to AWS IoT Core
⚠️ MQTT disconnected, reason: 7
✅ Connected to AWS IoT Core
⚠️ MQTT disconnected, reason: 7
✅ Connected to AWS IoT Core
⚠️ MQTT disconnected, reason: 7
⚠️ Not connected to MQTT, retrying...
✅ Connected to AWS IoT Core
⚠️ MQTT disconnected, reason: 7
⚠️ Not connected to MQTT, retrying...
✅ Connected to AWS IoT Core
⚠️ MQTT disconnected, reason: 7
⚠️ Not connected to MQTT, retrying...
✅ Connected to AWS IoT Core
⚠️ MQTT disconnected, reason: 7
✅ Connected to AWS IoT Core
⚠️ MQTT disconnected, reason: 7
✅ Connected to AWS IoT Core
⚠️ MQTT disconnected, reason: 7
✅ Connected to AWS IoT Core
⚠️ MQTT disconnected, reason: 7
⚠️ Not connected to MQTT, retrying...
✅ Connected to AWS IoT Core
⚠️ MQTT disconnected, reason: 7
⚠️ Not connected to MQTT, retrying...
✅ Connected to AWS IoT Core
⚠️ MQTT disconnected, reason: 7
⚠️ Not connected to MQTT, retrying...
✅ Connected to AWS IoT Core
⚠️ MQTT disconnected, reason: 7
✅ Connected to AWS IoT Core
⚠️ MQTT disconnected, reason: 7
✅ Connected to AWS IoT Core
⚠️ MQTT disconnected, reason: 7
⚠️ Not connected to MQTT, retrying...
✅ Connected to AWS IoT Core
⚠️ MQTT disconnected, reason: 7
⚠️ Not connected to MQTT, retrying...
⚠️ MQTT disconnected, reason: 7
✅ Connected to AWS IoT Core
⚠️ MQTT disconnected, reason: 7
✅ Connected to AWS IoT Core
⚠️ MQTT disconnected, reason: 7
⚠️ Not connected to MQTT, retrying...
✅ Connected to AWS IoT Core
⚠️ MQTT disconnected, reason: 7
⚠️ Not connected to MQTT, retrying...
✅ Connected to AWS IoT Core
⚠️ MQTT disconnected, reason: 7
⚠️ Not connected to MQTT, retrying...
✅ Connected to AWS IoT Core
⚠️ MQTT disconnected, reason: 7
⚠️ Not connected to MQTT, retrying...
✅ Connected to AWS IoT Core
⚠️ MQTT disconnected, reason: 7
✅ Connected to AWS IoT Core
⚠️ MQTT disconnected, reason: 7
✅ Connected to AWS IoT Core
⚠️ MQTT disconnected, reason: 7
⚠️ Not connected to MQTT, retrying...
✅ Connected to AWS IoT Core
⚠️ MQTT disconnected, reason: 7
⚠️ Not connected to MQTT, retrying...
✅ Connected to AWS IoT Core
⚠️ MQTT disconnected, reason: 7
⚠️ Not connected to MQTT, retrying...
✅ Connected to AWS IoT Core
⚠️ MQTT disconnected, reason: 7
⚠️ Not connected to MQTT, retrying...
✅ Connected to AWS IoT Core
⚠️ MQTT disconnected, reason: 7
⚠️ Not connected to MQTT, retrying...
✅ Connected to AWS IoT Core
⚠️ MQTT disconnected, reason: 7
⚠️ Not connected to MQTT, retrying...
✅ Connected to AWS IoT Core
⚠️ MQTT disconnected, reason: 7
✅ Connected to AWS IoT Core
⚠️ MQTT disconnected, reason: 7
✅ Connected to AWS IoT Core
⚠️ MQTT disconnected, reason: 7
⚠️ Not connected to MQTT, retrying...
✅ Connected to AWS IoT Core
⚠️ MQTT disconnected, reason: 7
⚠️ Not connected to MQTT, retrying...
✅ Connected to AWS IoT Core
⚠️ MQTT disconnected, reason: 7
⚠️ Not connected to MQTT, retrying...
✅ Connected to AWS IoT Core
⚠️ MQTT disconnected, reason: 7
⚠️ Not connected to MQTT, retrying...
✅ Connected to AWS IoT Core
⚠️ MQTT disconnected, reason: 7
⚠️ Not connected to MQTT, retrying...
✅ Connected to AWS IoT Core
⚠️ MQTT disconnected, reason: 7
⚠️ Not connected to MQTT, retrying...
✅ Connected to AWS IoT Core
⚠️ MQTT disconnected, reason: 7
✅ Connected to AWS IoT Core
⚠️ MQTT disconnected, reason: 7
✅ Connected to AWS IoT Core
⚠️ MQTT disconnected, reason: 7
✅ Connected to AWS IoT Core
⚠️ MQTT disconnected, reason: 7
✅ Connected to AWS IoT Core
⚠️ MQTT disconnected, reason: 7
⚠️ Not connected to MQTT, retrying...
✅ Connected to AWS IoT Core
⚠️ MQTT disconnected, reason: 7
✅ Connected to AWS IoT Core
⚠️ MQTT disconnected, reason: 7
✅ Connected to AWS IoT Core
⚠️ MQTT disconnected, reason: 7
⚠️ Not connected to MQTT, retrying...
✅ Connected to AWS IoT Core
⚠️ MQTT disconnected, reason: 7
⚠️ Not connected to MQTT, retrying...
✅ Connected to AWS IoT Core
⚠️ MQTT disconnected, reason: 7
⚠️ Not connected to MQTT, retrying...
✅ Connected to AWS IoT Core
⚠️ MQTT disconnected, reason: 7
✅ Connected to AWS IoT Core
⚠️ MQTT disconnected, reason: 7
⚠️ Not connected to MQTT, retrying...
✅ Connected to AWS IoT Core
⚠️ MQTT disconnected, reason: 7
⚠️ Not connected to MQTT, retrying...
✅ Connected to AWS IoT Core
⚠️ MQTT disconnected, reason: 7
⚠️ Not connected to MQTT, retrying...
✅ Connected to AWS IoT Core
✅ Connected to AWS IoT Core
⚠️ MQTT disconnected, reason: 7
⚠️ Not connected to MQTT, retrying...
✅ Connected to AWS IoT Core
⚠️ MQTT disconnected, reason: 7
✅ Connected to AWS IoT Core
⚠️ MQTT disconnected, reason: 7
⚠️ Not connected to MQTT, retrying...
✅ Connected to AWS IoT Core
⚠️ MQTT disconnected, reason: 7
✅ Connected to AWS IoT Core
⚠️ MQTT disconnected, reason: 7
⚠️ Not connected to MQTT, retrying...
✅ Connected to AWS IoT Core
⚠️ MQTT disconnected, reason: 7
⚠️ Not connected to MQTT, retrying...
✅ Connected to AWS IoT Core
⚠️ MQTT disconnected, reason: 7
✅ Connected to AWS IoT Core
⚠️ MQTT disconnected, reason: 7
✅ Connected to AWS IoT Core
⚠️ MQTT disconnected, reason: 7
✅ Connected to AWS IoT Core
⚠️ MQTT disconnected, reason: 7
⚠️ Not connected to MQTT, retrying...
✅ Connected to AWS IoT Core
⚠️ MQTT disconnected, reason: 7
⚠️ Not connected to MQTT, retrying...
✅ Connected to AWS IoT Core
⚠️ MQTT disconnected, reason: 7
✅ Connected to AWS IoT Core
⚠️ MQTT disconnected, reason: 7
✅ Connected to AWS IoT Core
⚠️ MQTT disconnected, reason: 7
✅ Connected to AWS IoT Core
⚠️ MQTT disconnected, reason: 7
✅ Connected to AWS IoT Core
⚠️ MQTT disconnected, reason: 7
⚠️ Not connected to MQTT, retrying...
✅ Connected to AWS IoT Core
⚠️ MQTT disconnected, reason: 7
⚠️ Not connected to MQTT, retrying...
✅ Connected to AWS IoT Core
⚠️ MQTT disconnected, reason: 7
⚠️ Not connected to MQTT, retrying...
✅ Connected to AWS IoT Core
⚠️ MQTT disconnected, reason: 7
⚠️ Not connected to MQTT, retrying...
✅ Connected to AWS IoT Core
⚠️ MQTT disconnected, reason: 7
✅ Connected to AWS IoT Core
⚠️ MQTT disconnected, reason: 7
✅ Connected to AWS IoT Core
⚠️ MQTT disconnected, reason: 7
⚠️ Not connected to MQTT, retrying...
✅ Connected to AWS IoT Core
⚠️ MQTT disconnected, reason: 7
⚠️ Not connected to MQTT, retrying...
✅ Connected to AWS IoT Core
⚠️ MQTT disconnected, reason: 7
⚠️ Not connected to MQTT, retrying...
✅ Connected to AWS IoT Core
⚠️ MQTT disconnected, reason: 7
⚠️ Not connected to MQTT, retrying...
✅ Connected to AWS IoT Core
✅ Connected to AWS IoT Core
⚠️ MQTT disconnected, reason: 7
⚠️ Not connected to MQTT, retrying...
✅ Connected to AWS IoT Core
⚠️ MQTT disconnected, reason: 7
✅ Connected to AWS IoT Core
⚠️ MQTT disconnected, reason: 7
⚠️ Not connected to MQTT, retrying...
✅ Connected to AWS IoT Core
⚠️ MQTT disconnected, reason: 7
⚠️ Not connected to MQTT, retrying...
✅ Connected to AWS IoT Core
⚠️ MQTT disconnected, reason: 7
⚠️ Not connected to MQTT, retrying...
✅ Connected to AWS IoT Core
⚠️ MQTT disconnected, reason: 7
⚠️ Not connected to MQTT, retrying...
✅ Connected to AWS IoT Core
⚠️ MQTT disconnected, reason: 7
✅ Connected to AWS IoT Core
⚠️ MQTT disconnected, reason: 7
⚠️ Not connected to MQTT, retrying...
✅ Connected to AWS IoT Core
⚠️ MQTT disconnected, reason: 7
✅ Connected to AWS IoT Core
⚠️ MQTT disconnected, reason: 7
✅ Connected to AWS IoT Core
⚠️ MQTT disconnected, reason: 7
✅ Connected to AWS IoT Core
⚠️ MQTT disconnected, reason: 7
⚠️ Not connected to MQTT, retrying...
✅ Connected to AWS IoT Core
✅ Connected to AWS IoT Core
⚠️ MQTT disconnected, reason: 7
⚠️ Not connected to MQTT, retrying...
✅ Connected to AWS IoT Core
⚠️ MQTT disconnected, reason: 7
⚠️ Not connected to MQTT, retrying...
✅ Connected to AWS IoT Core
⚠️ MQTT disconnected, reason: 7
⚠️ Not connected to MQTT, retrying...
⚠️ MQTT disconnected, reason: 7
✅ Connected to AWS IoT Core
⚠️ MQTT disconnected, reason: 7
✅ Connected to AWS IoT Core
⚠️ MQTT disconnected, reason: 7
⚠️ MQTT disconnected, reason: 7
✅ Connected to AWS IoT Core
⚠️ MQTT disconnected, reason: 7
✅ Connected to AWS IoT Core
⚠️ MQTT disconnected, reason: 7
✅ Connected to AWS IoT Core
⚠️ MQTT disconnected, reason: 7
✅ Connected to AWS IoT Core
⚠️ MQTT disconnected, reason: 7
✅ Connected to AWS IoT Core
⚠️ MQTT disconnected, reason: 7
✅ Connected to AWS IoT Core
✅ Connected to AWS IoT Core
⚠️ MQTT disconnected, reason: 7
⚠️ Not connected to MQTT, retrying...
✅ Connected to AWS IoT Core
⚠️ MQTT disconnected, reason: 7
⚠️ Not connected to MQTT, retrying...
✅ Connected to AWS IoT Core
⚠️ MQTT disconnected, reason: 7
⚠️ Not connected to MQTT, retrying...
✅ Connected to AWS IoT Core
⚠️ MQTT disconnected, reason: 7
✅ Connected to AWS IoT Core
⚠️ MQTT disconnected, reason: 7
⚠️ Not connected to MQTT, retrying...
✅ Connected to AWS IoT Core
⚠️ MQTT disconnected, reason: 7
⚠️ Not connected to MQTT, retrying...
✅ Connected to AWS IoT Core
⚠️ MQTT disconnected, reason: 7
✅ Connected to AWS IoT Core
⚠️ MQTT disconnected, reason: 7
✅ Connected to AWS IoT Core
⚠️ MQTT disconnected, reason: 7
⚠️ Not connected to MQTT, retrying...
✅ Connected to AWS IoT Core
⚠️ MQTT disconnected, reason: 7
⚠️ Not connected to MQTT, retrying...
✅ Connected to AWS IoT Core
⚠️ MQTT disconnected, reason: 7
⚠️ Not connected to MQTT, retrying...
✅ Connected to AWS IoT Core
⚠️ MQTT disconnected, reason: 7
✅ Connected to AWS IoT Core
⚠️ MQTT disconnected, reason: 7
✅ Connected to AWS IoT Core
⚠️ MQTT disconnected, reason: 7
⚠️ Not connected to MQTT, retrying...
✅ Connected to AWS IoT Core
⚠️ MQTT disconnected, reason: 7
⚠️ Not connected to MQTT, retrying...
✅ Connected to AWS IoT Core
⚠️ MQTT disconnected, reason: 7
⚠️ Not connected to MQTT, retrying...
✅ Connected to AWS IoT Core
⚠️ MQTT disconnected, reason: 7
⚠️ Not connected to MQTT, retrying...
✅ Connected to AWS IoT Core
⚠️ MQTT disconnected, reason: 7
⚠️ Not connected to MQTT, retrying...
✅ Connected to AWS IoT Core
⚠️ MQTT disconnected, reason: 7
✅ Connected to AWS IoT Core
⚠️ MQTT disconnected, reason: 7
✅ Connected to AWS IoT Core
⚠️ MQTT disconnected, reason: 7
⚠️ Not connected to MQTT, retrying...
⚠️ MQTT disconnected, reason: 7
✅ Connected to AWS IoT Core
⚠️ MQTT disconnected, reason: 7
✅ Connected to AWS IoT Core
⚠️ MQTT disconnected, reason: 7
✅ Connected to AWS IoT Core
⚠️ MQTT disconnected, reason: 7
⚠️ Not connected to MQTT, retrying...
✅ Connected to AWS IoT Core
⚠️ MQTT disconnected, reason: 7
⚠️ Not connected to MQTT, retrying...
⚠️ MQTT disconnected, reason: 7
✅ Connected to AWS IoT Core
✅ Connected to AWS IoT Core
⚠️ MQTT disconnected, reason: 7
⚠️ Not connected to MQTT, retrying...
✅ Connected to AWS IoT Core
⚠️ MQTT disconnected, reason: 7
⚠️ Not connected to MQTT, retrying...
✅ Connected to AWS IoT Core
⚠️ MQTT disconnected, reason: 7
⚠️ Not connected to MQTT, retrying...
✅ Connected to AWS IoT Core
⚠️ MQTT disconnected, reason: 7
✅ Connected to AWS IoT Core
⚠️ MQTT disconnected, reason: 7
⚠️ Not connected to MQTT, retrying...
✅ Connected to AWS IoT Core
⚠️ MQTT disconnected, reason: 7
⚠️ Not connected to MQTT, retrying...
✅ Connected to AWS IoT Core
⚠️ MQTT disconnected, reason: 7
✅ Connected to AWS IoT Core
⚠️ MQTT disconnected, reason: 7
⚠️ Not connected to MQTT, retrying...
✅ Connected to AWS IoT Core
⚠️ MQTT disconnected, reason: 7
⚠️ Not connected to MQTT, retrying...
✅ Connected to AWS IoT Core
⚠️ MQTT disconnected, reason: 7
✅ Connected to AWS IoT Core
⚠️ MQTT disconnected, reason: 7
⚠️ Not connected to MQTT, retrying...
✅ Connected to AWS IoT Core
⚠️ MQTT disconnected, reason: 7
⚠️ Not connected to MQTT, retrying...
⚠️ MQTT disconnected, reason: 7
✅ Connected to AWS IoT Core
⚠️ MQTT disconnected, reason: 7
⚠️ Not connected to MQTT, retrying...
✅ Connected to AWS IoT Core
⚠️ MQTT disconnected, reason: 7
⚠️ Not connected to MQTT, retrying...
✅ Connected to AWS IoT Core
⚠️ MQTT disconnected, reason: 7
⚠️ Not connected to MQTT, retrying...
✅ Connected to AWS IoT Core
⚠️ MQTT disconnected, reason: 7
⚠️ Not connected to MQTT, retrying...
✅ Connected to AWS IoT Core
⚠️ MQTT disconnected, reason: 7
✅ Connected to AWS IoT Core
⚠️ MQTT disconnected, reason: 7
✅ Connected to AWS IoT Core
⚠️ MQTT disconnected, reason: 7
✅ Connected to AWS IoT Core
⚠️ MQTT disconnected, reason: 7
⚠️ Not connected to MQTT, retrying...
✅ Connected to AWS IoT Core
⚠️ MQTT disconnected, reason: 7
⚠️ Not connected to MQTT, retrying...
✅ Connected to AWS IoT Core
⚠️ MQTT disconnected, reason: 7
✅ Connected to AWS IoT Core
⚠️ MQTT disconnected, reason: 7
⚠️ Not connected to MQTT, retrying...
✅ Connected to AWS IoT Core
⚠️ MQTT disconnected, reason: 7
⚠️ Not connected to MQTT, retrying...
⚠️ MQTT disconnected, reason: 7
✅ Connected to AWS IoT Core
⚠️ MQTT disconnected, reason: 7
⚠️ Not connected to MQTT, retrying...
✅ Connected to AWS IoT Core
⚠️ MQTT disconnected, reason: 7
✅ Connected to AWS IoT Core
✅ Connected to AWS IoT Core
⚠️ MQTT disconnected, reason: 7
✅ Connected to AWS IoT Core
⚠️ MQTT disconnected, reason: 7
⚠️ Not connected to MQTT, retrying...
✅ Connected to AWS IoT Core
⚠️ MQTT disconnected, reason: 7
⚠️ Not connected to MQTT, retrying...
✅ Connected to AWS IoT Core
⚠️ MQTT disconnected, reason: 7
⚠️ Not connected to MQTT, retrying...
✅ Connected to AWS IoT Core
⚠️ MQTT disconnected, reason: 7
✅ Connected to AWS IoT Core
⚠️ MQTT disconnected, reason: 7
⚠️ Not connected to MQTT, retrying...
✅ Connected to AWS IoT Core
⚠️ MQTT disconnected, reason: 7
⚠️ Not connected to MQTT, retrying...
✅ Connected to AWS IoT Core
⚠️ MQTT disconnected, reason: 7
✅ Connected to AWS IoT Core
⚠️ MQTT disconnected, reason: 7
⚠️ Not connected to MQTT, retrying...
✅ Connected to AWS IoT Core
⚠️ MQTT disconnected, reason: 7
⚠️ Not connected to MQTT, retrying...
✅ Connected to AWS IoT Core
⚠️ MQTT disconnected, reason: 7
✅ Connected to AWS IoT Core
⚠️ MQTT disconnected, reason: 7
✅ Connected to AWS IoT Core
⚠️ MQTT disconnected, reason: 7
✅ Connected to AWS IoT Core
✅ Connected to AWS IoT Core
⚠️ MQTT disconnected, reason: 7
⚠️ Not connected to MQTT, retrying...
✅ Connected to AWS IoT Core
⚠️ MQTT disconnected, reason: 7
⚠️ Not connected to MQTT, retrying...
✅ Connected to AWS IoT Core
⚠️ MQTT disconnected, reason: 7
✅ Connected to AWS IoT Core
⚠️ MQTT disconnected, reason: 7
⚠️ Not connected to MQTT, retrying...
✅ Connected to AWS IoT Core
⚠️ MQTT disconnected, reason: 7
⚠️ Not connected to MQTT, retrying...
✅ Connected to AWS IoT Core
⚠️ MQTT disconnected, reason: 7
⚠️ Not connected to MQTT, retrying...
✅ Connected to AWS IoT Core
⚠️ MQTT disconnected, reason: 7
✅ Connected to AWS IoT Core
✅ Connected to AWS IoT Core
⚠️ MQTT disconnected, reason: 7
✅ Connected to AWS IoT Core
⚠️ MQTT disconnected, reason: 7
⚠️ Not connected to MQTT, retrying...
✅ Connected to AWS IoT Core
⚠️ MQTT disconnected, reason: 7
⚠️ Not connected to MQTT, retrying...
✅ Connected to AWS IoT Core
⚠️ MQTT disconnected, reason: 7
⚠️ Not connected to MQTT, retrying...
✅ Connected to AWS IoT Core
⚠️ MQTT disconnected, reason: 7
✅ Connected to AWS IoT Core
⚠️ MQTT disconnected, reason: 7
⚠️ Not connected to MQTT, retrying...
✅ Connected to AWS IoT Core
⚠️ MQTT disconnected, reason: 7
✅ Connected to AWS IoT Core
⚠️ MQTT disconnected, reason: 7
⚠️ Not connected to MQTT, retrying...
✅ Connected to AWS IoT Core
⚠️ MQTT disconnected, reason: 7
⚠️ Not connected to MQTT, retrying...
✅ Connected to AWS IoT Core
⚠️ MQTT disconnected, reason: 7
⚠️ Not connected to MQTT, retrying...
✅ Connected to AWS IoT Core
⚠️ MQTT disconnected, reason: 7
✅ Connected to AWS IoT Core
⚠️ MQTT disconnected, reason: 7
⚠️ Not connected to MQTT, retrying...
⚠️ MQTT disconnected, reason: 7
✅ Connected to AWS IoT Core
⚠️ MQTT disconnected, reason: 7
✅ Connected to AWS IoT Core
⚠️ MQTT disconnected, reason: 7
✅ Connected to AWS IoT Core
⚠️ MQTT disconnected, reason: 7
⚠️ Not connected to MQTT, retrying...
✅ Connected to AWS IoT Core
⚠️ MQTT disconnected, reason: 7
⚠️ Not connected to MQTT, retrying...
✅ Connected to AWS IoT Core
⚠️ MQTT disconnected, reason: 7
⚠️ Not connected to MQTT, retrying...
✅ Connected to AWS IoT Core
⚠️ MQTT disconnected, reason: 7
✅ Connected to AWS IoT Core
⚠️ MQTT disconnected, reason: 7
✅ Connected to AWS IoT Core
⚠️ MQTT disconnected, reason: 7
⚠️ Not connected to MQTT, retrying...
✅ Connected to AWS IoT Core
⚠️ MQTT disconnected, reason: 7
✅ Connected to AWS IoT Core
⚠️ MQTT disconnected, reason: 7
✅ Connected to AWS IoT Core
⚠️ MQTT disconnected, reason: 7
⚠️ Not connected to MQTT, retrying...
✅ Connected to AWS IoT Core
⚠️ MQTT disconnected, reason: 7
✅ Connected to AWS IoT Core
⚠️ MQTT disconnected, reason: 7
⚠️ Not connected to MQTT, retrying...
✅ Connected to AWS IoT Core
⚠️ MQTT disconnected, reason: 7
⚠️ Not connected to MQTT, retrying...
✅ Connected to AWS IoT Core
⚠️ MQTT disconnected, reason: 7
✅ Connected to AWS IoT Core
⚠️ MQTT disconnected, reason: 7
✅ Connected to AWS IoT Core
⚠️ MQTT disconnected, reason: 7
✅ Connected to AWS IoT Core
⚠️ MQTT disconnected, reason: 7
⚠️ Not connected to MQTT, retrying...
✅ Connected to AWS IoT Core
⚠️ MQTT disconnected, reason: 7
⚠️ Not connected to MQTT, retrying...
✅ Connected to AWS IoT Core
⚠️ MQTT disconnected, reason: 7
⚠️ Not connected to MQTT, retrying...
✅ Connected to AWS IoT Core
⚠️ MQTT disconnected, reason: 7
⚠️ Not connected to MQTT, retrying...
✅ Connected to AWS IoT Core
⚠️ MQTT disconnected, reason: 7
✅ Connected to AWS IoT Core
⚠️ MQTT disconnected, reason: 7
✅ Connected to AWS IoT Core
⚠️ MQTT disconnected, reason: 7
✅ Connected to AWS IoT Core
⚠️ MQTT disconnected, reason: 7
⚠️ Not connected to MQTT, retrying...
✅ Connected to AWS IoT Core
⚠️ MQTT disconnected, reason: 7
⚠️ Not connected to MQTT, retrying...
✅ Connected to AWS IoT Core
⚠️ MQTT disconnected, reason: 7
⚠️ Not connected to MQTT, retrying...
✅ Connected to AWS IoT Core
⚠️ MQTT disconnected, reason: 7
⚠️ Not connected to MQTT, retrying...
✅ Connected to AWS IoT Core
⚠️ MQTT disconnected, reason: 7
⚠️ Not connected to MQTT, retrying...
✅ Connected to AWS IoT Core
⚠️ MQTT disconnected, reason: 7
⚠️ Not connected to MQTT, retrying...
✅ Connected to AWS IoT Core
⚠️ MQTT disconnected, reason: 7
✅ Connected to AWS IoT Core
⚠️ MQTT disconnected, reason: 7
⚠️ Not connected to MQTT, retrying...
✅ Connected to AWS IoT Core
⚠️ MQTT disconnected, reason: 7
✅ Connected to AWS IoT Core
⚠️ MQTT disconnected, reason: 7
⚠️ Not connected to MQTT, retrying...
✅ Connected to AWS IoT Core
⚠️ MQTT disconnected, reason: 7
✅ Connected to AWS IoT Core
⚠️ MQTT disconnected, reason: 7
⚠️ Not connected to MQTT, retrying...
✅ Connected to AWS IoT Core
⚠️ MQTT disconnected, reason: 7
✅ Connected to AWS IoT Core
⚠️ MQTT disconnected, reason: 7
✅ Connected to AWS IoT Core
⚠️ MQTT disconnected, reason: 7
✅ Connected to AWS IoT Core
⚠️ MQTT disconnected, reason: 7
✅ Connected to AWS IoT Core
⚠️ MQTT disconnected, reason: 7
✅ Connected to AWS IoT Core
⚠️ MQTT disconnected, reason: 7
✅ Connected to AWS IoT Core
⚠️ MQTT disconnected, reason: 7
✅ Connected to AWS IoT Core
✅ Connected to AWS IoT Core
⚠️ MQTT disconnected, reason: 7
⚠️ Not connected to MQTT, retrying...
✅ Connected to AWS IoT Core
⚠️ MQTT disconnected, reason: 7
✅ Connected to AWS IoT Core
⚠️ MQTT disconnected, reason: 7
⚠️ Not connected to MQTT, retrying...
✅ Connected to AWS IoT Core
⚠️ MQTT disconnected, reason: 7
⚠️ Not connected to MQTT, retrying...
✅ Connected to AWS IoT Core
⚠️ MQTT disconnected, reason: 7
✅ Connected to AWS IoT Core
⚠️ MQTT disconnected, reason: 7
⚠️ Not connected to MQTT, retrying...
✅ Connected to AWS IoT Core
⚠️ MQTT disconnected, reason: 7
⚠️ Not connected to MQTT, retrying...
✅ Connected to AWS IoT Core
⚠️ MQTT disconnected, reason: 7
⚠️ Not connected to MQTT, retrying...
✅ Connected to AWS IoT Core
⚠️ MQTT disconnected, reason: 7
⚠️ Not connected to MQTT, retrying...
✅ Connected to AWS IoT Core
⚠️ MQTT disconnected, reason: 7
⚠️ Not connected to MQTT, retrying...
✅ Connected to AWS IoT Core
⚠️ MQTT disconnected, reason: 7
⚠️ Not connected to MQTT, retrying...
✅ Connected to AWS IoT Core
⚠️ MQTT disconnected, reason: 7
⚠️ Not connected to MQTT, retrying...
✅ Connected to AWS IoT Core
⚠️ MQTT disconnected, reason: 7
⚠️ Not connected to MQTT, retrying...
✅ Connected to AWS IoT Core
⚠️ MQTT disconnected, reason: 7
✅ Connected to AWS IoT Core
⚠️ MQTT disconnected, reason: 7
⚠️ Not connected to MQTT, retrying...
⚠️ MQTT disconnected, reason: 7
✅ Connected to AWS IoT Core
⚠️ MQTT disconnected, reason: 7
⚠️ Not connected to MQTT, retrying...
✅ Connected to AWS IoT Core
⚠️ MQTT disconnected, reason: 7
✅ Connected to AWS IoT Core
⚠️ MQTT disconnected, reason: 7
⚠️ Not connected to MQTT, retrying...
✅ Connected to AWS IoT Core
⚠️ MQTT disconnected, reason: 7
⚠️ Not connected to MQTT, retrying...
✅ Connected to AWS IoT Core
⚠️ MQTT disconnected, reason: 7
⚠️ Not connected to MQTT, retrying...
✅ Connected to AWS IoT Core
✅ Connected to AWS IoT Core
⚠️ MQTT disconnected, reason: 7
✅ Connected to AWS IoT Core
⚠️ MQTT disconnected, reason: 7
⚠️ Not connected to MQTT, retrying...
✅ Connected to AWS IoT Core
⚠️ MQTT disconnected, reason: 7
⚠️ Not connected to MQTT, retrying...
✅ Connected to AWS IoT Core
⚠️ MQTT disconnected, reason: 7
⚠️ Not connected to MQTT, retrying...
✅ Connected to AWS IoT Core
⚠️ MQTT disconnected, reason: 7
✅ Connected to AWS IoT Core
⚠️ MQTT disconnected, reason: 7
⚠️ Not connected to MQTT, retrying...
✅ Connected to AWS IoT Core
⚠️ MQTT disconnected, reason: 7
✅ Connected to AWS IoT Core
⚠️ MQTT disconnected, reason: 7
⚠️ Not connected to MQTT, retrying...
✅ Connected to AWS IoT Core
⚠️ MQTT disconnected, reason: 7
⚠️ Not connected to MQTT, retrying...
✅ Connected to AWS IoT Core
⚠️ MQTT disconnected, reason: 7
✅ Connected to AWS IoT Core
⚠️ MQTT disconnected, reason: 7
⚠️ Not connected to MQTT, retrying...
✅ Connected to AWS IoT Core
⚠️ MQTT disconnected, reason: 7
✅ Connected to AWS IoT Core
⚠️ MQTT disconnected, reason: 7
⚠️ Not connected to MQTT, retrying...
✅ Connected to AWS IoT Core
⚠️ MQTT disconnected, reason: 7
⚠️ Not connected to MQTT, retrying...
✅ Connected to AWS IoT Core
⚠️ MQTT disconnected, reason: 7
✅ Connected to AWS IoT Core
⚠️ MQTT disconnected, reason: 7
✅ Connected to AWS IoT Core
⚠️ MQTT disconnected, reason: 7
⚠️ Not connected to MQTT, retrying...
✅ Connected to AWS IoT Core
⚠️ MQTT disconnected, reason: 7
⚠️ Not connected to MQTT, retrying...
✅ Connected to AWS IoT Core
⚠️ MQTT disconnected, reason: 7
⚠️ Not connected to MQTT, retrying...
✅ Connected to AWS IoT Core
⚠️ MQTT disconnected, reason: 7
✅ Connected to AWS IoT Core
⚠️ MQTT disconnected, reason: 7
⚠️ Not connected to MQTT, retrying...
✅ Connected to AWS IoT Core
⚠️ MQTT disconnected, reason: 7
⚠️ Not connected to MQTT, retrying...
✅ Connected to AWS IoT Core
⚠️ MQTT disconnected, reason: 7
✅ Connected to AWS IoT Core
⚠️ MQTT disconnected, reason: 7
⚠️ Not connected to MQTT, retrying...
✅ Connected to AWS IoT Core
⚠️ MQTT disconnected, reason: 7
✅ Connected to AWS IoT Core
⚠️ MQTT disconnected, reason: 7
✅ Connected to AWS IoT Core
⚠️ MQTT disconnected, reason: 7
⚠️ Not connected to MQTT, retrying...
✅ Connected to AWS IoT Core
⚠️ MQTT disconnected, reason: 7
✅ Connected to AWS IoT Core
⚠️ MQTT disconnected, reason: 7
⚠️ Not connected to MQTT, retrying...
✅ Connected to AWS IoT Core
⚠️ MQTT disconnected, reason: 7
⚠️ Not connected to MQTT, retrying...
⚠️ MQTT disconnected, reason: 7
✅ Connected to AWS IoT Core
✅ Connected to AWS IoT Core
⚠️ MQTT disconnected, reason: 7
⚠️ Not connected to MQTT, retrying...
✅ Connected to AWS IoT Core
⚠️ MQTT disconnected, reason: 7
✅ Connected to AWS IoT Core
⚠️ MQTT disconnected, reason: 7
⚠️ Not connected to MQTT, retrying...
✅ Connected to AWS IoT Core
⚠️ MQTT disconnected, reason: 7
⚠️ Not connected to MQTT, retrying...
✅ Connected to AWS IoT Core
⚠️ MQTT disconnected, reason: 7
⚠️ Not connected to MQTT, retrying...
✅ Connected to AWS IoT Core
⚠️ MQTT disconnected, reason: 7
⚠️ Not connected to MQTT, retrying...
✅ Connected to AWS IoT Core
⚠️ MQTT disconnected, reason: 7
⚠️ Not connected to MQTT, retrying...
✅ Connected to AWS IoT Core
⚠️ MQTT disconnected, reason: 7
⚠️ Not connected to MQTT, retrying...
✅ Connected to AWS IoT Core
⚠️ MQTT disconnected, reason: 7
✅ Connected to AWS IoT Core
⚠️ MQTT disconnected, reason: 7
✅ Connected to AWS IoT Core
⚠️ MQTT disconnected, reason: 7
⚠️ Not connected to MQTT, retrying...
✅ Connected to AWS IoT Core
⚠️ MQTT disconnected, reason: 7
⚠️ Not connected to MQTT, retrying...
✅ Connected to AWS IoT Core
⚠️ MQTT disconnected, reason: 7
⚠️ Not connected to MQTT, retrying...
✅ Connected to AWS IoT Core
⚠️ MQTT disconnected, reason: 7
✅ Connected to AWS IoT Core
⚠️ MQTT disconnected, reason: 7
⚠️ Not connected to MQTT, retrying...
✅ Connected to AWS IoT Core
⚠️ MQTT disconnected, reason: 7
⚠️ Not connected to MQTT, retrying...
✅ Connected to AWS IoT Core
⚠️ MQTT disconnected, reason: 7
✅ Connected to AWS IoT Core
⚠️ MQTT disconnected, reason: 7
⚠️ Not connected to MQTT, retrying...
✅ Connected to AWS IoT Core
⚠️ MQTT disconnected, reason: 7
✅ Connected to AWS IoT Core
⚠️ MQTT disconnected, reason: 7
✅ Connected to AWS IoT Core
⚠️ MQTT disconnected, reason: 7
⚠️ Not connected to MQTT, retrying...
✅ Connected to AWS IoT Core
⚠️ MQTT disconnected, reason: 7
⚠️ Not connected to MQTT, retrying...
✅ Connected to AWS IoT Core
⚠️ MQTT disconnected, reason: 7
✅ Connected to AWS IoT Core
⚠️ MQTT disconnected, reason: 7
⚠️ MQTT disconnected, reason: 7
✅ Connected to AWS IoT Core
⚠️ MQTT disconnected, reason: 7
⚠️ Not connected to MQTT, retrying...
✅ Connected to AWS IoT Core
⚠️ MQTT disconnected, reason: 7
⚠️ Not connected to MQTT, retrying...
✅ Connected to AWS IoT Core
⚠️ MQTT disconnected, reason: 7
✅ Connected to AWS IoT Core
⚠️ MQTT disconnected, reason: 7
✅ Connected to AWS IoT Core
⚠️ MQTT disconnected, reason: 7
✅ Connected to AWS IoT Core
⚠️ MQTT disconnected, reason: 7
⚠️ Not connected to MQTT, retrying...
✅ Connected to AWS IoT Core
⚠️ MQTT disconnected, reason: 7
⚠️ Not connected to MQTT, retrying...
✅ Connected to AWS IoT Core
⚠️ MQTT disconnected, reason: 7
✅ Connected to AWS IoT Core
⚠️ MQTT disconnected, reason: 7
✅ Connected to AWS IoT Core
⚠️ MQTT disconnected, reason: 7
⚠️ Not connected to MQTT, retrying...
✅ Connected to AWS IoT Core
⚠️ MQTT disconnected, reason: 7
⚠️ Not connected to MQTT, retrying...
✅ Connected to AWS IoT Core
⚠️ MQTT disconnected, reason: 7
⚠️ Not connected to MQTT, retrying...
✅ Connected to AWS IoT Core
⚠️ MQTT disconnected, reason: 7
⚠️ Not connected to MQTT, retrying...
✅ Connected to AWS IoT Core
⚠️ MQTT disconnected, reason: 7
⚠️ Not connected to MQTT, retrying...
✅ Connected to AWS IoT Core
⚠️ MQTT disconnected, reason: 7
⚠️ Not connected to MQTT, retrying...
✅ Connected to AWS IoT Core
⚠️ MQTT disconnected, reason: 7
⚠️ Not connected to MQTT, retrying...
✅ Connected to AWS IoT Core
⚠️ MQTT disconnected, reason: 7
⚠️ Not connected to MQTT, retrying...
✅ Connected to AWS IoT Core
⚠️ MQTT disconnected, reason: 7
✅ Connected to AWS IoT Core
⚠️ MQTT disconnected, reason: 7
✅ Connected to AWS IoT Core
⚠️ MQTT disconnected, reason: 7
⚠️ Not connected to MQTT, retrying...
✅ Connected to AWS IoT Core
⚠️ MQTT disconnected, reason: 7
⚠️ Not connected to MQTT, retrying...
✅ Connected to AWS IoT Core
⚠️ MQTT disconnected, reason: 7
⚠️ Not connected to MQTT, retrying...
✅ Connected to AWS IoT Core
⚠️ MQTT disconnected, reason: 7
✅ Connected to AWS IoT Core
⚠️ MQTT disconnected, reason: 7
✅ Connected to AWS IoT Core
⚠️ MQTT disconnected, reason: 7
⚠️ Not connected to MQTT, retrying...
✅ Connected to AWS IoT Core
⚠️ MQTT disconnected, reason: 7
⚠️ Not connected to MQTT, retrying...
✅ Connected to AWS IoT Core
⚠️ MQTT disconnected, reason: 7
⚠️ Not connected to MQTT, retrying...
✅ Connected to AWS IoT Core
⚠️ MQTT disconnected, reason: 7
✅ Connected to AWS IoT Core
⚠️ MQTT disconnected, reason: 7
✅ Connected to AWS IoT Core
⚠️ MQTT disconnected, reason: 7
✅ Connected to AWS IoT Core
⚠️ MQTT disconnected, reason: 7
⚠️ Not connected to MQTT, retrying...
✅ Connected to AWS IoT Core
⚠️ MQTT disconnected, reason: 7
⚠️ Not connected to MQTT, retrying...
✅ Connected to AWS IoT Core
⚠️ MQTT disconnected, reason: 7
⚠️ MQTT disconnected, reason: 7
✅ Connected to AWS IoT Core
⚠️ MQTT disconnected, reason: 7
⚠️ Not connected to MQTT, retrying...
✅ Connected to AWS IoT Core
⚠️ MQTT disconnected, reason: 7
⚠️ Not connected to MQTT, retrying...
✅ Connected to AWS IoT Core
⚠️ MQTT disconnected, reason: 7
⚠️ Not connected to MQTT, retrying...
✅ Connected to AWS IoT Core
⚠️ MQTT disconnected, reason: 7
⚠️ Not connected to MQTT, retrying...
✅ Connected to AWS IoT Core
⚠️ MQTT disconnected, reason: 7
✅ Connected to AWS IoT Core
⚠️ MQTT disconnected, reason: 7
⚠️ Not connected to MQTT, retrying...
✅ Connected to AWS IoT Core
⚠️ MQTT disconnected, reason: 7
⚠️ Not connected to MQTT, retrying...
✅ Connected to AWS IoT Core
⚠️ MQTT disconnected, reason: 7
⚠️ Not connected to MQTT, retrying...
✅ Connected to AWS IoT Core
⚠️ MQTT disconnected, reason: 7
⚠️ Not connected to MQTT, retrying...
✅ Connected to AWS IoT Core
⚠️ MQTT disconnected, reason: 7
⚠️ Not connected to MQTT, retrying...
✅ Connected to AWS IoT Core
⚠️ MQTT disconnected, reason: 7
✅ Connected to AWS IoT Core
⚠️ MQTT disconnected, reason: 7
⚠️ Not connected to MQTT, retrying...
✅ Connected to AWS IoT Core
⚠️ MQTT disconnected, reason: 7
✅ Connected to AWS IoT Core
⚠️ MQTT disconnected, reason: 7
⚠️ Not connected to MQTT, retrying...
✅ Connected to AWS IoT Core
⚠️ MQTT disconnected, reason: 7
⚠️ Not connected to MQTT, retrying...
✅ Connected to AWS IoT Core
⚠️ MQTT disconnected, reason: 7
✅ Connected to AWS IoT Core
⚠️ MQTT disconnected, reason: 7
⚠️ Not connected to MQTT, retrying...
✅ Connected to AWS IoT Core
⚠️ MQTT disconnected, reason: 7
⚠️ Not connected to MQTT, retrying...
✅ Connected to AWS IoT Core
⚠️ MQTT disconnected, reason: 7
⚠️ Not connected to MQTT, retrying...
✅ Connected to AWS IoT Core
⚠️ MQTT disconnected, reason: 7
✅ Connected to AWS IoT Core
⚠️ MQTT disconnected, reason: 7
⚠️ Not connected to MQTT, retrying...
✅ Connected to AWS IoT Core
⚠️ MQTT disconnected, reason: 7
⚠️ Not connected to MQTT, retrying...
✅ Connected to AWS IoT Core
⚠️ MQTT disconnected, reason: 7
⚠️ Not connected to MQTT, retrying...
✅ Connected to AWS IoT Core
⚠️ MQTT disconnected, reason: 7
✅ Connected to AWS IoT Core
⚠️ MQTT disconnected, reason: 7
✅ Connected to AWS IoT Core
⚠️ MQTT disconnected, reason: 7
⚠️ Not connected to MQTT, retrying...
✅ Connected to AWS IoT Core
⚠️ MQTT disconnected, reason: 7
⚠️ Not connected to MQTT, retrying...
✅ Connected to AWS IoT Core
⚠️ MQTT disconnected, reason: 7
⚠️ Not connected to MQTT, retrying...
✅ Connected to AWS IoT Core
⚠️ MQTT disconnected, reason: 7
✅ Connected to AWS IoT Core
⚠️ MQTT disconnected, reason: 7
⚠️ Not connected to MQTT, retrying...
✅ Connected to AWS IoT Core
⚠️ MQTT disconnected, reason: 7
⚠️ Not connected to MQTT, retrying...
✅ Connected to AWS IoT Core
⚠️ MQTT disconnected, reason: 7
⚠️ Not connected to MQTT, retrying...
✅ Connected to AWS IoT Core
⚠️ MQTT disconnected, reason: 7
✅ Connected to AWS IoT Core
⚠️ MQTT disconnected, reason: 7
⚠️ Not connected to MQTT, retrying...
✅ Connected to AWS IoT Core
⚠️ MQTT disconnected, reason: 7
⚠️ Not connected to MQTT, retrying...
✅ Connected to AWS IoT Core
⚠️ MQTT disconnected, reason: 7
✅ Connected to AWS IoT Core
⚠️ MQTT disconnected, reason: 7
⚠️ MQTT disconnected, reason: 7
✅ Connected to AWS IoT Core
⚠️ MQTT disconnected, reason: 7
⚠️ Not connected to MQTT, retrying...
✅ Connected to AWS IoT Core
⚠️ MQTT disconnected, reason: 7
⚠️ Not connected to MQTT, retrying...
✅ Connected to AWS IoT Core
⚠️ MQTT disconnected, reason: 7
⚠️ MQTT disconnected, reason: 7
✅ Connected to AWS IoT Core
⚠️ MQTT disconnected, reason: 7
✅ Connected to AWS IoT Core
⚠️ MQTT disconnected, reason: 7
⚠️ Not connected to MQTT, retrying...
✅ Connected to AWS IoT Core
⚠️ MQTT disconnected, reason: 7
⚠️ Not connected to MQTT, retrying...
✅ Connected to AWS IoT Core
⚠️ MQTT disconnected, reason: 7
⚠️ Not connected to MQTT, retrying...
✅ Connected to AWS IoT Core
⚠️ MQTT disconnected, reason: 7
⚠️ Not connected to MQTT, retrying...
✅ Connected to AWS IoT Core
⚠️ MQTT disconnected, reason: 7
⚠️ Not connected to MQTT, retrying...
✅ Connected to AWS IoT Core
⚠️ MQTT disconnected, reason: 7
⚠️ Not connected to MQTT, retrying...
✅ Connected to AWS IoT Core
⚠️ MQTT disconnected, reason: 7
⚠️ Not connected to MQTT, retrying...
✅ Connected to AWS IoT Core
⚠️ MQTT disconnected, reason: 7
✅ Connected to AWS IoT Core
⚠️ MQTT disconnected, reason: 7
✅ Connected to AWS IoT Core
⚠️ MQTT disconnected, reason: 7
⚠️ Not connected to MQTT, retrying...
✅ Connected to AWS IoT Core
⚠️ MQTT disconnected, reason: 7
⚠️ Not connected to MQTT, retrying...
✅ Connected to AWS IoT Core
⚠️ MQTT disconnected, reason: 7
⚠️ Not connected to MQTT, retrying...
✅ Connected to AWS IoT Core
⚠️ MQTT disconnected, reason: 7
✅ Connected to AWS IoT Core
⚠️ MQTT disconnected, reason: 7
✅ Connected to AWS IoT Core
⚠️ MQTT disconnected, reason: 7
✅ Connected to AWS IoT Core
⚠️ MQTT disconnected, reason: 7
⚠️ Not connected to MQTT, retrying...
⚠️ MQTT disconnected, reason: 7
✅ Connected to AWS IoT Core
⚠️ MQTT disconnected, reason: 7
⚠️ Not connected to MQTT, retrying...
✅ Connected to AWS IoT Core
⚠️ MQTT disconnected, reason: 7
⚠️ Not connected to MQTT, retrying...
✅ Connected to AWS IoT Core
⚠️ MQTT disconnected, reason: 7
⚠️ Not connected to MQTT, retrying...
✅ Connected to AWS IoT Core
⚠️ MQTT disconnected, reason: 7
⚠️ Not connected to MQTT, retrying...
✅ Connected to AWS IoT Core
⚠️ MQTT disconnected, reason: 7
⚠️ Not connected to MQTT, retrying...
✅ Connected to AWS IoT Core
⚠️ MQTT disconnected, reason: 7
⚠️ Not connected to MQTT, retrying...
⚠️ MQTT disconnected, reason: 7
✅ Connected to AWS IoT Core
✅ Connected to AWS IoT Core
⚠️ MQTT disconnected, reason: 7
⚠️ Not connected to MQTT, retrying...
✅ Connected to AWS IoT Core
⚠️ MQTT disconnected, reason: 7
⚠️ Not connected to MQTT, retrying...
✅ Connected to AWS IoT Core
⚠️ MQTT disconnected, reason: 7
⚠️ Not connected to MQTT, retrying...
✅ Connected to AWS IoT Core
⚠️ MQTT disconnected, reason: 7
⚠️ Not connected to MQTT, retrying...
✅ Connected to AWS IoT Core
⚠️ MQTT disconnected, reason: 7
✅ Connected to AWS IoT Core
⚠️ MQTT disconnected, reason: 7
⚠️ Not connected to MQTT, retrying...
✅ Connected to AWS IoT Core
⚠️ MQTT disconnected, reason: 7
⚠️ Not connected to MQTT, retrying...
✅ Connected to AWS IoT Core
⚠️ MQTT disconnected, reason: 7
✅ Connected to AWS IoT Core
⚠️ MQTT disconnected, reason: 7
⚠️ Not connected to MQTT, retrying...
✅ Connected to AWS IoT Core
⚠️ MQTT disconnected, reason: 7
⚠️ Not connected to MQTT, retrying...
✅ Connected to AWS IoT Core
⚠️ MQTT disconnected, reason: 7
⚠️ Not connected to MQTT, retrying...
✅ Connected to AWS IoT Core
⚠️ MQTT disconnected, reason: 7
⚠️ Not connected to MQTT, retrying...
✅ Connected to AWS IoT Core
⚠️ MQTT disconnected, reason: 7
⚠️ Not connected to MQTT, retrying...
✅ Connected to AWS IoT Core
✅ Connected to AWS IoT Core
⚠️ MQTT disconnected, reason: 7
✅ Connected to AWS IoT Core
⚠️ MQTT disconnected, reason: 7
✅ Connected to AWS IoT Core
⚠️ MQTT disconnected, reason: 7
⚠️ Not connected to MQTT, retrying...
❌ MQTT connect failed: [Errno -3] Temporary failure in name resolution
❌ MQTT connect failed: [Errno -3] Temporary failure in name resolution
❌ MQTT connect failed: [Errno -3] Temporary failure in name resolution
❌ MQTT connect failed: [Errno -3] Temporary failure in name resolution
❌ MQTT connect failed: [Errno -3] Temporary failure in name resolution
✅ Connected to AWS IoT Core
⚠️ MQTT disconnected, reason: 7
✅ Connected to AWS IoT Core
⚠️ MQTT disconnected, reason: 7
⚠️ Not connected to MQTT, retrying...
✅ Connected to AWS IoT Core
⚠️ MQTT disconnected, reason: 7
⚠️ Not connected to MQTT, retrying...
✅ Connected to AWS IoT Core
⚠️ MQTT disconnected, reason: 7
✅ Connected to AWS IoT Core
⚠️ MQTT disconnected, reason: 7
✅ Connected to AWS IoT Core
⚠️ MQTT disconnected, reason: 7
⚠️ Not connected to MQTT, retrying...
✅ Connected to AWS IoT Core
⚠️ MQTT disconnected, reason: 7
⚠️ Not connected to MQTT, retrying...
✅ Connected to AWS IoT Core
⚠️ MQTT disconnected, reason: 7
✅ Connected to AWS IoT Core
⚠️ MQTT disconnected, reason: 7
⚠️ Not connected to MQTT, retrying...
✅ Connected to AWS IoT Core
⚠️ MQTT disconnected, reason: 7
✅ Connected to AWS IoT Core
⚠️ MQTT disconnected, reason: 7
⚠️ Not connected to MQTT, retrying...
✅ Connected to AWS IoT Core
⚠️ MQTT disconnected, reason: 7
⚠️ Not connected to MQTT, retrying...
✅ Connected to AWS IoT Core
⚠️ MQTT disconnected, reason: 7
⚠️ Not connected to MQTT, retrying...
✅ Connected to AWS IoT Core
⚠️ MQTT disconnected, reason: 7
✅ Connected to AWS IoT Core
⚠️ MQTT disconnected, reason: 7
✅ Connected to AWS IoT Core
⚠️ MQTT disconnected, reason: 7
✅ Connected to AWS IoT Core
⚠️ MQTT disconnected, reason: 7
✅ Connected to AWS IoT Core
✅ Connected to AWS IoT Core
⚠️ MQTT disconnected, reason: 7
⚠️ Not connected to MQTT, retrying...
✅ Connected to AWS IoT Core
⚠️ MQTT disconnected, reason: 7
⚠️ Not connected to MQTT, retrying...
✅ Connected to AWS IoT Core
⚠️ MQTT disconnected, reason: 7
⚠️ Not connected to MQTT, retrying...
✅ Connected to AWS IoT Core
⚠️ MQTT disconnected, reason: 7
⚠️ Not connected to MQTT, retrying...
✅ Connected to AWS IoT Core
✅ Connected to AWS IoT Core
⚠️ MQTT disconnected, reason: 7
⚠️ Not connected to MQTT, retrying...
✅ Connected to AWS IoT Core
⚠️ MQTT disconnected, reason: 7
⚠️ Not connected to MQTT, retrying...
✅ Connected to AWS IoT Core
⚠️ MQTT disconnected, reason: 7
⚠️ Not connected to MQTT, retrying...
✅ Connected to AWS IoT Core
⚠️ MQTT disconnected, reason: 7
⚠️ Not connected to MQTT, retrying...
✅ Connected to AWS IoT Core
⚠️ MQTT disconnected, reason: 7
⚠️ Not connected to MQTT, retrying...
✅ Connected to AWS IoT Core
⚠️ MQTT disconnected, reason: 7
⚠️ Not connected to MQTT, retrying...
✅ Connected to AWS IoT Core
⚠️ MQTT disconnected, reason: 7
⚠️ Not connected to MQTT, retrying...
✅ Connected to AWS IoT Core
⚠️ MQTT disconnected, reason: 7
✅ Connected to AWS IoT Core
⚠️ MQTT disconnected, reason: 7
⚠️ Not connected to MQTT, retrying...
✅ Connected to AWS IoT Core
⚠️ MQTT disconnected, reason: 7
⚠️ Not connected to MQTT, retrying...
✅ Connected to AWS IoT Core
⚠️ MQTT disconnected, reason: 7
⚠️ Not connected to MQTT, retrying...
✅ Connected to AWS IoT Core
⚠️ MQTT disconnected, reason: 7
⚠️ Not connected to MQTT, retrying...
✅ Connected to AWS IoT Core
⚠️ MQTT disconnected, reason: 7
✅ Connected to AWS IoT Core
⚠️ MQTT disconnected, reason: 7
⚠️ Not connected to MQTT, retrying...
✅ Connected to AWS IoT Core
⚠️ MQTT disconnected, reason: 7
⚠️ Not connected to MQTT, retrying...
✅ Connected to AWS IoT Core
⚠️ MQTT disconnected, reason: 7
⚠️ Not connected to MQTT, retrying...
✅ Connected to AWS IoT Core
⚠️ MQTT disconnected, reason: 7
✅ Connected to AWS IoT Core
⚠️ MQTT disconnected, reason: 7
⚠️ Not connected to MQTT, retrying...
✅ Connected to AWS IoT Core
⚠️ MQTT disconnected, reason: 7
⚠️ MQTT disconnected, reason: 7
✅ Connected to AWS IoT Core
⚠️ MQTT disconnected, reason: 7
✅ Connected to AWS IoT Core
⚠️ MQTT disconnected, reason: 7
✅ Connected to AWS IoT Core
⚠️ MQTT disconnected, reason: 7
⚠️ MQTT disconnected, reason: 7
✅ Connected to AWS IoT Core
⚠️ MQTT disconnected, reason: 7
✅ Connected to AWS IoT Core
⚠️ MQTT disconnected, reason: 7
✅ Connected to AWS IoT Core
⚠️ MQTT disconnected, reason: 7
✅ Connected to AWS IoT Core
⚠️ MQTT disconnected, reason: 7
⚠️ Not connected to MQTT, retrying...
✅ Connected to AWS IoT Core
⚠️ MQTT disconnected, reason: 7
⚠️ Not connected to MQTT, retrying...
✅ Connected to AWS IoT Core
⚠️ MQTT disconnected, reason: 7
⚠️ Not connected to MQTT, retrying...
✅ Connected to AWS IoT Core
⚠️ MQTT disconnected, reason: 7
✅ Connected to AWS IoT Core
⚠️ MQTT disconnected, reason: 7
⚠️ Not connected to MQTT, retrying...
✅ Connected to AWS IoT Core
⚠️ MQTT disconnected, reason: 7
⚠️ Not connected to MQTT, retrying...
✅ Connected to AWS IoT Core
⚠️ MQTT disconnected, reason: 7
⚠️ Not connected to MQTT, retrying...
⚠️ MQTT disconnected, reason: 7
✅ Connected to AWS IoT Core
⚠️ MQTT disconnected, reason: 7
✅ Connected to AWS IoT Core
⚠️ MQTT disconnected, reason: 7
✅ Connected to AWS IoT Core
⚠️ MQTT disconnected, reason: 7
⚠️ Not connected to MQTT, retrying...
✅ Connected to AWS IoT Core
⚠️ MQTT disconnected, reason: 7
⚠️ Not connected to MQTT, retrying...
✅ Connected to AWS IoT Core
⚠️ MQTT disconnected, reason: 7
⚠️ Not connected to MQTT, retrying...
✅ Connected to AWS IoT Core
⚠️ MQTT disconnected, reason: 7
✅ Connected to AWS IoT Core
⚠️ MQTT disconnected, reason: 7
⚠️ MQTT disconnected, reason: 7
✅ Connected to AWS IoT Core
⚠️ MQTT disconnected, reason: 7
⚠️ Not connected to MQTT, retrying...
✅ Connected to AWS IoT Core
⚠️ MQTT disconnected, reason: 7
⚠️ Not connected to MQTT, retrying...
✅ Connected to AWS IoT Core
✅ Connected to AWS IoT Core
⚠️ MQTT disconnected, reason: 7
⚠️ Not connected to MQTT, retrying...
✅ Connected to AWS IoT Core
⚠️ MQTT disconnected, reason: 7
✅ Connected to AWS IoT Core
⚠️ MQTT disconnected, reason: 7
⚠️ Not connected to MQTT, retrying...
✅ Connected to AWS IoT Core
⚠️ MQTT disconnected, reason: 7
⚠️ Not connected to MQTT, retrying...
✅ Connected to AWS IoT Core
⚠️ MQTT disconnected, reason: 7
✅ Connected to AWS IoT Core
⚠️ MQTT disconnected, reason: 7
✅ Connected to AWS IoT Core
⚠️ MQTT disconnected, reason: 7
✅ Connected to AWS IoT Core
⚠️ MQTT disconnected, reason: 7
✅ Connected to AWS IoT Core
⚠️ MQTT disconnected, reason: 7
⚠️ Not connected to MQTT, retrying...
✅ Connected to AWS IoT Core
⚠️ MQTT disconnected, reason: 7
✅ Connected to AWS IoT Core
⚠️ MQTT disconnected, reason: 7
⚠️ Not connected to MQTT, retrying...
✅ Connected to AWS IoT Core
⚠️ MQTT disconnected, reason: 7
⚠️ Not connected to MQTT, retrying...
✅ Connected to AWS IoT Core
⚠️ MQTT disconnected, reason: 7
⚠️ Not connected to MQTT, retrying...
✅ Connected to AWS IoT Core
⚠️ MQTT disconnected, reason: 7
⚠️ Not connected to MQTT, retrying...
✅ Connected to AWS IoT Core
⚠️ MQTT disconnected, reason: 7
✅ Connected to AWS IoT Core
⚠️ MQTT disconnected, reason: 7
⚠️ Not connected to MQTT, retrying...
✅ Connected to AWS IoT Core
⚠️ MQTT disconnected, reason: 7
⚠️ Not connected to MQTT, retrying...
✅ Connected to AWS IoT Core
⚠️ MQTT disconnected, reason: 7
⚠️ Not connected to MQTT, retrying...
✅ Connected to AWS IoT Core
⚠️ MQTT disconnected, reason: 7
✅ Connected to AWS IoT Core
⚠️ MQTT disconnected, reason: 7
⚠️ Not connected to MQTT, retrying...
✅ Connected to AWS IoT Core
⚠️ MQTT disconnected, reason: 7
⚠️ Not connected to MQTT, retrying...
✅ Connected to AWS IoT Core
⚠️ MQTT disconnected, reason: 7
⚠️ Not connected to MQTT, retrying...
✅ Connected to AWS IoT Core
⚠️ MQTT disconnected, reason: 7
⚠️ Not connected to MQTT, retrying...
⚠️ MQTT disconnected, reason: 7
✅ Connected to AWS IoT Core
⚠️ MQTT disconnected, reason: 7
✅ Connected to AWS IoT Core
⚠️ MQTT disconnected, reason: 7
✅ Connected to AWS IoT Core
⚠️ MQTT disconnected, reason: 7
✅ Connected to AWS IoT Core
⚠️ MQTT disconnected, reason: 7
⚠️ Not connected to MQTT, retrying...
✅ Connected to AWS IoT Core
⚠️ MQTT disconnected, reason: 7
⚠️ Not connected to MQTT, retrying...
✅ Connected to AWS IoT Core
⚠️ MQTT disconnected, reason: 7
⚠️ Not connected to MQTT, retrying...
✅ Connected to AWS IoT Core
⚠️ MQTT disconnected, reason: 7
✅ Connected to AWS IoT Core
⚠️ MQTT disconnected, reason: 7
⚠️ Not connected to MQTT, retrying...
✅ Connected to AWS IoT Core
⚠️ MQTT disconnected, reason: 7
⚠️ Not connected to MQTT, retrying...
✅ Connected to AWS IoT Core
⚠️ MQTT disconnected, reason: 7
⚠️ Not connected to MQTT, retrying...
✅ Connected to AWS IoT Core
⚠️ MQTT disconnected, reason: 7
⚠️ Not connected to MQTT, retrying...
✅ Connected to AWS IoT Core
⚠️ MQTT disconnected, reason: 7
✅ Connected to AWS IoT Core
⚠️ MQTT disconnected, reason: 7
⚠️ Not connected to MQTT, retrying...
✅ Connected to AWS IoT Core
⚠️ MQTT disconnected, reason: 7
⚠️ Not connected to MQTT, retrying...
✅ Connected to AWS IoT Core
⚠️ MQTT disconnected, reason: 7
⚠️ Not connected to MQTT, retrying...
✅ Connected to AWS IoT Core
⚠️ MQTT disconnected, reason: 7
⚠️ Not connected to MQTT, retrying...
✅ Connected to AWS IoT Core
⚠️ MQTT disconnected, reason: 7
⚠️ Not connected to MQTT, retrying...
✅ Connected to AWS IoT Core
⚠️ MQTT disconnected, reason: 7
⚠️ Not connected to MQTT, retrying...
✅ Connected to AWS IoT Core
⚠️ MQTT disconnected, reason: 7
⚠️ Not connected to MQTT, retrying...
✅ Connected to AWS IoT Core
⚠️ MQTT disconnected, reason: 7
⚠️ Not connected to MQTT, retrying...
✅ Connected to AWS IoT Core
⚠️ MQTT disconnected, reason: 7
⚠️ Not connected to MQTT, retrying...
✅ Connected to AWS IoT Core
⚠️ MQTT disconnected, reason: 7
✅ Connected to AWS IoT Core
⚠️ MQTT disconnected, reason: 7
⚠️ Not connected to MQTT, retrying...
✅ Connected to AWS IoT Core
⚠️ MQTT disconnected, reason: 7
⚠️ Not connected to MQTT, retrying...
✅ Connected to AWS IoT Core
⚠️ MQTT disconnected, reason: 7
⚠️ Not connected to MQTT, retrying...
✅ Connected to AWS IoT Core
⚠️ MQTT disconnected, reason: 7
⚠️ Not connected to MQTT, retrying...
✅ Connected to AWS IoT Core
⚠️ MQTT disconnected, reason: 7
✅ Connected to AWS IoT Core
⚠️ MQTT disconnected, reason: 7
✅ Connected to AWS IoT Core
⚠️ MQTT disconnected, reason: 7
⚠️ Not connected to MQTT, retrying...
✅ Connected to AWS IoT Core
⚠️ MQTT disconnected, reason: 7
✅ Connected to AWS IoT Core
⚠️ MQTT disconnected, reason: 7
⚠️ Not connected to MQTT, retrying...
✅ Connected to AWS IoT Core
⚠️ MQTT disconnected, reason: 7
⚠️ Not connected to MQTT, retrying...
✅ Connected to AWS IoT Core
⚠️ MQTT disconnected, reason: 7
⚠️ Not connected to MQTT, retrying...
✅ Connected to AWS IoT Core
⚠️ MQTT disconnected, reason: 7
⚠️ Not connected to MQTT, retrying...
✅ Connected to AWS IoT Core
⚠️ MQTT disconnected, reason: 7
⚠️ Not connected to MQTT, retrying...
✅ Connected to AWS IoT Core
⚠️ MQTT disconnected, reason: 7
⚠️ Not connected to MQTT, retrying...
✅ Connected to AWS IoT Core
⚠️ MQTT disconnected, reason: 7
✅ Connected to AWS IoT Core
⚠️ MQTT disconnected, reason: 7
✅ Connected to AWS IoT Core
⚠️ MQTT disconnected, reason: 7
⚠️ Not connected to MQTT, retrying...
✅ Connected to AWS IoT Core
⚠️ MQTT disconnected, reason: 7
⚠️ Not connected to MQTT, retrying...
✅ Connected to AWS IoT Core
⚠️ MQTT disconnected, reason: 7
⚠️ Not connected to MQTT, retrying...
✅ Connected to AWS IoT Core
⚠️ MQTT disconnected, reason: 7
✅ Connected to AWS IoT Core
⚠️ MQTT disconnected, reason: 7
⚠️ Not connected to MQTT, retrying...
✅ Connected to AWS IoT Core
⚠️ MQTT disconnected, reason: 7
⚠️ Not connected to MQTT, retrying...
✅ Connected to AWS IoT Core
⚠️ MQTT disconnected, reason: 7
⚠️ Not connected to MQTT, retrying...
✅ Connected to AWS IoT Core
✅ Connected to AWS IoT Core
⚠️ MQTT disconnected, reason: 7
⚠️ Not connected to MQTT, retrying...
✅ Connected to AWS IoT Core
⚠️ MQTT disconnected, reason: 7
✅ Connected to AWS IoT Core
⚠️ MQTT disconnected, reason: 7
✅ Connected to AWS IoT Core
⚠️ MQTT disconnected, reason: 7
⚠️ Not connected to MQTT, retrying...
✅ Connected to AWS IoT Core
⚠️ MQTT disconnected, reason: 7
⚠️ Not connected to MQTT, retrying...
✅ Connected to AWS IoT Core
⚠️ MQTT disconnected, reason: 7
⚠️ Not connected to MQTT, retrying...
✅ Connected to AWS IoT Core
⚠️ MQTT disconnected, reason: 7
⚠️ Not connected to MQTT, retrying...
✅ Connected to AWS IoT Core
⚠️ MQTT disconnected, reason: 7
⚠️ Not connected to MQTT, retrying...
✅ Connected to AWS IoT Core
⚠️ MQTT disconnected, reason: 7
⚠️ Not connected to MQTT, retrying...
✅ Connected to AWS IoT Core
⚠️ MQTT disconnected, reason: 7
✅ Connected to AWS IoT Core
✅ Connected to AWS IoT Core
⚠️ MQTT disconnected, reason: 7
⚠️ Not connected to MQTT, retrying...
✅ Connected to AWS IoT Core
⚠️ MQTT disconnected, reason: 7
⚠️ Not connected to MQTT, retrying...
✅ Connected to AWS IoT Core
⚠️ MQTT disconnected, reason: 7
⚠️ Not connected to MQTT, retrying...
✅ Connected to AWS IoT Core
⚠️ MQTT disconnected, reason: 7
⚠️ Not connected to MQTT, retrying...
✅ Connected to AWS IoT Core
⚠️ MQTT disconnected, reason: 7
⚠️ Not connected to MQTT, retrying...
✅ Connected to AWS IoT Core
⚠️ MQTT disconnected, reason: 7
✅ Connected to AWS IoT Core
⚠️ MQTT disconnected, reason: 7
✅ Connected to AWS IoT Core
⚠️ MQTT disconnected, reason: 7
⚠️ Not connected to MQTT, retrying...
✅ Connected to AWS IoT Core
⚠️ MQTT disconnected, reason: 7
⚠️ Not connected to MQTT, retrying...
✅ Connected to AWS IoT Core
⚠️ MQTT disconnected, reason: 7
✅ Connected to AWS IoT Core
⚠️ MQTT disconnected, reason: 7
✅ Connected to AWS IoT Core
⚠️ MQTT disconnected, reason: 7
✅ Connected to AWS IoT Core
⚠️ MQTT disconnected, reason: 7
✅ Connected to AWS IoT Core
⚠️ MQTT disconnected, reason: 7
⚠️ Not connected to MQTT, retrying...
✅ Connected to AWS IoT Core
⚠️ MQTT disconnected, reason: 7
✅ Connected to AWS IoT Core
⚠️ MQTT disconnected, reason: 7
⚠️ Not connected to MQTT, retrying...
✅ Connected to AWS IoT Core
⚠️ MQTT disconnected, reason: 7
⚠️ Not connected to MQTT, retrying...
✅ Connected to AWS IoT Core
⚠️ MQTT disconnected, reason: 7
⚠️ Not connected to MQTT, retrying...
✅ Connected to AWS IoT Core
⚠️ MQTT disconnected, reason: 7
⚠️ Not connected to MQTT, retrying...
✅ Connected to AWS IoT Core
✅ Connected to AWS IoT Core
⚠️ MQTT disconnected, reason: 7
✅ Connected to AWS IoT Core
⚠️ MQTT disconnected, reason: 7
✅ Connected to AWS IoT Core
⚠️ MQTT disconnected, reason: 7
⚠️ Not connected to MQTT, retrying...
✅ Connected to AWS IoT Core
⚠️ MQTT disconnected, reason: 7
⚠️ Not connected to MQTT, retrying...
✅ Connected to AWS IoT Core
⚠️ MQTT disconnected, reason: 7
✅ Connected to AWS IoT Core
⚠️ MQTT disconnected, reason: 7
⚠️ Not connected to MQTT, retrying...
✅ Connected to AWS IoT Core
⚠️ MQTT disconnected, reason: 7
⚠️ Not connected to MQTT, retrying...
✅ Connected to AWS IoT Core
⚠️ MQTT disconnected, reason: 7
⚠️ Not connected to MQTT, retrying...
✅ Connected to AWS IoT Core
⚠️ MQTT disconnected, reason: 7
⚠️ Not connected to MQTT, retrying...
✅ Connected to AWS IoT Core
⚠️ MQTT disconnected, reason: 7
✅ Connected to AWS IoT Core
⚠️ MQTT disconnected, reason: 7
✅ Connected to AWS IoT Core
⚠️ MQTT disconnected, reason: 7
✅ Connected to AWS IoT Core
✅ Connected to AWS IoT Core
⚠️ MQTT disconnected, reason: 7
⚠️ Not connected to MQTT, retrying...
✅ Connected to AWS IoT Core
⚠️ MQTT disconnected, reason: 7
⚠️ Not connected to MQTT, retrying...
✅ Connected to AWS IoT Core
⚠️ MQTT disconnected, reason: 7
⚠️ Not connected to MQTT, retrying...
✅ Connected to AWS IoT Core
⚠️ MQTT disconnected, reason: 7
⚠️ Not connected to MQTT, retrying...
✅ Connected to AWS IoT Core
⚠️ MQTT disconnected, reason: 7
⚠️ Not connected to MQTT, retrying...
✅ Connected to AWS IoT Core
⚠️ MQTT disconnected, reason: 7
⚠️ Not connected to MQTT, retrying...
✅ Connected to AWS IoT Core
⚠️ MQTT disconnected, reason: 7
⚠️ Not connected to MQTT, retrying...
✅ Connected to AWS IoT Core
⚠️ MQTT disconnected, reason: 7
✅ Connected to AWS IoT Core
⚠️ MQTT disconnected, reason: 7
❌ MQTT connect failed: [Errno -3] Temporary failure in name resolution
❌ MQTT connect failed: [Errno -3] Temporary failure in name resolution
❌ MQTT connect failed: [Errno -3] Temporary failure in name resolution
❌ MQTT connect failed: [Errno -3] Temporary failure in name resolution
❌ MQTT connect failed: [Errno -3] Temporary failure in name resolution
❌ MQTT connect failed: [Errno -3] Temporary failure in name resolution
❌ MQTT connect failed: [Errno -3] Temporary failure in name resolution
❌ MQTT connect failed: [Errno -3] Temporary failure in name resolution
✅ Connected to AWS IoT Core
⚠️ MQTT disconnected, reason: 7
⚠️ Not connected to MQTT, retrying...
✅ Connected to AWS IoT Core
⚠️ MQTT disconnected, reason: 7
✅ Connected to AWS IoT Core
⚠️ MQTT disconnected, reason: 7
⚠️ Not connected to MQTT, retrying...
✅ Connected to AWS IoT Core
⚠️ MQTT disconnected, reason: 7
⚠️ Not connected to MQTT, retrying...
✅ Connected to AWS IoT Core
⚠️ MQTT disconnected, reason: 7
✅ Connected to AWS IoT Core
⚠️ MQTT disconnected, reason: 7
⚠️ Not connected to MQTT, retrying...
✅ Connected to AWS IoT Core
⚠️ MQTT disconnected, reason: 7
⚠️ Not connected to MQTT, retrying...
✅ Connected to AWS IoT Core
⚠️ MQTT disconnected, reason: 7
⚠️ Not connected to MQTT, retrying...
✅ Connected to AWS IoT Core
⚠️ MQTT disconnected, reason: 7
⚠️ Not connected to MQTT, retrying...
✅ Connected to AWS IoT Core
⚠️ MQTT disconnected, reason: 7
✅ Connected to AWS IoT Core
⚠️ MQTT disconnected, reason: 7
⚠️ MQTT disconnected, reason: 7
✅ Connected to AWS IoT Core
⚠️ MQTT disconnected, reason: 7
⚠️ Not connected to MQTT, retrying...
✅ Connected to AWS IoT Core
⚠️ MQTT disconnected, reason: 7
⚠️ Not connected to MQTT, retrying...
✅ Connected to AWS IoT Core
⚠️ MQTT disconnected, reason: 7
⚠️ Not connected to MQTT, retrying...
✅ Connected to AWS IoT Core
⚠️ MQTT disconnected, reason: 7
⚠️ Not connected to MQTT, retrying...
✅ Connected to AWS IoT Core
⚠️ MQTT disconnected, reason: 7
⚠️ Not connected to MQTT, retrying...
✅ Connected to AWS IoT Core
⚠️ MQTT disconnected, reason: 7
⚠️ Not connected to MQTT, retrying...
✅ Connected to AWS IoT Core
⚠️ MQTT disconnected, reason: 7
✅ Connected to AWS IoT Core
⚠️ MQTT disconnected, reason: 7
✅ Connected to AWS IoT Core
⚠️ MQTT disconnected, reason: 7
✅ Connected to AWS IoT Core
⚠️ MQTT disconnected, reason: 7
⚠️ Not connected to MQTT, retrying...
✅ Connected to AWS IoT Core
⚠️ MQTT disconnected, reason: 7
⚠️ Not connected to MQTT, retrying...
✅ Connected to AWS IoT Core
⚠️ MQTT disconnected, reason: 7
✅ Connected to AWS IoT Core
⚠️ MQTT disconnected, reason:/home/pi_123/data/src/pressure_project/system_upload.py:78: DeprecationWarning: Callback API version 1 is deprecated, update to latest version
  client = mqtt.Client(client_id=CLIENT_ID, protocol=mqtt.MQTTv311)
=== DEBUG START ===
DB exists: True
CA exists: True
CERT exists: True
KEY exists: True
=== DEBUG END ===
⚠️ Network not ready, waiting 5s...
⚠️ Network not ready, waiting 5s...
⚠️ Network not ready, waiting 5s...
⚠️ Network not ready, waiting 5s...
⚠️ Network not ready, waiting 5s...
⚠️ Network not ready, waiting 5s...
⚠️ Network not ready, waiting 5s...
⚠️ Network not ready, waiting 5s...
⚠️ Network not ready, waiting 5s...
⚠️ Network not ready, waiting 5s...
⚠️ Network not ready, waiting 5s...
⚠️ Network not ready, waiting 5s...
⚠️ Network not ready, waiting 5s...
⚠️ Network not ready, waiting 5s...
⚠️ Network not ready, waiting 5s...
⚠️ Network not ready, waiting 5s...
⚠️ Network not ready, waiting 5s...
⚠️ Network not ready, waiting 5s...
⚠️ Network not ready, waiting 5s...
⚠️ Network not ready, waiting 5s...
⚠️ Network not ready, waiting 5s...
⚠️ Network not ready, waiting 5s...
⚠️ Network not ready, waiting 5s...
⚠️ Network not ready, waiting 5s...
⚠️ Network not ready, waiting 5s...
⚠️ Network not ready, waiting 5s...
⚠️ Network not ready, waiting 5s...
⚠️ Network not ready, waiting 5s...
⚠️ Network not ready, waiting 5s...
⚠️ Network not ready, waiting 5s...
⚠️ Network not ready, waiting 5s...
⚠️ Network not ready, waiting 5s...
⚠️ Network not ready, waiting 5s...
⚠️ Network not ready, waiting 5s...
⚠️ Network not ready, waiting 5s...
⚠️ Network not ready, waiting 5s...
⚠️ Network not ready, waiting 5s...
⚠️ Network not ready, waiting 5s...
⚠️ Network not ready, waiting 5s...
⚠️ Network not ready, waiting 5s...
⚠️ Network not ready, waiting 5s...
⚠️ Network not ready, waiting 5s...
⚠️ Network not ready, waiting 5s...
⚠️ Network not ready, waiting 5s...
⚠️ Network not ready, waiting 5s...
⚠️ Network not ready, waiting 5s...
⚠️ Network not ready, waiting 5s...
⚠️ Network not ready, waiting 5s...
⚠️ Network not ready, waiting 5s...
⚠️ Network not ready, waiting 5s...
⚠️ Network not ready, waiting 5s...
⚠️ Network not ready, waiting 5s...
⚠️ Network not ready, waiting 5s...
⚠️ Network not ready, waiting 5s...
⚠️ Network not ready, waiting 5s...
⚠️ Network not ready, waiting 5s...
⚠️ Network not ready, waiting 5s...
⚠️ Network not ready, waiting 5s...
⚠️ Network not ready, waiting 5s...
⚠️ Network not ready, waiting 5s...
⚠️ Network not ready, waiting 5s...
⚠️ Network not ready, waiting 5s...
⚠️ Network not ready, waiting 5s...
⚠️ Network not ready, waiting 5s...
⚠️ Network not ready, waiting 5s...
⚠️ Network not ready, waiting 5s...
⚠️ Network not ready, waiting 5s...
⚠️ Network not ready, waiting 5s...
⚠️ Network not ready, waiting 5s...
⚠️ Network not ready, waiting 5s...
⚠️ Network not ready, waiting 5s...
⚠️ Network not ready, waiting 5s...
⚠️ Network not ready, waiting 5s...
⚠️ Network not ready, waiting 5s...
⚠️ Network not ready, waiting 5s...
⚠️ Network not ready, waiting 5s...
⚠️ Network not ready, waiting 5s...
⚠️ Network not ready, waiting 5s...
⚠️ Network not ready, waiting 5s...
⚠️ Network not ready, waiting 5s...
⚠️ Network not ready, waiting 5s...
⚠️ Network not ready, waiting 5s...
⚠️ Network not ready, waiting 5s...
⚠️ Network not ready, waiting 5s...
⚠️ Network not ready, waiting 5s...
⚠️ Network not ready, waiting 5s...
⚠️ Network not ready, waiting 5s...
⚠️ Network not ready, waiting 5s...
⚠️ Network not ready, waiting 5s...
⚠️ Network not ready, waiting 5s...
⚠️ Network not ready, waiting 5s...
⚠️ Network not ready, waiting 5s...
⚠️ Network not ready, waiting 5s...
⚠️ Network not ready, waiting 5s...
⚠️ Network not ready, waiting 5s...
⚠️ Network not ready, waiting 5s...
⚠️ Network not ready, waiting 5s...
⚠️ Network not ready, waiting 5s...
⚠️ Network not ready, waiting 5s...
⚠️ Network not ready, waiting 5s...
⚠️ Network not ready, waiting 5s...
⚠️ Network not ready, waiting 5s...
⚠️ Network not ready, waiting 5s...
⚠️ Network not ready, waiting 5s...
⚠️ Network not ready, waiting 5s...
⚠️ Network not ready, waiting 5s...
⚠️ Network not ready, waiting 5s...
⚠️ Network not ready, waiting 5s...
⚠️ Network not ready, waiting 5s...
⚠️ Network not ready, waiting 5s...
⚠️ Network not ready, waiting 5s...
⚠️ Network not ready, waiting 5s...
⚠️ Network not ready, waiting 5s...
⚠️ Network not ready, waiting 5s...
⚠️ Network not ready, waiting 5s...
⚠️ Network not ready, waiting 5s...
⚠️ Network not ready, waiting 5s...
⚠️ Network not ready, waiting 5s...
⚠️ Network not ready, waiting 5s...
⚠️ Network not ready, waiting 5s...
⚠️ Network not ready, waiting 5s...
⚠️ Network not ready, waiting 5s...
⚠️ Network not ready, waiting 5s...
⚠️ Network not ready, waiting 5s...
⚠️ Network not ready, waiting 5s...
⚠️ Network not ready, waiting 5s...
⚠️ Network not ready, waiting 5s...
⚠️ Network not ready, waiting 5s...
⚠️ Network not ready, waiting 5s...
⚠️ Network not ready, waiting 5s...
⚠️ Network not ready, waiting 5s...
✅ Connected to AWS IoT Core
⚠️ MQTT disconnected, reason: 7
✅ Connected to AWS IoT Core
✅ Uploaded | id=8784 BP=15072.0 FP=14993.0 CR=16608.0 BC=5043.0 timestamp="2026-02-10 09:26:00"
📤 AWS IoT Sent {'id': 8784, 'bp': 15072.0, 'fp': 14993.0, 'cr': 16608.0, 'bc': 5043.0, 'timestamp': '2026-02-10 09:26:00'}
✅ Uploaded | id=8785 BP=87.0 FP=14966.0 CR=16591.0 BC=5034.0 timestamp="2026-02-10 09:37:46"
📤 AWS IoT Sent {'id': 8785, 'bp': 87.0, 'fp': 14966.0, 'cr': 16591.0, 'bc': 5034.0, 'timestamp': '2026-02-10 09:37:46'}
✅ Uploaded | id=8786 BP=15069.0 FP=14962.0 CR=16604.0 BC=5036.0 timestamp="2026-02-10 09:37:51"
📤 AWS IoT Sent {'id': 8786, 'bp': 15069.0, 'fp': 14962.0, 'cr': 16604.0, 'bc': 5036.0, 'timestamp': '2026-02-10 09:37:51'}
✅ Uploaded | id=8787 BP=0.0 FP=0.0 CR=0.0 BC=0.0 timestamp="2026-02-10 09:40:17"
📤 AWS IoT Sent {'id': 8787, 'bp': 0.0, 'fp': 0.0, 'cr': 0.0, 'bc': 0.0, 'timestamp': '2026-02-10 09:40:17'}
⚠️ MQTT disconnected, reason: 7
⚠️ Not connected to MQTT, retrying...
✅ Connected to AWS IoT Core
✅ Connected to AWS IoT Core
⚠️ MQTT disconnected, reason: 7
⚠️ Not connected to MQTT, retrying...
✅ Connected to AWS IoT Core
✅ Connected to AWS IoT Core
⚠️ MQTT disconnected, reason: 7
⚠️ Not connected to MQTT, retrying...
✅ Connected to AWS IoT Core
⚠️ MQTT disconnected, reason: 7
✅ Connected to AWS IoT Core
✅ Connected to AWS IoT Core
⚠️ MQTT disconnected, reason: 7
⚠️ Not connected to MQTT, retrying...
✅ Connected to AWS IoT Core
✅ Connected to AWS IoT Core
⚠️ MQTT disconnected, reason: 7
⚠️ Not connected to MQTT, retrying...
✅ Connected to AWS IoT Core
✅ Connected to AWS IoT Core
⚠️ MQTT disconnected, reason: 7
⚠️ Not connected to MQTT, retrying...
✅ Connected to AWS IoT Core
⚠️ MQTT disconnected, reason: 7
⚠️ Not connected to MQTT, retrying...
✅ Connected to AWS IoT Core
⚠️ MQTT disconnected, reason: 7
✅ Connected to AWS IoT Core
⚠️ MQTT disconnected, reason: 7
✅ Connected to AWS IoT Core
⚠️ MQTT disconnected, reason: 7
✅ Connected to AWS IoT Core
⚠️ MQTT disconnected, reason: 7
⚠️ Not connected to MQTT, retrying...
✅ Connected to AWS IoT Core
✅ Connected to AWS IoT Core
⚠️ MQTT disconnected, reason: 7
⚠️ Not connected to MQTT, retrying...
✅ Connected to AWS IoT Core
⚠️ MQTT disconnected, reason: 7
✅ Connected to AWS IoT Core
⚠️ MQTT disconnected, reason: 7
⚠️ Not connected to MQTT, retrying...
✅ Connected to AWS IoT Core
⚠️ MQTT disconnected, reason: 7
✅ Connected to AWS IoT Core
⚠️ MQTT disconnected, reason: 7
✅ Connected to AWS IoT Core
⚠️ MQTT disconnected, reason: 7
⚠️ Not connected to MQTT, retrying...
✅ Connected to AWS IoT Core
⚠️ MQTT disconnected, reason: 7
✅ Connected to AWS IoT Core
⚠️ MQTT disconnected, reason: 7
✅ Connected to AWS IoT Core
✅ Connected to AWS IoT Core
⚠️ MQTT disconnected, reason: 7
⚠️ Not connected to MQTT, retrying...
✅ Connected to AWS IoT Core
⚠️ MQTT disconnected, reason: 7
✅ Connected to AWS IoT Core
⚠️ MQTT disconnected, reason: 7
✅ Connected to AWS IoT Core
⚠️ MQTT disconnected, reason: 7
⚠️ Not connected to MQTT, retrying...
✅ Connected to AWS IoT Core
⚠️ MQTT disconnected, reason: 7
✅ Connected to AWS IoT Core
✅ Connected to AWS IoT Core
⚠️ MQTT disconnected, reason: 7
⚠️ Not connected to MQTT, retrying...
✅ Connected to AWS IoT Core
✅ Connected to AWS IoT Core
⚠️ MQTT disconnected, reason: 7
⚠️ Not connected to MQTT, retrying...
✅ Connected to AWS IoT Core
⚠️ MQTT disconnected, reason: 7
✅ Connected to AWS IoT Core
⚠️ MQTT disconnected, reason: 7
✅ Connected to AWS IoT Core
⚠️ MQTT disconnected, reason: 7
✅ Connected to AWS IoT Core
⚠️ MQTT disconnected, reason: 7
⚠️ Not connected to MQTT, retrying...
✅ Connected to AWS IoT Core
✅ Connected to AWS IoT Core
⚠️ MQTT disconnected, reason: 7
⚠️ Not connected to MQTT, retrying...
✅ Connected to AWS IoT Core
✅ Connected to AWS IoT Core
⚠️ MQTT disconnected, reason: 7
⚠️ Not connected to MQTT, retrying...
✅ Connected to AWS IoT Core
⚠️ MQTT disconnected, reason: 7
✅ Connected to AWS IoT Core
⚠️ MQTT disconnected, reason: 7
⚠️ Not connected to MQTT, retrying...
✅ Connected to AWS IoT Core
✅ Connected to AWS IoT Core
⚠️ MQTT disconnected, reason: 7
⚠️ Not connected to MQTT, retrying...
✅ Connected to AWS IoT Core
⚠️ MQTT disconnected, reason: 7
✅ Connected to AWS IoT Core
⚠️ MQTT disconnected, reason: 7
⚠️ Not connected to MQTT, retrying...
✅ Connected to AWS IoT Core
⚠️ MQTT disconnected, reason: 7
✅ Connected to AWS IoT Core
⚠️ MQTT disconnected, reason: 7
✅ Connected to AWS IoT Core
⚠️ MQTT disconnected, reason: 7
⚠️ MQTT disconnected, reason: 7
✅ Connected to AWS IoT Core
⚠️ MQTT disconnected, reason: 7
✅ Connected to AWS IoT Core
⚠️ MQTT disconnected, reason: 7
✅ Connected to AWS IoT Core
✅ Connected to AWS IoT Core
⚠️ MQTT disconnected, reason: 7
⚠️ Not connected to MQTT, retrying...
✅ Connected to AWS IoT Core
✅ Connected to AWS IoT Core
⚠️ MQTT disconnected, reason: 7
⚠️ Not connected to MQTT, retrying...
✅ Connected to AWS IoT Core
⚠️ MQTT disconnected, reason: 7
✅ Connected to AWS IoT Core
⚠️ MQTT disconnected, reason: 7
✅ Connected to AWS IoT Core
✅ Connected to AWS IoT Core
⚠️ MQTT disconnected, reason: 7
⚠️ Not connected to MQTT, retrying...
✅ Connected to AWS IoT Core
✅ Connected to AWS IoT Core
⚠️ MQTT disconnected, reason: 7
⚠️ Not connected to MQTT, retrying...
✅ Connected to AWS IoT Core
✅ Connected to AWS IoT Core
⚠️ MQTT disconnected, reason: 7
⚠️ Not connected to MQTT, retrying...
✅ Connected to AWS IoT Core
⚠️ MQTT disconnected, reason: 7
✅ Connected to AWS IoT Core
⚠️ MQTT disconnected, reason: 7
✅ Connected to AWS IoT Core
✅ Connected to AWS IoT Core
⚠️ MQTT disconnected, reason: 7
⚠️ Not connected to MQTT, retrying...
✅ Connected to AWS IoT Core
⚠️ MQTT disconnected, reason: 7
✅ Connected to AWS IoT Core
⚠️ MQTT disconnected, reason: 7
✅ Connected to AWS IoT Core
⚠️ MQTT disconnected, reason: 7
⚠️ Not connected to MQTT, retrying...
✅ Connected to AWS IoT Core
⚠️ MQTT disconnected, reason: 7
✅ Connected to AWS IoT Core
⚠️ MQTT disconnected, reason: 7
✅ Connected to AWS IoT Core
⚠️ MQTT disconnected, reason: 7
✅ Connected to AWS IoT Core
⚠️ MQTT disconnected, reason: 7
⚠️ Not connected to MQTT, retrying...
✅ Connected to AWS IoT Core
✅ Connected to AWS IoT Core
⚠️ MQTT disconnected, reason: 7
⚠️ Not connected to MQTT, retrying...
✅ Connected to AWS IoT Core
⚠️ MQTT disconnected, reason: 7
⚠️ MQTT disconnected, reason: 7
✅ Connected to AWS IoT Core
⚠️ MQTT disconnected, reason: 7
⚠️ Not connected to MQTT, retrying...
✅ Connected to AWS IoT Core
✅ Connected to AWS IoT Core
⚠️ MQTT disconnected, reason: 7
⚠️ Not connected to MQTT, retrying...
✅ Connected to AWS IoT Core
✅ Connected to AWS IoT Core
⚠️ MQTT disconnected, reason: 7
⚠️ Not connected to MQTT, retrying...
✅ Connected to AWS IoT Core
✅ Connected to AWS IoT Core
⚠️ MQTT disconnected, reason: 7
⚠️ Not connected to MQTT, retrying...
✅ Connected to AWS IoT Core
✅ Connected to AWS IoT Core
⚠️ MQTT disconnected, reason: 7
⚠️ Not connected to MQTT, retrying...
⚠️ MQTT disconnected, reason: 7
✅ Connected to AWS IoT Core
⚠️ MQTT disconnected, reason: 7
✅ Connected to AWS IoT Core
⚠️ MQTT disconnected, reason: 7
✅ Connected to AWS IoT Core
⚠️ MQTT disconnected, reason: 7
⚠️ Not connected to MQTT, retrying...
✅ Connected to AWS IoT Core
✅ Connected to AWS IoT Core
⚠️ MQTT disconnected, reason: 7
⚠️ Not connected to MQTT, retrying...
✅ Connected to AWS IoT Core
✅ Connected to AWS IoT Core
⚠️ MQTT disconnected, reason: 7
⚠️ Not connected to MQTT, retrying...
✅ Connected to AWS IoT Core
⚠️ MQTT disconnected, reason: 7
✅ Connected to AWS IoT Core
⚠️ MQTT disconnected, reason: 7
✅ Connected to AWS IoT Core
⚠️ MQTT disconnected, reason: 7
✅ Connected to AWS IoT Core
⚠️ MQTT disconnected, reason: 7
✅ Connected to AWS IoT Core
⚠️ MQTT disconnected, reason: 7
✅ Connected to AWS IoT Core
⚠️ MQTT disconnected, reason: 7
✅ Connected to AWS IoT Core
✅ Connected to AWS IoT Core
⚠️ MQTT disconnected, reason: 7
⚠️ Not connected to MQTT, retrying...
✅ Connected to AWS IoT Core
✅ Connected to AWS IoT Core
⚠️ MQTT disconnected, reason: 7
⚠️ Not connected to MQTT, retrying...
✅ Connected to AWS IoT Core
⚠️ MQTT disconnected, reason: 7
✅ Connected to AWS IoT Core
⚠️ MQTT disconnected, reason: 7
✅ Connected to AWS IoT Core
✅ Connected to AWS IoT Core
⚠️ MQTT disconnected, reason: 7
⚠️ Not connected to MQTT, retrying...
✅ Connected to AWS IoT Core
⚠️ MQTT disconnected, reason: 7
✅ Connected to AWS IoT Core
✅ Connected to AWS IoT Core
⚠️ MQTT disconnected, reason: 7
⚠️ Not connected to MQTT, retrying...
✅ Connected to AWS IoT Core
⚠️ MQTT disconnected, reason: 7
⚠️ MQTT disconnected, reason: 7
✅ Connected to AWS IoT Core
⚠️ MQTT disconnected, reason: 7
⚠️ MQTT disconnected, reason: 7
✅ Connected to AWS IoT Core
⚠️ MQTT disconnected, reason: 7
✅ Connected to AWS IoT Core
✅ Connected to AWS IoT Core
⚠️ MQTT disconnected, reason: 7
⚠️ Not connected to MQTT, retrying...
✅ Connected to AWS IoT Core
⚠️ MQTT disconnected, reason: 7
⚠️ Not connected to MQTT, retrying...
✅ Connected to AWS IoT Core
⚠️ MQTT disconnected, reason: 7
✅ Connected to AWS IoT Core
⚠️ MQTT disconnected, reason: 7
✅ Connected to AWS IoT Core
⚠️ MQTT disconnected, reason: 7
⚠️ Not connected to MQTT, retrying...
✅ Connected to AWS IoT Core
✅ Connected to AWS IoT Core
⚠️ MQTT disconnected, reason: 7
⚠️ Not connected to MQTT, retrying...
✅ Connected to AWS IoT Core
⚠️ MQTT disconnected, reason: 7
✅ Connected to AWS IoT Core
⚠️ MQTT disconnected, reason: 7
✅ Connected to AWS IoT Core
⚠️ MQTT disconnected, reason: 7
⚠️ Not connected to MQTT, retrying...
⚠️ MQTT disconnected, reason: 7
✅ Connected to AWS IoT Core
⚠️ MQTT disconnected, reason: 7
✅ Connected to AWS IoT Core
⚠️ MQTT disconnected, reason: 7
✅ Connected to AWS IoT Core
⚠️ MQTT disconnected, reason: 7
⚠️ Not connected to MQTT, retrying...
❌ MQTT connect failed: _ssl.c:1012: The handshake operation timed out
✅ Connected to AWS IoT Core
✅ Connected to AWS IoT Core
⚠️ MQTT disconnected, reason: 7
✅ Connected to AWS IoT Core
⚠️ MQTT disconnected, reason: 7
✅ Connected to AWS IoT Core
✅ Connected to AWS IoT Core
⚠️ MQTT disconnected, reason: 7
⚠️ Not connected to MQTT, retrying...
✅ Connected to AWS IoT Core
✅ Connected to AWS IoT Core
⚠️ MQTT disconnected, reason: 7
⚠️ Not connected to MQTT, retrying...
✅ Connected to AWS IoT Core
✅ Connected to AWS IoT Core
⚠️ MQTT disconnected, reason: 7
⚠️ Not connected to MQTT, retrying...
❌ MQTT connect failed: _ssl.c:1012: The handshake operation timed out
❌ MQTT connect failed: [Errno -3] Temporary failure in name resolution
✅ Connected to AWS IoT Core
⚠️ MQTT disconnected, reason: 7
✅ Connected to AWS IoT Core
⚠️ MQTT disconnected, reason: 7
✅ Connected to AWS IoT Core
⚠️ MQTT disconnected, reason: 7
✅ Connected to AWS IoT Core
✅ Connected to AWS IoT Core
⚠️ MQTT disconnected, reason: 7
⚠️ Not connected to MQTT, retrying...
✅ Connected to AWS IoT Core
✅ Connected to AWS IoT Core
⚠️ MQTT disconnected, reason: 7
⚠️ Not connected to MQTT, retrying...
✅ Connected to AWS IoT Core
✅ Connected to AWS IoT Core
⚠️ MQTT disconnected, reason: 7
⚠️ Not connected to MQTT, retrying...
✅ Connected to AWS IoT Core
⚠️ MQTT disconnected, reason: 7
⚠️ Not connected to MQTT, retrying...
✅ Connected to AWS IoT Core
⚠️ MQTT disconnected, reason: 7
✅ Connected to AWS IoT Core
⚠️ MQTT disconnected, reason: 7
✅ Connected to AWS IoT Core
⚠️ MQTT disconnected, reason: 7
⚠️ Not connected to MQTT, retrying...
✅ Connected to AWS IoT Core
⚠️ MQTT disconnected, reason: 7
✅ Connected to AWS IoT Core
⚠️ MQTT disconnected, reason: 7
⚠️ Not connected to MQTT, retrying...
✅ Connected to AWS IoT Core
⚠️ MQTT disconnected, reason: 7
⚠️ MQTT disconnected, reason: 7
✅ Connected to AWS IoT Core
✅ Connected to AWS IoT Core
⚠️ MQTT disconnected, reason: 7
✅ Connected to AWS IoT Core
⚠️ MQTT disconnected, reason: 7
⚠️ Not connected to MQTT, retrying...
✅ Connected to AWS IoT Core
✅ Connected to AWS IoT Core
⚠️ MQTT disconnected, reason: 7
⚠️ Not connected to MQTT, retrying...
✅ Connected to AWS IoT Core
✅ Connected to AWS IoT Core
⚠️ MQTT disconnected, reason: 7
⚠️ Not connected to MQTT, retrying...
✅ Connected to AWS IoT Core
✅ Connected to AWS IoT Core
⚠️ MQTT disconnected, reason: 7
⚠️ Not connected to MQTT, retrying...
✅ Connected to AWS IoT Core
✅ Connected to AWS IoT Core
⚠️ MQTT disconnected, reason: 7
⚠️ Not connected to MQTT, retrying...
✅ Connected to AWS IoT Core
✅ Connected to AWS IoT Core
⚠️ MQTT disconnected, reason: 7
⚠️ Not connected to MQTT, retrying...
✅ Connected to AWS IoT Core
✅ Connected to AWS IoT Core
⚠️ MQTT disconnected, reason: 7
⚠️ Not connected to MQTT, retrying...
✅ Connected to AWS IoT Core
✅ Connected to AWS IoT Core
⚠️ MQTT disconnected, reason: 7
⚠️ Not connected to MQTT, retrying...
✅ Connected to AWS IoT Core
⚠️ MQTT disconnected, reason: 7
✅ Connected to AWS IoT Core
⚠️ MQTT disconnected, reason: 7
✅ Connected to AWS IoT Core
⚠️ MQTT disconnected, reason: 7
✅ Connected to AWS IoT Core
⚠️ MQTT disconnected, reason: 7
✅ Connected to AWS IoT Core
⚠️ MQTT disconnected, reason: 7
✅ Connected to AWS IoT Core
⚠️ MQTT disconnected, reason: 7
⚠️ Not connected to MQTT, retrying...
✅ Connected to AWS IoT Core
⚠️ MQTT disconnected, reason: 7
✅ Connected to AWS IoT Core
⚠️ MQTT disconnected, reason: 7
✅ Connected to AWS IoT Core
⚠️ MQTT disconnected, reason: 7
✅ Connected to AWS IoT Core
⚠️ MQTT disconnected, reason: 7
⚠️ Not connected to MQTT, retrying...
✅ Connected to AWS IoT Core
✅ Connected to AWS IoT Core
⚠️ MQTT disconnected, reason: 7
⚠️ Not connected to MQTT, retrying...
✅ Connected to AWS IoT Core
✅ Connected to AWS IoT Core
⚠️ MQTT disconnected, reason: 7
⚠️ Not connected to MQTT, retrying...
✅ Connected to AWS IoT Core
✅ Connected to AWS IoT Core
⚠️ MQTT disconnected, reason: 7
⚠️ Not connected to MQTT, retrying...
✅ Connected to AWS IoT Core
✅ Connected to AWS IoT Core
⚠️ MQTT disconnected, reason: 7
⚠️ Not connected to MQTT, retrying...
✅ Connected to AWS IoT Core
⚠️ MQTT disconnected, reason: 7
✅ Connected to AWS IoT Core
⚠️ MQTT disconnected, reason: 7
✅ Connected to AWS IoT Core
⚠️ MQTT disconnected, reason: 7
✅ Connected to AWS IoT Core
✅ Connected to AWS IoT Core
⚠️ MQTT disconnected, reason: 7
⚠️ Not connected to MQTT, retrying...
✅ Connected to AWS IoT Core
✅ Connected to AWS IoT Core
⚠️ MQTT disconnected, reason: 7
⚠️ Not connected to MQTT, retrying...
✅ Connected to AWS IoT Core
✅ Connected to AWS IoT Core
⚠️ MQTT disconnected, reason: 7
⚠️ Not connected to MQTT, retrying...
✅ Connected to AWS IoT Core
⚠️ MQTT disconnected, reason: 7
✅ Connected to AWS IoT Core
✅ Connected to AWS IoT Core
⚠️ MQTT disconnected, reason: 7
⚠️ Not connected to MQTT, retrying...
✅ Connected to AWS IoT Core
⚠️ MQTT disconnected, reason: 7
✅ Connected to AWS IoT Core
✅ Connected to AWS IoT Core
⚠️ MQTT disconnected, reason: 7
⚠️ Not connected to MQTT, retrying...
✅ Connected to AWS IoT Core
✅ Connected to AWS IoT Core
⚠️ MQTT disconnected, reason: 7
⚠️ Not connected to MQTT, retrying...
✅ Connected to AWS IoT Core
⚠️ MQTT disconnected, reason: 7
⚠️ Not connected to MQTT, retrying...
✅ Connected to AWS IoT Core
✅ Connected to AWS IoT Core
⚠️ MQTT disconnected, reason: 7
⚠️ Not connected to MQTT, retrying...
✅ Connected to AWS IoT Core
⚠️ MQTT disconnected, reason: 7
✅ Connected to AWS IoT Core
⚠️ MQTT disconnected, reason: 7
✅ Connected to AWS IoT Core
⚠️ MQTT disconnected, reason: 7
✅ Connected to AWS IoT Core
⚠️ MQTT disconnected, reason: 16
⚠️ MQTT disconnected, reason: 16
⚠️ Not connected to MQTT, retrying...
❌ MQTT connect failed: [Errno -3] Temporary failure in name resolution
❌ MQTT connect failed: [Errno -3] Temporary failure in name resolution
❌ MQTT connect failed: [Errno -3] Temporary failure in name resolution
❌ MQTT connect failed: [Errno -3] Temporary failure in name resolution
✅ Connected to AWS IoT Core
⚠️ MQTT disconnected, reason: 7
⚠️ Not connected to MQTT, retrying...
✅ Connected to AWS IoT Core
✅ Connected to AWS IoT Core
⚠️ MQTT disconnected, reason: 7
⚠️ Not connected to MQTT, retrying...
✅ Connected to AWS IoT Core
⚠️ MQTT disconnected, reason: 7
✅ Connected to AWS IoT Core
⚠️ MQTT disconnected, reason: 7
✅ Connected to AWS IoT Core
⚠️ MQTT disconnected, reason: 7
⚠️ Not connected to MQTT, retrying...
✅ Connected to AWS IoT Core
⚠️ MQTT disconnected, reason: 7
✅ Connected to AWS IoT Core
⚠️ MQTT disconnected, reason: 7
⚠️ Not connected to MQTT, retrying...
✅ Connected to AWS IoT Core
⚠️ MQTT disconnected, reason: 7
⚠️ Not connected to MQTT, retrying...
✅ Connected to AWS IoT Core
⚠️ MQTT disconnected, reason: 7
✅ Connected to AWS IoT Core
⚠️ MQTT disconnected, reason: 7
✅ Connected to AWS IoT Core
⚠️ MQTT disconnected, reason: 7
✅ Connected to AWS IoT Core
⚠️ MQTT disconnected, reason: 7
✅ Connected to AWS IoT Core
⚠️ MQTT disconnected, reason: 7
⚠️ Not connected to MQTT, retrying...
❌ MQTT connect failed: timed out
✅ Connected to AWS IoT Core
⚠️ MQTT disconnected, reason: 7
✅ Connected to AWS IoT Core
✅ Connected to AWS IoT Core
⚠️ MQTT disconnected, reason: 7
⚠️ Not connected to MQTT, retrying...
✅ Connected to AWS IoT Core
⚠️ MQTT disconnected, reason: 7
✅ Connected to AWS IoT Core
⚠️ MQTT disconnected, reason: 7
✅ Connected to AWS IoT Core
⚠️ MQTT disconnected, reason: 7
✅ Connected to AWS IoT Core
⚠️ MQTT disconnected, reason: 7
✅ Connected to AWS IoT Core
⚠️ MQTT disconnected, reason: 7
⚠️ Not connected to MQTT, retrying...
✅ Connected to AWS IoT Core
✅ Connected to AWS IoT Core
⚠️ MQTT disconnected, reason: 7
⚠️ Not connected to MQTT, retrying...
✅ Connected to AWS IoT Core
⚠️ MQTT disconnected, reason: 7
✅ Connected to AWS IoT Core
⚠️ MQTT disconnected, reason: 7
✅ Connected to AWS IoT Core
✅ Connected to AWS IoT Core
⚠️ MQTT disconnected, reason: 7
⚠️ Not connected to MQTT, retrying...
✅ Connected to AWS IoT Core
✅ Connected to AWS IoT Core
⚠️ MQTT disconnected, reason: 7
⚠️ Not connected to MQTT, retrying...
✅ Connected to AWS IoT Core
⚠️ MQTT disconnected, reason: 7
✅ Connected to AWS IoT Core
⚠️ MQTT disconnected, reason: 7
⚠️ Not connected to MQTT, retrying...
✅ Connected to AWS IoT Core
✅ Connected to AWS IoT Core
⚠️ MQTT disconnected, reason: 7
⚠️ Not connected to MQTT, retrying...
✅ Connected to AWS IoT Core
✅ Connected to AWS IoT Core
⚠️ MQTT disconnected, reason: 7
⚠️ Not connected to MQTT, retrying...
✅ Connected to AWS IoT Core
⚠️ MQTT disconnected, reason: 7
✅ Connected to AWS IoT Core
⚠️ MQTT disconnected, reason: 7
✅ Connected to AWS IoT Core
⚠️ MQTT disconnected, reason: 7
✅ Connected to AWS IoT Core
⚠️ MQTT disconnected, reason: 7
✅ Connected to AWS IoT Core
⚠️ MQTT disconnected, reason: 7
✅ Connected to AWS IoT Core
⚠️ MQTT disconnected, reason: 7
⚠️ MQTT disconnected, reason: 7
✅ Connected to AWS IoT Core
⚠️ MQTT disconnected, reason: 7
✅ Connected to AWS IoT Core
⚠️ MQTT disconnected, reason: 7
⚠️ MQTT disconnected, reason: 7
✅ Connected to AWS IoT Core
⚠️ MQTT disconnected, reason: 7
✅ Connected to AWS IoT Core
⚠️ MQTT disconnected, reason: 7
✅ Connected to AWS IoT Core
✅ Connected to AWS IoT Core
⚠️ MQTT disconnected, reason: 7
⚠️ Not connected to MQTT, retrying...
✅ Connected to AWS IoT Core
⚠️ MQTT disconnected, reason: 7
✅ Connected to AWS IoT Core
⚠️ MQTT disconnected, reason: 7
✅ Connected to AWS IoT Core
⚠️ MQTT disconnected, reason: 7
✅ Connected to AWS IoT Core
⚠️ MQTT disconnected, reason: 7
✅ Connected to AWS IoT Core
⚠️ MQTT disconnected, reason: 7
✅ Connected to AWS IoT Core
⚠️ MQTT disconnected, reason: 7
✅ Connected to AWS IoT Core
⚠️ MQTT disconnected, reason: 7
✅ Connected to AWS IoT Core
⚠️ MQTT disconnected, reason: 7
✅ Connected to AWS IoT Core
⚠️ MQTT disconnected, reason: 7
✅ Connected to AWS IoT Core
✅ Connected to AWS IoT Core
⚠️ MQTT disconnected, reason: 7
⚠️ Not connected to MQTT, retrying...
✅ Connected to AWS IoT Core
✅ Connected to AWS IoT Core
⚠️ MQTT disconnected, reason: 7
⚠️ Not connected to MQTT, retrying...
✅ Connected to AWS IoT Core
✅ Connected to AWS IoT Core
⚠️ MQTT disconnected, reason: 7
⚠️ Not connected to MQTT, retrying...
✅ Connected to AWS IoT Core
✅ Connected to AWS IoT Core
⚠️ MQTT disconnected, reason: 7
⚠️ Not connected to MQTT, retrying...
✅ Connected to AWS IoT Core
✅ Connected to AWS IoT Core
⚠️ MQTT disconnected, reason: 7
⚠️ Not connected to MQTT, retrying...
✅ Connected to AWS IoT Core
⚠️ MQTT disconnected, reason: 7
✅ Connected to AWS IoT Core
✅ Connected to AWS IoT Core
⚠️ MQTT disconnected, reason: 7
⚠️ Not connected to MQTT, retrying...
✅ Connected to AWS IoT Core
✅ Connected to AWS IoT Core
⚠️ MQTT disconnected, reason: 7
⚠️ Not connected to MQTT, retrying...
✅ Connected to AWS IoT Core
✅ Connected to AWS IoT Core
⚠️ MQTT disconnected, reason: 7
⚠️ Not connected to MQTT, retrying...
✅ Connected to AWS IoT Core
⚠️ MQTT disconnected, reason: 7
✅ Connected to AWS IoT Core
⚠️ MQTT disconnected, reason: 7
✅ Connected to AWS IoT Core
⚠️ MQTT disconnected, reason: 7
✅ Connected to AWS IoT Core
✅ Connected to AWS IoT Core
⚠️ MQTT disconnected, reason: 7
⚠️ Not connected to MQTT, retrying...
✅ Connected to AWS IoT Core
✅ Connected to AWS IoT Core
⚠️ MQTT disconnected, reason: 7
⚠️ Not connected to MQTT, retrying...
✅ Connected to AWS IoT Core
✅ Connected to AWS IoT Core
⚠️ MQTT disconnected, reason: 7
⚠️ Not connected to MQTT, retrying...
✅ Connected to AWS IoT Core
✅ Connected to AWS IoT Core
⚠️ MQTT disconnected, reason: 7
⚠️ Not connected to MQTT, retrying...
✅ Connected to AWS IoT Core
✅ Connected to AWS IoT Core
⚠️ MQTT disconnected, reason: 7
⚠️ Not connected to MQTT, retrying...
✅ Connected to AWS IoT Core
✅ Connected to AWS IoT Core
⚠️ MQTT disconnected, reason: 7
⚠️ Not connected to MQTT, retrying...
⚠️ MQTT disconnected, reason: 7
✅ Connected to AWS IoT Core
✅ Connected to AWS IoT Core
⚠️ MQTT disconnected, reason: 7
⚠️ Not connected to MQTT, retrying...
✅ Connected to AWS IoT Core
⚠️ MQTT disconnected, reason: 7
✅ Connected to AWS IoT Core
⚠️ MQTT disconnected, reason: 7
⚠️ MQTT disconnected, reason: 7
✅ Connected to AWS IoT Core
✅ Connected to AWS IoT Core
⚠️ MQTT disconnected, reason: 7
⚠️ Not connected to MQTT, retrying...
✅ Connected to AWS IoT Core
✅ Connected to AWS IoT Core
⚠️ MQTT disconnected, reason: 7
⚠️ Not connected to MQTT, retrying...
✅ Connected to AWS IoT Core
⚠️ MQTT disconnected, reason: 7
⚠️ Not connected to MQTT, retrying...
✅ Connected to AWS IoT Core
✅ Connected to AWS IoT Core
⚠️ MQTT disconnected, reason: 7
⚠️ Not connected to MQTT, retrying...
✅ Connected to AWS IoT Core
⚠️ MQTT disconnected, reason: 7
✅ Connected to AWS IoT Core
⚠️ MQTT disconnected, reason: 7
✅ Connected to AWS IoT Core
✅ Connected to AWS IoT Core
⚠️ MQTT disconnected, reason: 7
⚠️ Not connected to MQTT, retrying...
✅ Connected to AWS IoT Core
⚠️ MQTT disconnected, reason: 7
✅ Connected to AWS IoT Core
⚠️ MQTT disconnected, reason: 7
✅ Connected to AWS IoT Core
⚠️ MQTT disconnected, reason: 7
✅ Connected to AWS IoT Core
⚠️ MQTT disconnected, reason: 7
✅ Connected to AWS IoT Core
⚠️ MQTT disconnected, reason: 7
⚠️ Not connected to MQTT, retrying...
✅ Connected to AWS IoT Core
⚠️ MQTT disconnected, reason: 7
⚠️ Not connected to MQTT, retrying...
✅ Connected to AWS IoT Core
✅ Connected to AWS IoT Core
⚠️ MQTT disconnected, reason: 7
⚠️ Not connected to MQTT, retrying...
✅ Connected to AWS IoT Core
⚠️ MQTT disconnected, reason: 7
✅ Connected to AWS IoT Core
⚠️ MQTT disconnected, reason: 7
✅ Connected to AWS IoT Core
✅ Connected to AWS IoT Core
⚠️ MQTT disconnected, reason: 7
⚠️ Not connected to MQTT, retrying...
✅ Connected to AWS IoT Core
✅ Connected to AWS IoT Core
⚠️ MQTT disconnected, reason: 7
⚠️ Not connected to MQTT, retrying...
✅ Connected to AWS IoT Core
⚠️ MQTT disconnected, reason: 7
✅ Connected to AWS IoT Core
⚠️ MQTT disconnected, reason: 7
✅ Connected to AWS IoT Core
⚠️ MQTT disconnected, reason: 7
✅ Connected to AWS IoT Core
⚠️ MQTT disconnected, reason: 7
⚠️ Not connected to MQTT, retrying...
✅ Connected to AWS IoT Core
⚠️ MQTT disconnected, reason: 7
✅ Connected to AWS IoT Core
✅ Connected to AWS IoT Core
⚠️ MQTT disconnected, reason: 7
⚠️ Not connected to MQTT, retrying...
✅ Connected to AWS IoT Core
✅ Connected to AWS IoT Core
⚠️ MQTT disconnected, reason: 7
⚠️ Not connected to MQTT, retrying...
✅ Connected to AWS IoT Core
✅ Connected to AWS IoT Core
⚠️ MQTT disconnected, reason: 7
⚠️ Not connected to MQTT, retrying...
✅ Connected to AWS IoT Core
✅ Connected to AWS IoT Core
⚠️ MQTT disconnected, reason: 7
⚠️ Not connected to MQTT, retrying...
✅ Connected to AWS IoT Core
✅ Connected to AWS IoT Core
⚠️ MQTT disconnected, reason: 7
⚠️ Not connected to MQTT, retrying...
✅ Connected to AWS IoT Core
⚠️ MQTT disconnected, reason: 7
✅ Connected to AWS IoT Core
⚠️ MQTT disconnected, reason: 7
✅ Connected to AWS IoT Core
⚠️ MQTT disconnected, reason: 7
✅ Connected to AWS IoT Core
⚠️ MQTT disconnected, reason: 7
⚠️ Not connected to MQTT, retrying...
✅ Connected to AWS IoT Core
✅ Connected to AWS IoT Core
⚠️ MQTT disconnected, reason: 7
⚠️ Not connected to MQTT, retrying...
✅ Connected to AWS IoT Core
✅ Connected to AWS IoT Core
⚠️ MQTT disconnected, reason: 7
⚠️ Not connected to MQTT, retrying...
✅ Connected to AWS IoT Core
⚠️ MQTT disconnected, reason: 7
⚠️ MQTT disconnected, reason: 7
✅ Connected to AWS IoT Core
⚠️ MQTT disconnected, reason: 7
⚠️ MQTT disconnected, reason: 7
✅ Connected to AWS IoT Core
⚠️ MQTT disconnected, reason: 7
✅ Connected to AWS IoT Core
⚠️ MQTT disconnected, reason: 7
✅ Connected to AWS IoT Core
⚠️ MQTT disconnected, reason: 7
✅ Connected to AWS IoT Core
⚠️ MQTT disconnected, reason: 7
✅ Connected to AWS IoT Core
✅ Connected to AWS IoT Core
⚠️ MQTT disconnected, reason: 7
⚠️ Not connected to MQTT, retrying...
✅ Connected to AWS IoT Core
⚠️ MQTT disconnected, reason: 7
✅ Connected to AWS IoT Core
⚠️ MQTT disconnected, reason: 7
⚠️ MQTT disconnected, reason: 7
✅ Connected to AWS IoT Core
✅ Connected to AWS IoT Core
⚠️ MQTT disconnected, reason: 7
✅ Connected to AWS IoT Core
⚠️ MQTT disconnected, reason: 7
✅ Connected to AWS IoT Core
✅ Connected to AWS IoT Core
⚠️ MQTT disconnected, reason: 7
⚠️ Not connected to MQTT, retrying...
✅ Connected to AWS IoT Core
⚠️ MQTT disconnected, reason: 7
✅ Connected to AWS IoT Core
⚠️ MQTT disconnected, reason: 7
✅ Connected to AWS IoT Core
⚠️ MQTT disconnected, reason: 7
⚠️ Not connected to MQTT, retrying...
✅ Connected to AWS IoT Core
✅ Connected to AWS IoT Core
⚠️ MQTT disconnected, reason: 7
⚠️ Not connected to MQTT, retrying...
✅ Connected to AWS IoT Core
✅ Connected to AWS IoT Core
⚠️ MQTT disconnected, reason: 7
⚠️ Not connected to MQTT, retrying...
✅ Connected to AWS IoT Core
⚠️ MQTT disconnected, reason: 7
✅ Connected to AWS IoT Core
⚠️ MQTT disconnected, reason: 7
✅ Connected to AWS IoT Core
⚠️ MQTT disconnected, reason: 7
✅ Connected to AWS IoT Core
⚠️ MQTT disconnected, reason: 7
✅ Connected to AWS IoT Core
⚠️ MQTT disconnected, reason: 7
✅ Connected to AWS IoT Core
⚠️ MQTT disconnected, reason: 7
✅ Connected to AWS IoT Core
⚠️ MQTT disconnected, reason: 7
✅ Connected to AWS IoT Core
⚠️ MQTT disconnected, reason: 7
✅ Connected to AWS IoT Core
⚠️ MQTT disconnected, reason: 7
✅ Connected to AWS IoT Core
⚠️ MQTT disconnected, reason: 7
⚠️ Not connected to MQTT, retrying...
✅ Connected to AWS IoT Core
✅ Connected to AWS IoT Core
⚠️ MQTT disconnected, reason: 7
⚠️ Not connected to MQTT, retrying...
✅ Connected to AWS IoT Core
⚠️ MQTT disconnected, reason: 7
✅ Connected to AWS IoT Core
⚠️ MQTT disconnected, reason: 7
✅ Connected to AWS IoT Core
⚠️ MQTT disconnected, reason: 7
✅ Connected to AWS IoT Core
⚠️ MQTT disconnected, reason: 7
✅ Connected to AWS IoT Core
⚠️ MQTT disconnected, reason: 7
⚠️ Not connected to MQTT, retrying...
✅ Connected to AWS IoT Core
⚠️ MQTT disconnected, reason: 7
✅ Connected to AWS IoT Core
⚠️ MQTT disconnected, reason: 7
✅ Connected to AWS IoT Core
⚠️ MQTT disconnected, reason: 7
✅ Connected to AWS IoT Core
⚠️ MQTT disconnected, reason: 7
✅ Connected to AWS IoT Core
⚠️ MQTT disconnected, reason: 7
⚠️ Not connected to MQTT, retrying...
✅ Connected to AWS IoT Core
⚠️ MQTT disconnected, reason: 7
⚠️ Not connected to MQTT, retrying...
✅ Connected to AWS IoT Core
✅ Connected to AWS IoT Core
⚠️ MQTT disconnected, reason: 7
⚠️ Not connected to MQTT, retrying...
✅ Connected to AWS IoT Core
⚠️ MQTT disconnected, reason: 7
✅ Connected to AWS IoT Core
✅ Connected to AWS IoT Core
⚠️ MQTT disconnected, reason: 7
⚠️ Not connected to MQTT, retrying...
✅ Connected to AWS IoT Core
✅ Connected to AWS IoT Core
⚠️ MQTT disconnected, reason: 7
⚠️ Not connected to MQTT, retrying...
✅ Connected to AWS IoT Core
✅ Connected to AWS IoT Core
⚠️ MQTT disconnected, reason: 7
⚠️ Not connected to MQTT, retrying...
✅ Connected to AWS IoT Core
⚠️ MQTT disconnected, reason: 7
✅ Connected to AWS IoT Core
⚠️ MQTT disconnected, reason: 7
✅ Connected to AWS IoT Core
⚠️ MQTT disconnected, reason: 7
✅ Connected to AWS IoT Core
⚠️ MQTT disconnected, reason: 7
✅ Connected to AWS IoT Core
⚠️ MQTT disconnected, reason: 7
✅ Connected to AWS IoT Core
⚠️ MQTT disconnected, reason: 7
⚠️ Not connected to MQTT, retrying...
✅ Connected to AWS IoT Core
⚠️ MQTT disconnected, reason: 7
✅ Connected to AWS IoT Core
⚠️ MQTT disconnected, reason: 7
✅ Connected to AWS IoT Core
⚠️ MQTT disconnected, reason: 7
✅ Connected to AWS IoT Core
⚠️ MQTT disconnected, reason: 7
✅ Connected to AWS IoT Core
✅ Connected to AWS IoT Core
⚠️ MQTT disconnected, reason: 7
⚠️ Not connected to MQTT, retrying...
✅ Connected to AWS IoT Core
✅ Connected to AWS IoT Core
⚠️ MQTT disconnected, reason: 7
⚠️ Not connected to MQTT, retrying...
✅ Connected to AWS IoT Core
⚠️ MQTT disconnected, reason: 7
✅ Connected to AWS IoT Core
⚠️ MQTT disconnected, reason: 7
⚠️ Not connected to MQTT, retrying...
✅ Connected to AWS IoT Core
✅ Connected to AWS IoT Core
⚠️ MQTT disconnected, reason: 7
⚠️ Not connected to MQTT, retrying...
✅ Connected to AWS IoT Core
⚠️ MQTT disconnected, reason: 7
✅ Connected to AWS IoT Core
⚠️ MQTT disconnected, reason: 7
✅ Connected to AWS IoT Core
⚠️ MQTT disconnected, reason: 7
✅ Connected to AWS IoT Core
⚠️ MQTT disconnected, reason: 7
✅ Connected to AWS IoT Core
⚠️ MQTT disconnected, reason: 7
⚠️ MQTT disconnected, reason: 7
✅ Connected to AWS IoT Core
⚠️ MQTT disconnected, reason: 7
✅ Connected to AWS IoT Core
✅ Connected to AWS IoT Core
⚠️ MQTT disconnected, reason: 7
✅ Connected to AWS IoT Core
⚠️ MQTT disconnected, reason: 7
✅ Connected to AWS IoT Core
⚠️ MQTT disconnected, reason: 7
✅ Connected to AWS IoT Core
⚠️ MQTT disconnected, reason: 7
✅ Connected to AWS IoT Core
✅ Connected to AWS IoT Core
⚠️ MQTT disconnected, reason: 7
⚠️ Not connected to MQTT, retrying...
✅ Connected to AWS IoT Core
✅ Connected to AWS IoT Core
⚠️ MQTT disconnected, reason: 7
⚠️ Not connected to MQTT, retrying...
⚠️ MQTT disconnected, reason: 7
✅ Connected to AWS IoT Core
⚠️ MQTT disconnected, reason: 7
✅ Connected to AWS IoT Core
⚠️ MQTT disconnected, reason: 7
✅ Connected to AWS IoT Core
⚠️ MQTT disconnected, reason: 7
✅ Connected to AWS IoT Core
⚠️ MQTT disconnected, reason: 7
✅ Connected to AWS IoT Core
✅ Connected to AWS IoT Core
⚠️ MQTT disconnected, reason: 7
⚠️ Not connected to MQTT, retrying...
✅ Connected to AWS IoT Core
⚠️ MQTT disconnected, reason: 7
⚠️ MQTT disconnected, reason: 7
✅ Connected to AWS IoT Core
⚠️ MQTT disconnected, reason: 7
✅ Connected to AWS IoT Core
⚠️ MQTT disconnected, reason: 7
✅ Connected to AWS IoT Core
✅ Connected to AWS IoT Core
⚠️ MQTT disconnected, reason: 7
⚠️ Not connected to MQTT, retrying...
✅ Connected to AWS IoT Core
✅ Connected to AWS IoT Core
⚠️ MQTT disconnected, reason: 7
⚠️ Not connected to MQTT, retrying...
✅ Connected to AWS IoT Core
⚠️ MQTT disconnected, reason: 7
✅ Connected to AWS IoT Core
⚠️ MQTT disconnected, reason: 7
✅ Connected to AWS IoT Core
✅ Connected to AWS IoT Core
⚠️ MQTT disconnected, reason: 7
⚠️ Not connected to MQTT, retrying...
✅ Connected to AWS IoT Core
⚠️ MQTT disconnected, reason: 7
✅ Connected to AWS IoT Core
⚠️ MQTT disconnected, reason: 7
⚠️ Not connected to MQTT, retrying...
✅ Connected to AWS IoT Core
⚠️ MQTT disconnected, reason: 7
✅ Connected to AWS IoT Core
⚠️ MQTT disconnected, reason: 7
✅ Connected to AWS IoT Core
⚠️ MQTT disconnected, reason: 7
✅ Connected to AWS IoT Core
⚠️ MQTT disconnected, reason: 7
⚠️ MQTT disconnected, reason: 7
✅ Connected to AWS IoT Core
✅ Connected to AWS IoT Core
⚠️ MQTT disconnected, reason: 7
⚠️ Not connected to MQTT, retrying...
✅ Connected to AWS IoT Core
⚠️ MQTT disconnected, reason: 7
✅ Connected to AWS IoT Core
⚠️ MQTT disconnected, reason: 7
✅ Connected to AWS IoT Core
✅ Connected to AWS IoT Core
⚠️ MQTT disconnected, reason: 7
⚠️ Not connected to MQTT, retrying.../home/pi_123/data/src/pressure_project/system_upload.py:78: DeprecationWarning: Callback API version 1 is deprecated, update to latest version
  client = mqtt.Client(client_id=CLIENT_ID, protocol=mqtt.MQTTv311)
/home/pi_123/data/src/pressure_project/system_upload.py:78: DeprecationWarning: Callback API version 1 is deprecated, update to latest version
  client = mqtt.Client(client_id=CLIENT_ID, protocol=mqtt.MQTTv311)
=== DEBUG START ===
DB exists: True
CA exists: True
CERT exists: True
KEY exists: True
=== DEBUG END ===
⚠️ Network not ready, waiting 5s...
✅ Connected to AWS IoT Core
⚠️ MQTT disconnected, reason: 7
✅ Connected to AWS IoT Core
⚠️ MQTT disconnected, reason: 7
⚠️ Not connected to MQTT, retrying...
✅ Connected to AWS IoT Core
⚠️ MQTT disconnected, reason: 7
⚠️ Not connected to MQTT, retrying...
✅ Connected to AWS IoT Core
⚠️ MQTT disconnected, reason: 7
⚠️ Not connected to MQTT, retrying...
✅ Connected to AWS IoT Core
⚠️ MQTT disconnected, reason: 7
⚠️ Not connected to MQTT, retrying...
✅ Connected to AWS IoT Core
⚠️ MQTT disconnected, reason: 7
⚠️ Not connected to MQTT, retrying...
✅ Connected to AWS IoT Core
⚠️ MQTT disconnected, reason: 7
⚠️ Not connected to MQTT, retrying...
✅ Connected to AWS IoT Core
⚠️ MQTT disconnected, reason: 7
⚠️ Not connected to MQTT, retrying...
✅ Connected to AWS IoT Core
⚠️ MQTT disconnected, reason: 7
⚠️ Not connected to MQTT, retrying...
✅ Connected to AWS IoT Core
⚠️ MQTT disconnected, reason: 7
⚠️ Not connected to MQTT, retrying...
✅ Connected to AWS IoT Core
⚠️ MQTT disconnected, reason: 7
⚠️ Not connected to MQTT, retrying...
✅ Connected to AWS IoT Core
⚠️ MQTT disconnected, reason: 7
⚠️ Not connected to MQTT, retrying...
✅ Connected to AWS IoT Core
⚠️ MQTT disconnected, reason: 7
⚠️ Not connected to MQTT, retrying...
✅ Connected to AWS IoT Core
⚠️ MQTT disconnected, reason: 7
⚠️ Not connected to MQTT, retrying...
✅ Connected to AWS IoT Core
⚠️ MQTT disconnected, reason: 7
✅ Connected to AWS IoT Core
⚠️ MQTT disconnected, reason: 7
✅ Connected to AWS IoT Core
⚠️ MQTT disconnected, reason: 7
⚠️ Not connected to MQTT, retrying...
✅ Connected to AWS IoT Core
⚠️ MQTT disconnected, reason: 7
⚠️ Not connected to MQTT, retrying...
✅ Connected to AWS IoT Core
⚠️ MQTT disconnected, reason: 7
⚠️ Not connected to MQTT, retrying...
✅ Connected to AWS IoT Core
⚠️ MQTT disconnected, reason: 7
⚠️ Not connected to MQTT, retrying...
✅ Connected to AWS IoT Core
⚠️ MQTT disconnected, reason: 7
⚠️ Not connected to MQTT, retrying...
✅ Connected to AWS IoT Core
⚠️ MQTT disconnected, reason: 7
⚠️ Not connected to MQTT, retrying...
✅ Connected to AWS IoT Core
⚠️ MQTT disconnected, reason: 7
⚠️ Not connected to MQTT, retrying...
✅ Connected to AWS IoT Core
⚠️ MQTT disconnected, reason: 7
⚠️ Not connected to MQTT, retrying...
✅ Connected to AWS IoT Core
⚠️ MQTT disconnected, reason: 7
⚠️ Not connected to MQTT, retrying...
✅ Connected to AWS IoT Core
⚠️ MQTT disconnected, reason: 7
⚠️ Not connected to MQTT, retrying...
✅ Connected to AWS IoT Core
⚠️ MQTT disconnected, reason: 7
⚠️ Not connected to MQTT, retrying...
✅ Connected to AWS IoT Core
⚠️ MQTT disconnected, reason: 7
⚠️ Not connected to MQTT, retrying...
✅ Connected to AWS IoT Core
⚠️ MQTT disconnected, reason: 7
⚠️ Not connected to MQTT, retrying...
✅ Connected to AWS IoT Core
⚠️ MQTT disconnected, reason: 7
✅ Connected to AWS IoT Core
⚠️ MQTT disconnected, reason: 7
⚠️ Not connected to MQTT, retrying...
✅ Connected to AWS IoT Core
⚠️ MQTT disconnected, reason: 7
⚠️ Not connected to MQTT, retrying...
✅ Connected to AWS IoT Core
⚠️ MQTT disconnected, reason: 7
⚠️ Not connected to MQTT, retrying...
✅ Connected to AWS IoT Core
⚠️ MQTT disconnected, reason: 7
⚠️ Not connected to MQTT, retrying...
✅ Connected to AWS IoT Core
⚠️ MQTT disconnected, reason: 7
⚠️ Not connected to MQTT, retrying...
✅ Connected to AWS IoT Core
⚠️ MQTT disconnected, reason: 7
⚠️ Not connected to MQTT, retrying...
✅ Connected to AWS IoT Core
⚠️ MQTT disconnected, reason: 7
⚠️ Not connected to MQTT, retrying...
✅ Connected to AWS IoT Core
⚠️ MQTT disconnected, reason: 7
⚠️ Not connected to MQTT, retrying...
✅ Connected to AWS IoT Core
⚠️ MQTT disconnected, reason: 7
⚠️ Not connected to MQTT, retrying...
✅ Connected to AWS IoT Core
⚠️ MQTT disconnected, reason: 7
⚠️ Not connected to MQTT, retrying...
✅ Connected to AWS IoT Core
⚠️ MQTT disconnected, reason: 7
⚠️ Not connected to MQTT, retrying...
✅ Connected to AWS IoT Core
⚠️ MQTT disconnected, reason: 7
⚠️ Not connected to MQTT, retrying...
✅ Connected to AWS IoT Core
⚠️ MQTT disconnected, reason: 7
⚠️ Not connected to MQTT, retrying...
✅ Connected to AWS IoT Core
⚠️ MQTT disconnected, reason: 7
⚠️ Not connected to MQTT, retrying...
✅ Connected to AWS IoT Core
⚠️ MQTT disconnected, reason: 7
⚠️ Not connected to MQTT, retrying...
✅ Connected to AWS IoT Core
⚠️ MQTT disconnected, reason: 7
⚠️ Not connected to MQTT, retrying...
✅ Connected to AWS IoT Core
⚠️ MQTT disconnected, reason: 7
⚠️ Not connected to MQTT, retrying...
✅ Connected to AWS IoT Core
⚠️ MQTT disconnected, reason: 7
⚠️ Not connected to MQTT, retrying...
✅ Connected to AWS IoT Core
⚠️ MQTT disconnected, reason: 7
⚠️ Not connected to MQTT, retrying...
✅ Connected to AWS IoT Core
⚠️ MQTT disconnected, reason: 7
⚠️ Not connected to MQTT, retrying...
✅ Connected to AWS IoT Core
⚠️ MQTT disconnected, reason: 7
⚠️ Not connected to MQTT, retrying...
✅ Connected to AWS IoT Core
⚠️ MQTT disconnected, reason: 7
⚠️ Not connected to MQTT, retrying...
✅ Connected to AWS IoT Core
⚠️ MQTT disconnected, reason: 7
⚠️ Not connected to MQTT, retrying...
✅ Connected to AWS IoT Core
⚠️ MQTT disconnected, reason: 7
⚠️ Not connected to MQTT, retrying...
✅ Connected to AWS IoT Core
⚠️ MQTT disconnected, reason: 7
⚠️ Not connected to MQTT, retrying...
✅ Connected to AWS IoT Core
⚠️ MQTT disconnected, reason: 7
⚠️ Not connected to MQTT, retrying...
✅ Connected to AWS IoT Core
⚠️ MQTT disconnected, reason: 7
⚠️ Not connected to MQTT, retrying...
✅ Connected to AWS IoT Core
⚠️ MQTT disconnected, reason: 7
⚠️ Not connected to MQTT, retrying...
✅ Connected to AWS IoT Core
⚠️ MQTT disconnected, reason: 7
⚠️ Not connected to MQTT, retrying...
✅ Connected to AWS IoT Core
⚠️ MQTT disconnected, reason: 7
⚠️ Not connected to MQTT, retrying...
✅ Connected to AWS IoT Core
⚠️ MQTT disconnected, reason: 7
⚠️ Not connected to MQTT, retrying...
✅ Connected to AWS IoT Core
⚠️ MQTT disconnected, reason: 7
⚠️ Not connected to MQTT, retrying...
✅ Connected to AWS IoT Core
⚠️ MQTT disconnected, reason: 7
⚠️ Not connected to MQTT, retrying...
✅ Connected to AWS IoT Core
⚠️ MQTT disconnected, reason: 7
✅ Connected to AWS IoT Core
⚠️ MQTT disconnected, reason: 7
✅ Connected to AWS IoT Core
⚠️ MQTT disconnected, reason: 7
⚠️ Not connected to MQTT, retrying...
✅ Connected to AWS IoT Core
⚠️ MQTT disconnected, reason: 7
✅ Connected to AWS IoT Core
⚠️ MQTT disconnected, reason: 7
⚠️ Not connected to MQTT, retrying...
✅ Connected to AWS IoT Core
⚠️ MQTT disconnected, reason: 7
⚠️ Not connected to MQTT, retrying...
✅ Connected to AWS IoT Core
⚠️ MQTT disconnected, reason: 7
⚠️ Not connected to MQTT, retrying...
✅ Connected to AWS IoT Core
⚠️ MQTT disconnected, reason: 7
⚠️ Not connected to MQTT, retrying...
✅ Connected to AWS IoT Core
⚠️ MQTT disconnected, reason: 7
✅ Connected to AWS IoT Core
⚠️ MQTT disconnected, reason: 7
⚠️ Not connected to MQTT, retrying...
✅ Connected to AWS IoT Core
⚠️ MQTT disconnected, reason: 7
⚠️ Not connected to MQTT, retrying...
✅ Connected to AWS IoT Core
⚠️ MQTT disconnected, reason: 7
⚠️ Not connected to MQTT, retrying...
✅ Connected to AWS IoT Core
⚠️ MQTT disconnected, reason: 7
⚠️ Not connected to MQTT, retrying...
✅ Connected to AWS IoT Core
⚠️ MQTT disconnected, reason: 7
⚠️ Not connected to MQTT, retrying...
✅ Connected to AWS IoT Core
⚠️ MQTT disconnected, reason: 7
⚠️ Not connected to MQTT, retrying...
✅ Connected to AWS IoT Core
⚠️ MQTT disconnected, reason: 7
⚠️ Not connected to MQTT, retrying...
✅ Connected to AWS IoT Core
⚠️ MQTT disconnected, reason: 7
⚠️ Not connected to MQTT, retrying...
✅ Connected to AWS IoT Core
⚠️ MQTT disconnected, reason: 7
✅ Connected to AWS IoT Core
⚠️ MQTT disconnected, reason: 7
✅ Connected to AWS IoT Core
⚠️ MQTT disconnected, reason: 7
⚠️ Not connected to MQTT, retrying...
✅ Connected to AWS IoT Core
⚠️ MQTT disconnected, reason: 7
⚠️ Not connected to MQTT, retrying...
✅ Connected to AWS IoT Core
⚠️ MQTT disconnected, reason: 7
⚠️ Not connected to MQTT, retrying...
✅ Connected to AWS IoT Core
⚠️ MQTT disconnected, reason: 7
⚠️ Not connected to MQTT, retrying...
✅ Connected to AWS IoT Core
⚠️ MQTT disconnected, reason: 7
⚠️ Not connected to MQTT, retrying...
✅ Connected to AWS IoT Core
⚠️ MQTT disconnected, reason: 7
⚠️ Not connected to MQTT, retrying...
✅ Connected to AWS IoT Core
⚠️ MQTT disconnected, reason: 7
⚠️ Not connected to MQTT, retrying...
✅ Connected to AWS IoT Core
⚠️ MQTT disconnected, reason: 7
⚠️ Not connected to MQTT, retrying...
✅ Connected to AWS IoT Core
⚠️ MQTT disconnected, reason: 7
⚠️ Not connected to MQTT, retrying...
✅ Connected to AWS IoT Core
⚠️ MQTT disconnected, reason: 7
⚠️ Not connected to MQTT, retrying...
✅ Connected to AWS IoT Core
⚠️ MQTT disconnected, reason: 7
⚠️ Not connected to MQTT, retrying...
✅ Connected to AWS IoT Core
⚠️ MQTT disconnected, reason: 7
⚠️ Not connected to MQTT, retrying...
✅ Connected to AWS IoT Core
⚠️ MQTT disconnected, reason: 7
⚠️ Not connected to MQTT, retrying...
✅ Connected to AWS IoT Core
⚠️ MQTT disconnected, reason: 7
⚠️ Not connected to MQTT, retrying...
✅ Connected to AWS IoT Core
⚠️ MQTT disconnected, reason: 7
⚠️ Not connected to MQTT, retrying...
✅ Connected to AWS IoT Core
⚠️ MQTT disconnected, reason: 7
✅ Connected to AWS IoT Core
⚠️ MQTT disconnected, reason: 7
⚠️ Not connected to MQTT, retrying...
✅ Connected to AWS IoT Core
⚠️ MQTT disconnected, reason: 7
⚠️ Not connected to MQTT, retrying...
✅ Connected to AWS IoT Core
⚠️ MQTT disconnected, reason: 7
⚠️ Not connected to MQTT, retrying...
✅ Connected to AWS IoT Core
⚠️ MQTT disconnected, reason: 7
⚠️ Not connected to MQTT, retrying...
✅ Connected to AWS IoT Core
⚠️ MQTT disconnected, reason: 7
⚠️ Not connected to MQTT, retrying...
✅ Connected to AWS IoT Core
⚠️ MQTT disconnected, reason: 7
⚠️ Not connected to MQTT, retrying...
✅ Connected to AWS IoT Core
⚠️ MQTT disconnected, reason: 7
⚠️ Not connected to MQTT, retrying...
✅ Connected to AWS IoT Core
⚠️ MQTT disconnected, reason: 7
⚠️ Not connected to MQTT, retrying...
✅ Connected to AWS IoT Core
⚠️ MQTT disconnected, reason: 7
✅ Connected to AWS IoT Core
⚠️ MQTT disconnected, reason: 7
⚠️ Not connected to MQTT, retrying...
✅ Connected to AWS IoT Core
⚠️ MQTT disconnected, reason: 7
⚠️ Not connected to MQTT, retrying...
✅ Connected to AWS IoT Core
⚠️ MQTT disconnected, reason: 7
⚠️ Not connected to MQTT, retrying...
✅ Connected to AWS IoT Core
⚠️ MQTT disconnected, reason: 7
⚠️ Not connected to MQTT, retrying...
✅ Connected to AWS IoT Core
⚠️ MQTT disconnected, reason: 7
⚠️ Not connected to MQTT, retrying...
✅ Connected to AWS IoT Core
⚠️ MQTT disconnected, reason: 7
⚠️ Not connected to MQTT, retrying...
✅ Connected to AWS IoT Core
⚠️ MQTT disconnected, reason: 7
⚠️ Not connected to MQTT, retrying...
✅ Connected to AWS IoT Core
⚠️ MQTT disconnected, reason: 7
⚠️ Not connected to MQTT, retrying...
✅ Connected to AWS IoT Core
⚠️ MQTT disconnected, reason: 7
⚠️ Not connected to MQTT, retrying...
✅ Connected to AWS IoT Core
⚠️ MQTT disconnected, reason: 7
⚠️ Not connected to MQTT, retrying...
✅ Connected to AWS IoT Core
⚠️ MQTT disconnected, reason: 7
⚠️ Not connected to MQTT, retrying...
✅ Connected to AWS IoT Core
⚠️ MQTT disconnected, reason: 7
⚠️ Not connected to MQTT, retrying...
✅ Connected to AWS IoT Core
⚠️ MQTT disconnected, reason: 7
⚠️ Not connected to MQTT, retrying...
✅ Connected to AWS IoT Core
⚠️ MQTT disconnected, reason: 7
⚠️ Not connected to MQTT, retrying...
✅ Connected to AWS IoT Core
⚠️ MQTT disconnected, reason: 7
⚠️ Not connected to MQTT, retrying...
✅ Connected to AWS IoT Core
⚠️ MQTT disconnected, reason: 7
⚠️ Not connected to MQTT, retrying...
✅ Connected to AWS IoT Core
⚠️ MQTT disconnected, reason: 7
⚠️ Not connected to MQTT, retrying...
✅ Connected to AWS IoT Core
⚠️ MQTT disconnected, reason: 7
⚠️ Not connected to MQTT, retrying...
✅ Connected to AWS IoT Core
⚠️ MQTT disconnected, reason: 7
⚠️ Not connected to MQTT, retrying...
✅ Connected to AWS IoT Core
⚠️ MQTT disconnected, reason: 7
⚠️ Not connected to MQTT, retrying...
✅ Connected to AWS IoT Core
⚠️ MQTT disconnected, reason: 7
⚠️ Not connected to MQTT, retrying...
✅ Connected to AWS IoT Core
⚠️ MQTT disconnected, reason: 7
⚠️ Not connected to MQTT, retrying...
✅ Connected to AWS IoT Core
⚠️ MQTT disconnected, reason: 7
⚠️ Not connected to MQTT, retrying...
✅ Connected to AWS IoT Core
⚠️ MQTT disconnected, reason: 7
⚠️ Not connected to MQTT, retrying...
✅ Connected to AWS IoT Core
⚠️ MQTT disconnected, reason: 7
⚠️ Not connected to MQTT, retrying...
✅ Connected to AWS IoT Core
⚠️ MQTT disconnected, reason: 7
⚠️ Not connected to MQTT, retrying...
⚠️ MQTT disconnected, reason: 7
✅ Connected to AWS IoT Core
⚠️ MQTT disconnected, reason: 7
⚠️ MQTT disconnected, reason: 7
✅ Connected to AWS IoT Core
⚠️ MQTT disconnected, reason: 7
✅ Connected to AWS IoT Core
⚠️ MQTT disconnected, reason: 7
⚠️ Not connected to MQTT, retrying...
⚠️ MQTT disconnected, reason: 7
⚠️ MQTT disconnected, reason: 7
✅ Connected to AWS IoT Core
⚠️ MQTT disconnected, reason: 7
⚠️ Not connected to MQTT, retrying...
✅ Connected to AWS IoT Core
⚠️ MQTT disconnected, reason: 7
✅ Connected to AWS IoT Core
⚠️ MQTT disconnected, reason: 7
⚠️ Not connected to MQTT, retrying...
✅ Connected to AWS IoT Core
⚠️ MQTT disconnected, reason: 7
⚠️ Not connected to MQTT, retrying...
✅ Connected to AWS IoT Core
⚠️ MQTT disconnected, reason: 7
⚠️ Not connected to MQTT, retrying...
❌ MQTT connect failed: [Errno -3] Temporary failure in name resolution
❌ MQTT connect failed: [Errno -3] Temporary failure in name resolution
❌ MQTT connect failed: [Errno -3] Temporary failure in name resolution
⚠️ MQTT disconnected, reason: 7
✅ Connected to AWS IoT Core
✅ Connected to AWS IoT Core
⚠️ MQTT disconnected, reason: 7
⚠️ Not connected to MQTT, retrying...
✅ Connected to AWS IoT Core
⚠️ MQTT disconnected, reason: 7
✅ Connected to AWS IoT Core
⚠️ MQTT disconnected, reason: 7
✅ Connected to AWS IoT Core
⚠️ MQTT disconnected, reason: 7
✅ Connected to AWS IoT Core
⚠️ MQTT disconnected, reason: 7
✅ Connected to AWS IoT Core
⚠️ MQTT disconnected, reason: 7
✅ Connected to AWS IoT Core
⚠️ MQTT disconnected, reason: 7
✅ Connected to AWS IoT Core
⚠️ MQTT disconnected, reason: 7
✅ Connected to AWS IoT Core
✅ Connected to AWS IoT Core
⚠️ MQTT disconnected, reason: 7
⚠️ Not connected to MQTT, retrying...
✅ Connected to AWS IoT Core
✅ Connected to AWS IoT Core
⚠️ MQTT disconnected, reason: 7
✅ Connected to AWS IoT Core
✅ Uploaded | id=8791 BP=39.0 FP=5035.0 CR=4987.0 BC=5037.0 timestamp="2026-02-11 05:54:33"
📤 AWS IoT Sent {'id': 8791, 'bp': 39.0, 'fp': 5035.0, 'cr': 4987.0, 'bc': 5037.0, 'timestamp': '2026-02-11 05:54:33'}
✅ Uploaded | id=8792 BP=5074.0 FP=5032.0 CR=4988.0 BC=5037.0 timestamp="2026-02-11 05:54:38"
📤 AWS IoT Sent {'id': 8792, 'bp': 5074.0, 'fp': 5032.0, 'cr': 4988.0, 'bc': 5037.0, 'timestamp': '2026-02-11 05:54:38'}
⚠️ MQTT disconnected, reason: 7
⚠️ Not connected to MQTT, retrying...
✅ Connected to AWS IoT Core
⚠️ MQTT disconnected, reason: 7
✅ Connected to AWS IoT Core
⚠️ MQTT disconnected, reason: 7
✅ Connected to AWS IoT Core
⚠️ MQTT disconnected, reason: 7
✅ Connected to AWS IoT Core
✅ Connected to AWS IoT Core
⚠️ MQTT disconnected, reason: 7
⚠️ Not connected to MQTT, retrying...
✅ Connected to AWS IoT Core
⚠️ MQTT disconnected, reason: 7
✅ Connected to AWS IoT Core
⚠️ MQTT disconnected, reason: 7
✅ Connected to AWS IoT Core
⚠️ MQTT disconnected, reason: 7
✅ Connected to AWS IoT Core
⚠️ MQTT disconnected, reason: 7
✅ Connected to AWS IoT Core
⚠️ MQTT disconnected, reason: 7
✅ Connected to AWS IoT Core
⚠️ MQTT disconnected, reason: 7
✅ Connected to AWS IoT Core
⚠️ MQTT disconnected, reason: 7
⚠️ Not connected to MQTT, retrying...
✅ Connected to AWS IoT Core
⚠️ MQTT disconnected, reason: 7
⚠️ MQTT disconnected, reason: 7
✅ Connected to AWS IoT Core
⚠️ MQTT disconnected, reason: 7
✅ Connected to AWS IoT Core
⚠️ MQTT disconnected, reason: 7
✅ Connected to AWS IoT Core
✅ Connected to AWS IoT Core
⚠️ MQTT disconnected, reason: 7
⚠️ Not connected to MQTT, retrying...
✅ Connected to AWS IoT Core
⚠️ MQTT disconnected, reason: 7
✅ Connected to AWS IoT Core
⚠️ MQTT disconnected, reason: 7
✅ Connected to AWS IoT Core
⚠️ MQTT disconnected, reason: 7
✅ Connected to AWS IoT Core
⚠️ MQTT disconnected, reason: 7
✅ Connected to AWS IoT Core
⚠️ MQTT disconnected, reason: 7
✅ Connected to AWS IoT Core
⚠️ MQTT disconnected, reason: 7
✅ Connected to AWS IoT Core
⚠️ MQTT disconnected, reason: 7
✅ Connected to AWS IoT Core
⚠️ MQTT disconnected, reason: 7
✅ Connected to AWS IoT Core
⚠️ MQTT disconnected, reason: 7
✅ Connected to AWS IoT Core
⚠️ MQTT disconnected, reason: 7
✅ Connected to AWS IoT Core
⚠️ MQTT disconnected, reason: 7
✅ Connected to AWS IoT Core
⚠️ MQTT disconnected, reason: 7
✅ Connected to AWS IoT Core
⚠️ MQTT disconnected, reason: 7
⚠️ MQTT disconnected, reason: 7
✅ Connected to AWS IoT Core
⚠️ MQTT disconnected, reason: 7
✅ Connected to AWS IoT Core
⚠️ MQTT disconnected, reason: 7
✅ Connected to AWS IoT Core
⚠️ MQTT disconnected, reason: 7
⚠️ MQTT disconnected, reason: 7
✅ Connected to AWS IoT Core
✅ Connected to AWS IoT Core
✅ Uploaded | id=8797 BP=2784.0 FP=27320.0 CR=4743.0 BC=26648.0 timestamp="2026-02-11 05:57:49"
📤 AWS IoT Sent {'id': 8797, 'bp': 2784.0, 'fp': 27320.0, 'cr': 4743.0, 'bc': 26648.0, 'timestamp': '2026-02-11 05:57:49'}
⚠️ MQTT disconnected, reason: 7
⚠️ Not connected to MQTT, retrying...
⚠️ MQTT disconnected, reason: 7
✅ Connected to AWS IoT Core
✅ Connected to AWS IoT Core
⚠️ MQTT disconnected, reason: 7
⚠️ Not connected to MQTT, retrying...
✅ Connected to AWS IoT Core
⚠️ MQTT disconnected, reason: 7
⚠️ Not connected to MQTT, retrying...
✅ Connected to AWS IoT Core
⚠️ MQTT disconnected, reason: 7
⚠️ Not connected to MQTT, retrying...
✅ Connected to AWS IoT Core
⚠️ MQTT disconnected, reason: 7
✅ Connected to AWS IoT Core
⚠️ MQTT disconnected, reason: 7
⚠️ Not connected to MQTT, retrying...
✅ Connected to AWS IoT Core
⚠️ MQTT disconnected, reason: 7
⚠️ Not connected to MQTT, retrying...
✅ Connected to AWS IoT Core
✅ Uploaded | id=8803 BP=2125.0 FP=27570.0 CR=4190.0 BC=27082.0 timestamp="2026-02-11 05:58:20"
📤 AWS IoT Sent {'id': 8803, 'bp': 2125.0, 'fp': 27570.0, 'cr': 4190.0, 'bc': 27082.0, 'timestamp': '2026-02-11 05:58:20'}
⚠️ MQTT disconnected, reason: 7
⚠️ Not connected to MQTT, retrying...
✅ Connected to AWS IoT Core
✅ Uploaded | id=8804 BP=18999.0 FP=16342.0 CR=16114.0 BC=17701.0 timestamp="2026-02-11 05:58:25"
📤 AWS IoT Sent {'id': 8804, 'bp': 18999.0, 'fp': 16342.0, 'cr': 16114.0, 'bc': 17701.0, 'timestamp': '2026-02-11 05:58:25'}
✅ Uploaded | id=8805 BP=26846.0 FP=4631.0 CR=27629.0 BC=3613.0 timestamp="2026-02-11 05:58:30"
📤 AWS IoT Sent {'id': 8805, 'bp': 26846.0, 'fp': 4631.0, 'cr': 27629.0, 'bc': 3613.0, 'timestamp': '2026-02-11 05:58:30'}
✅ Uploaded | id=8806 BP=3885.0 FP=27613.0 CR=3837.0 BC=27163.0 timestamp="2026-02-11 05:58:35"
📤 AWS IoT Sent {'id': 8806, 'bp': 3885.0, 'fp': 27613.0, 'cr': 3837.0, 'bc': 27163.0, 'timestamp': '2026-02-11 05:58:35'}
✅ Uploaded | id=8807 BP=28577.0 FP=1863.0 CR=27973.0 BC=4451.0 timestamp="2026-02-11 05:58:40"
📤 AWS IoT Sent {'id': 8807, 'bp': 28577.0, 'fp': 1863.0, 'cr': 27973.0, 'bc': 4451.0, 'timestamp': '2026-02-11 05:58:40'}
✅ Uploaded | id=8808 BP=13724.0 FP=18188.0 CR=15555.0 BC=16763.0 timestamp="2026-02-11 05:58:45"
📤 AWS IoT Sent {'id': 8808, 'bp': 13724.0, 'fp': 18188.0, 'cr': 15555.0, 'bc': 16763.0, 'timestamp': '2026-02-11 05:58:45'}
⚠️ MQTT disconnected, reason: 7
⚠️ Not connected to MQTT, retrying...
⚠️ MQTT disconnected, reason: 7
✅ Connected to AWS IoT Core
⚠️ MQTT disconnected, reason: 7
✅ Connected to AWS IoT Core
⚠️ MQTT disconnected, reason: 7
✅ Connected to AWS IoT Core
⚠️ MQTT disconnected, reason: 7
⚠️ Not connected to MQTT, retrying...
⚠️ MQTT disconnected, reason: 7
✅ Connected to AWS IoT Core
⚠️ MQTT disconnected, reason: 7
⚠️ Not connected to MQTT, retrying...
✅ Connected to AWS IoT Core
⚠️ MQTT disconnected, reason: 7
✅ Connected to AWS IoT Core
⚠️ MQTT disconnected, reason: 7
✅ Connected to AWS IoT Core
⚠️ MQTT disconnected, reason: 7
✅ Connected to AWS IoT Core
⚠️ MQTT disconnected, reason: 7
✅ Connected to AWS IoT Core
⚠️ MQTT disconnected, reason: 7
✅ Connected to AWS IoT Core
⚠️ MQTT disconnected, reason: 7
✅ Connected to AWS IoT Core
✅ Connected to AWS IoT Core
⚠️ MQTT disconnected, reason: 7
✅ Connected to AWS IoT Core
⚠️ MQTT disconnected, reason: 7
✅ Connected to AWS IoT Core
⚠️ MQTT disconnected, reason: 7
✅ Connected to AWS IoT Core
⚠️ MQTT disconnected, reason: 7
✅ Connected to AWS IoT Core
⚠️ MQTT disconnected, reason: 7
✅ Connected to AWS IoT Core
⚠️ MQTT disconnected, reason: 7
✅ Connected to AWS IoT Core
⚠️ MQTT disconnected, reason: 7
⚠️ MQTT disconnected, reason: 7
✅ Connected to AWS IoT Core
⚠️ MQTT disconnected, reason: 7
⚠️ MQTT disconnected, reason: 7
✅ Connected to AWS IoT Core
⚠️ MQTT disconnected, reason: 7
✅ Connected to AWS IoT Core
⚠️ MQTT disconnected, reason: 7
✅ Connected to AWS IoT Core
⚠️ MQTT disconnected, reason: 7
⚠️ MQTT disconnected, reason: 7
✅ Connected to AWS IoT Core
⚠️ MQTT disconnected, reason: 7
✅ Connected to AWS IoT Core
⚠️ MQTT disconnected, reason: 7
⚠️ MQTT disconnected, reason: 7
✅ Connected to AWS IoT Core
✅ Connected to AWS IoT Core
⚠️ MQTT disconnected, reason: 7
⚠️ Not connected to MQTT, retrying...
✅ Connected to AWS IoT Core
⚠️ MQTT disconnected, reason: 7
✅ Connected to AWS IoT Core
⚠️ MQTT disconnected, reason: 7
✅ Connected to AWS IoT Core
⚠️ MQTT disconnected, reason: 7
✅ Connected to AWS IoT Core
✅ Connected to AWS IoT Core
⚠️ MQTT disconnected, reason: 7
⚠️ Not connected to MQTT, retrying...
✅ Connected to AWS IoT Core
⚠️ MQTT disconnected, reason: 7
⚠️ MQTT disconnected, reason: 7
✅ Connected to AWS IoT Core
⚠️ MQTT disconnected, reason: 7
✅ Connected to AWS IoT Core
⚠️ MQTT disconnected, reason: 7
✅ Connected to AWS IoT Core
⚠️ MQTT disconnected, reason: 7
⚠️ Not connected to MQTT, retrying...
⚠️ MQTT disconnected, reason: 7
✅ Connected to AWS IoT Core
⚠️ MQTT disconnected, reason: 7
⚠️ Not connected to MQTT, retrying...
✅ Connected to AWS IoT Core
⚠️ MQTT disconnected, reason: 7
✅ Connected to AWS IoT Core
✅ Connected to AWS IoT Core
⚠️ MQTT disconnected, reason: 7
✅ Connected to AWS IoT Core
⚠️ MQTT disconnected, reason: 7
✅ Connected to AWS IoT Core
⚠️ MQTT disconnected, reason: 7
✅ Connected to AWS IoT Core
✅ Connected to AWS IoT Core
⚠️ MQTT disconnected, reason: 7
⚠️ Not connected to MQTT, retrying...
✅ Connected to AWS IoT Core
✅ Connected to AWS IoT Core
⚠️ MQTT disconnected, reason: 7
✅ Connected to AWS IoT Core
⚠️ MQTT disconnected, reason: 7
✅ Connected to AWS IoT Core
⚠️ MQTT disconnected, reason: 7
✅ Connected to AWS IoT Core
⚠️ MQTT disconnected, reason: 7
✅ Connected to AWS IoT Core
⚠️ MQTT disconnected, reason: 7
⚠️ Not connected to MQTT, retrying...
✅ Connected to AWS IoT Core
⚠️ MQTT disconnected, reason: 7
✅ Connected to AWS IoT Core
⚠️ MQTT disconnected, reason: 7
✅ Connected to AWS IoT Core
⚠️ MQTT disconnected, reason: 7
⚠️ MQTT disconnected, reason: 7
✅ Connected to AWS IoT Core
⚠️ MQTT disconnected, reason: 7
✅ Connected to AWS IoT Core
⚠️ MQTT disconnected, reason: 7
✅ Connected to AWS IoT Core
⚠️ MQTT disconnected, reason: 7
✅ Connected to AWS IoT Core
⚠️ MQTT disconnected, reason: 7
✅ Connected to AWS IoT Core
⚠️ MQTT disconnected, reason: 7
✅ Connected to AWS IoT Core
✅ Connected to AWS IoT Core
⚠️ MQTT disconnected, reason: 7
⚠️ Not connected to MQTT, retrying...
✅ Connected to AWS IoT Core
⚠️ MQTT disconnected, reason: 7
⚠️ Not connected to MQTT, retrying...
✅ Connected to AWS IoT Core
⚠️ MQTT disconnected, reason: 7
✅ Connected to AWS IoT Core
⚠️ MQTT disconnected, reason: 7
✅ Connected to AWS IoT Core
⚠️ MQTT disconnected, reason: 7
✅ Connected to AWS IoT Core
⚠️ MQTT disconnected, reason: 7
✅ Connected to AWS IoT Core
⚠️ MQTT disconnected, reason: 7
✅ Connected to AWS IoT Core
⚠️ MQTT disconnected, reason: 7
⚠️ Not connected to MQTT, retrying...
✅ Connected to AWS IoT Core
⚠️ MQTT disconnected, reason: 7
⚠️ MQTT disconnected, reason: 7
✅ Connected to AWS IoT Core
⚠️ MQTT disconnected, reason: 7
✅ Connected to AWS IoT Core
⚠️ MQTT disconnected, reason: 7
✅ Connected to AWS IoT Core
⚠️ MQTT disconnected, reason: 7
✅ Connected to AWS IoT Core
⚠️ MQTT disconnected, reason: 7
✅ Connected to AWS IoT Core
⚠️ MQTT disconnected, reason: 7
✅ Connected to AWS IoT Core
⚠️ MQTT disconnected, reason: 7
✅ Connected to AWS IoT Core
⚠️ MQTT disconnected, reason: 7
✅ Connected to AWS IoT Core
⚠️ MQTT disconnected, reason: 7
⚠️ MQTT disconnected, reason: 7
✅ Connected to AWS IoT Core
✅ Connected to AWS IoT Core
⚠️ MQTT disconnected, reason: 7
⚠️ Not connected to MQTT, retrying...
✅ Connected to AWS IoT Core
⚠️ MQTT disconnected, reason: 7
✅ Connected to AWS IoT Core
⚠️ MQTT disconnected, reason: 7
✅ Connected to AWS IoT Core
⚠️ MQTT disconnected, reason: 7
⚠️ Not connected to MQTT, retrying...
⚠️ MQTT disconnected, reason: 7
✅ Connected to AWS IoT Core
⚠️ MQTT disconnected, reason: 7
✅ Connected to AWS IoT Core
⚠️ MQTT disconnected, reason: 7
✅ Connected to AWS IoT Core
⚠️ MQTT disconnected, reason: 7
✅ Connected to AWS IoT Core
⚠️ MQTT disconnected, reason: 7
✅ Connected to AWS IoT Core
⚠️ MQTT disconnected, reason: 7
✅ Connected to AWS IoT Core
⚠️ MQTT disconnected, reason: 7
✅ Connected to AWS IoT Core
⚠️ MQTT disconnected, reason: 7
✅ Connected to AWS IoT Core
⚠️ MQTT disconnected, reason: 7
✅ Connected to AWS IoT Core
⚠️ MQTT disconnected, reason: 7
✅ Connected to AWS IoT Core
⚠️ MQTT disconnected, reason: 7
✅ Connected to AWS IoT Core
⚠️ MQTT disconnected, reason: 7
✅ Connected to AWS IoT Core
⚠️ MQTT disconnected, reason: 7
✅ Connected to AWS IoT Core
⚠️ MQTT disconnected, reason: 7
✅ Connected to AWS IoT Core
⚠️ MQTT disconnected, reason: 7
✅ Connected to AWS IoT Core
⚠️ MQTT disconnected, reason: 7
✅ Connected to AWS IoT Core
⚠️ MQTT disconnected, reason: 7
✅ Connected to AWS IoT Core
⚠️ MQTT disconnected, reason: 7
⚠️ MQTT disconnected, reason: 7
✅ Connected to AWS IoT Core
✅ Connected to AWS IoT Core
⚠️ MQTT disconnected, reason: 7
⚠️ Not connected to MQTT, retrying...
✅ Connected to AWS IoT Core
⚠️ MQTT disconnected, reason: 7
⚠️ MQTT disconnected, reason: 7
✅ Connected to AWS IoT Core
⚠️ MQTT disconnected, reason: 7
⚠️ Not connected to MQTT, retrying...
✅ Connected to AWS IoT Core
⚠️ MQTT disconnected, reason: 7
✅ Connected to AWS IoT Core
✅ Connected to AWS IoT Core
⚠️ MQTT disconnected, reason: 7
⚠️ Not connected to MQTT, retrying...
✅ Connected to AWS IoT Core
⚠️ MQTT disconnected, reason: 7
✅ Connected to AWS IoT Core
⚠️ MQTT disconnected, reason: 7
✅ Connected to AWS IoT Core
⚠️ MQTT disconnected, reason: 7
✅ Connected to AWS IoT Core
⚠️ MQTT disconnected, reason: 7
⚠️ MQTT disconnected, reason: 7
✅ Connected to AWS IoT Core
⚠️ MQTT disconnected, reason: 7
✅ Connected to AWS IoT Core
⚠️ MQTT disconnected, reason: 7
✅ Connected to AWS IoT Core
⚠️ MQTT disconnected, reason: 7
⚠️ MQTT disconnected, reason: 7
✅ Connected to AWS IoT Core
⚠️ MQTT disconnected, reason: 7
✅ Connected to AWS IoT Core
✅ Connected to AWS IoT Core
⚠️ MQTT disconnected, reason: 7
⚠️ Not connected to MQTT, retrying...
✅ Connected to AWS IoT Core
⚠️ MQTT disconnected, reason: 7
✅ Connected to AWS IoT Core
⚠️ MQTT disconnected, reason: 7
✅ Connected to AWS IoT Core
⚠️ MQTT disconnected, reason: 7
✅ Connected to AWS IoT Core
⚠️ MQTT disconnected, reason: 7
✅ Connected to AWS IoT Core
⚠️ MQTT disconnected, reason: 7
✅ Connected to AWS IoT Core
⚠️ MQTT disconnected, reason: 7
⚠️ MQTT disconnected, reason: 7
✅ Connected to AWS IoT Core
⚠️ MQTT disconnected, reason: 7
✅ Connected to AWS IoT Core
⚠️ MQTT disconnected, reason: 7
✅ Connected to AWS IoT Core
⚠️ MQTT disconnected, reason: 7
⚠️ MQTT disconnected, reason: 7
✅ Connected to AWS IoT Core
⚠️ MQTT disconnected, reason: 7
✅ Connected to AWS IoT Core
⚠️ MQTT disconnected, reason: 7
✅ Connected to AWS IoT Core
⚠️ MQTT disconnected, reason: 7
✅ Connected to AWS IoT Core
⚠️ MQTT disconnected, reason: 7
⚠️ MQTT disconnected, reason: 7
✅ Connected to AWS IoT Core
⚠️ MQTT disconnected, reason: 7
⚠️ Not connected to MQTT, retrying...
✅ Connected to AWS IoT Core
⚠️ MQTT disconnected, reason: 7
✅ Connected to AWS IoT Core
⚠️ MQTT disconnected, reason: 7
✅ Connected to AWS IoT Core
⚠️ MQTT disconnected, reason: 7
✅ Connected to AWS IoT Core
⚠️ MQTT disconnected, reason: 7
⚠️ Not connected to MQTT, retrying...
✅ Connected to AWS IoT Core
⚠️ MQTT disconnected, reason: 7
✅ Connected to AWS IoT Core
⚠️ MQTT disconnected, reason: 7
✅ Connected to AWS IoT Core
⚠️ MQTT disconnected, reason: 7
⚠️ MQTT disconnected, reason: 7
✅ Connected to AWS IoT Core
✅ Connected to AWS IoT Core
⚠️ MQTT disconnected, reason: 7
⚠️ Not connected to MQTT, retrying...
✅ Connected to AWS IoT Core
⚠️ MQTT disconnected, reason: 7
✅ Connected to AWS IoT Core
⚠️ MQTT disconnected, reason: 7
✅ Connected to AWS IoT Core
⚠️ MQTT disconnected, reason: 7
✅ Connected to AWS IoT Core
⚠️ MQTT disconnected, reason: 7
⚠️ Not connected to MQTT, retrying...
✅ Connected to AWS IoT Core
✅ Connected to AWS IoT Core
⚠️ MQTT disconnected, reason: 7
⚠️ Not connected to MQTT, retrying...
✅ Connected to AWS IoT Core
⚠️ MQTT disconnected, reason: 7
✅ Connected to AWS IoT Core
⚠️ MQTT disconnected, reason: 7
⚠️ Not connected to MQTT, retrying...
✅ Connected to AWS IoT Core
⚠️ MQTT disconnected, reason: 7
✅ Connected to AWS IoT Core
⚠️ MQTT disconnected, reason: 7
✅ Connected to AWS IoT Core
⚠️ MQTT disconnected, reason: 7
✅ Connected to AWS IoT Core
⚠️ MQTT disconnected, reason: 7
✅ Connected to AWS IoT Core
⚠️ MQTT disconnected, reason: 7
✅ Connected to AWS IoT Core
⚠️ MQTT disconnected, reason: 7
✅ Connected to AWS IoT Core
⚠️ MQTT disconnected, reason: 7
✅ Connected to AWS IoT Core
⚠️ MQTT disconnected, reason: 7
✅ Connected to AWS IoT Core
⚠️ MQTT disconnected, reason: 7
✅ Connected to AWS IoT Core/home/pi_123/data/src/pressure_project/system_upload.py:78: DeprecationWarning: Callback API version 1 is deprecated, update to latest version
  client = mqtt.Client(client_id=CLIENT_ID, protocol=mqtt.MQTTv311)
=== DEBUG START ===
DB exists: True
CA exists: True
CERT exists: True
KEY exists: True
=== DEBUG END ===
⚠️ Network not ready, waiting 5s...
✅ Connected to AWS IoT Core
⚠️ MQTT disconnected, reason: 7
❌ MQTT connect failed: [Errno -3] Temporary failure in name resolution
❌ MQTT connect failed: [Errno -3] Temporary failure in name resolution
❌ MQTT connect failed: [Errno -3] Temporary failure in name resolution
❌ MQTT connect failed: [Errno -3] Temporary failure in name resolution
❌ MQTT connect failed: timed out
❌ MQTT connect failed: timed out
✅ Connected to AWS IoT Core
✅ Connected to AWS IoT Core
⚠️ MQTT disconnected, reason: 7
⚠️ Not connected to MQTT, retrying...
✅ Connected to AWS IoT Core
⚠️ MQTT disconnected, reason: 7
✅ Connected to AWS IoT Core
⚠️ MQTT disconnected, reason: 7
⚠️ MQTT disconnected, reason: 7
✅ Connected to AWS IoT Core
✅ Connected to AWS IoT Core
⚠️ MQTT disconnected, reason: 7
⚠️ Not connected to MQTT, retrying...
✅ Connected to AWS IoT Core
✅ Connected to AWS IoT Core
⚠️ MQTT disconnected, reason: 7
⚠️ Not connected to MQTT, retrying...
✅ Connected to AWS IoT Core
⚠️ MQTT disconnected, reason: 7
✅ Connected to AWS IoT Core
⚠️ MQTT disconnected, reason: 7
✅ Connected to AWS IoT Core
✅ Connected to AWS IoT Core
⚠️ MQTT disconnected, reason: 7
⚠️ Not connected to MQTT, retrying...
✅ Connected to AWS IoT Core
⚠️ MQTT disconnected, reason: 7
✅ Connected to AWS IoT Core
⚠️ MQTT disconnected, reason: 7
✅ Connected to AWS IoT Core
⚠️ MQTT disconnected, reason: 7
✅ Connected to AWS IoT Core
⚠️ MQTT disconnected, reason: 7
✅ Connected to AWS IoT Core
⚠️ MQTT disconnected, reason: 7
⚠️ Not connected to MQTT, retrying...
✅ Connected to AWS IoT Core
⚠️ MQTT disconnected, reason: 7
✅ Connected to AWS IoT Core
⚠️ MQTT disconnected, reason: 7
⚠️ Not connected to MQTT, retrying...
✅ Connected to AWS IoT Core
⚠️ MQTT disconnected, reason: 7
✅ Connected to AWS IoT Core
✅ Connected to AWS IoT Core
⚠️ MQTT disconnected, reason: 7
✅ Connected to AWS IoT Core
⚠️ MQTT disconnected, reason: 7
✅ Connected to AWS IoT Core
✅ Connected to AWS IoT Core
⚠️ MQTT disconnected, reason: 7
⚠️ Not connected to MQTT, retrying...
✅ Connected to AWS IoT Core
⚠️ MQTT disconnected, reason: 7
✅ Connected to AWS IoT Core
⚠️ MQTT disconnected, reason: 7
✅ Connected to AWS IoT Core
⚠️ MQTT disconnected, reason: 7
✅ Connected to AWS IoT Core
⚠️ MQTT disconnected, reason: 7
✅ Connected to AWS IoT Core
⚠️ MQTT disconnected, reason: 7
✅ Connected to AWS IoT Core
⚠️ MQTT disconnected, reason: 7
✅ Connected to AWS IoT Core
⚠️ MQTT disconnected, reason: 7
✅ Connected to AWS IoT Core
⚠️ MQTT disconnected, reason: 7
✅ Connected to AWS IoT Core
⚠️ MQTT disconnected, reason: 7
✅ Connected to AWS IoT Core
⚠️ MQTT disconnected, reason: 7
✅ Connected to AWS IoT Core
⚠️ MQTT disconnected, reason: 7
✅ Connected to AWS IoT Core
⚠️ MQTT disconnected, reason: 7
✅ Connected to AWS IoT Core
✅ Connected to AWS IoT Core
⚠️ MQTT disconnected, reason: 7
⚠️ Not connected to MQTT, retrying...
✅ Connected to AWS IoT Core
⚠️ MQTT disconnected, reason: 7
✅ Connected to AWS IoT Core
✅ Connected to AWS IoT Core
⚠️ MQTT disconnected, reason: 7
⚠️ Not connected to MQTT, retrying...
✅ Connected to AWS IoT Core
⚠️ MQTT disconnected, reason: 7
✅ Connected to AWS IoT Core
⚠️ MQTT disconnected, reason: 7
✅ Connected to AWS IoT Core
⚠️ MQTT disconnected, reason: 7
✅ Connected to AWS IoT Core
⚠️ MQTT disconnected, reason: 7
✅ Connected to AWS IoT Core
✅ Connected to AWS IoT Core
⚠️ MQTT disconnected, reason: 7
⚠️ Not connected to MQTT, retrying...
✅ Connected to AWS IoT Core
⚠️ MQTT disconnected, reason: 7
✅ Connected to AWS IoT Core
⚠️ MQTT disconnected, reason: 7
⚠️ Not connected to MQTT, retrying...
✅ Connected to AWS IoT Core
✅ Connected to AWS IoT Core
⚠️ MQTT disconnected, reason: 7
⚠️ Not connected to MQTT, retrying...
✅ Connected to AWS IoT Core
⚠️ MQTT disconnected, reason: 7
✅ Connected to AWS IoT Core
✅ Connected to AWS IoT Core
⚠️ MQTT disconnected, reason: 7
⚠️ Not connected to MQTT, retrying...
✅ Connected to AWS IoT Core
⚠️ MQTT disconnected, reason: 7
⚠️ Not connected to MQTT, retrying...
⚠️ MQTT disconnected, reason: 7
✅ Connected to AWS IoT Core
✅ Connected to AWS IoT Core
⚠️ MQTT disconnected, reason: 7
⚠️ Not connected to MQTT, retrying...
✅ Connected to AWS IoT Core
✅ Connected to AWS IoT Core
⚠️ MQTT disconnected, reason: 7
⚠️ Not connected to MQTT, retrying...
✅ Connected to AWS IoT Core
✅ Connected to AWS IoT Core
⚠️ MQTT disconnected, reason: 7
⚠️ Not connected to MQTT, retrying...
✅ Connected to AWS IoT Core
⚠️ MQTT disconnected, reason: 7
✅ Connected to AWS IoT Core
⚠️ MQTT disconnected, reason: 7
✅ Connected to AWS IoT Core
⚠️ MQTT disconnected, reason: 7
✅ Connected to AWS IoT Core
⚠️ MQTT disconnected, reason: 7
✅ Connected to AWS IoT Core
⚠️ MQTT disconnected, reason: 7
✅ Connected to AWS IoT Core
⚠️ MQTT disconnected, reason: 7
✅ Connected to AWS IoT Core
⚠️ MQTT disconnected, reason: 7
✅ Connected to AWS IoT Core
⚠️ MQTT disconnected, reason: 7
✅ Connected to AWS IoT Core
⚠️ MQTT disconnected, reason: 7
✅ Connected to AWS IoT Core
⚠️ MQTT disconnected, reason: 7
✅ Connected to AWS IoT Core
⚠️ MQTT disconnected, reason: 7
✅ Connected to AWS IoT Core
⚠️ MQTT disconnected, reason: 7
✅ Connected to AWS IoT Core
⚠️ MQTT disconnected, reason: 7
⚠️ Not connected to MQTT, retrying...
✅ Connected to AWS IoT Core
⚠️ MQTT disconnected, reason: 7
✅ Connected to AWS IoT Core
⚠️ MQTT disconnected, reason: 7
✅ Connected to AWS IoT Core
⚠️ MQTT disconnected, reason: 7
⚠️ MQTT disconnected, reason: 7
✅ Connected to AWS IoT Core
⚠️ MQTT disconnected, reason: 7
⚠️ MQTT disconnected, reason: 7
✅ Connected to AWS IoT Core
⚠️ MQTT disconnected, reason: 7
✅ Connected to AWS IoT Core
⚠️ MQTT disconnected, reason: 7
⚠️ MQTT disconnected, reason: 7
✅ Connected to AWS IoT Core
⚠️ MQTT disconnected, reason: 7
✅ Connected to AWS IoT Core
⚠️ MQTT disconnected, reason: 7
✅ Connected to AWS IoT Core
⚠️ MQTT disconnected, reason: 7
✅ Connected to AWS IoT Core
⚠️ MQTT disconnected, reason: 7
✅ Connected to AWS IoT Core
⚠️ MQTT disconnected, reason: 7
✅ Connected to AWS IoT Core
⚠️ MQTT disconnected, reason: 7
✅ Connected to AWS IoT Core
⚠️ MQTT disconnected, reason: 7
✅ Connected to AWS IoT Core
⚠️ MQTT disconnected, reason: 7
✅ Connected to AWS IoT Core
⚠️ MQTT disconnected, reason: 7
✅ Connected to AWS IoT Core
⚠️ MQTT disconnected, reason: 7
✅ Connected to AWS IoT Core
⚠️ MQTT disconnected, reason: 7
✅ Connected to AWS IoT Core
⚠️ MQTT disconnected, reason: 7
⚠️ MQTT disconnected, reason: 7
✅ Connected to AWS IoT Core
⚠️ MQTT disconnected, reason: 7
✅ Connected to AWS IoT Core
⚠️ MQTT disconnected, reason: 7
⚠️ Not connected to MQTT, retrying...
✅ Connected to AWS IoT Core
⚠️ MQTT disconnected, reason: 7
✅ Connected to AWS IoT Core
✅ Connected to AWS IoT Core
⚠️ MQTT disconnected, reason: 7
⚠️ Not connected to MQTT, retrying...
✅ Connected to AWS IoT Core
⚠️ MQTT disconnected, reason: 7
⚠️ Not connected to MQTT, retrying...
✅ Connected to AWS IoT Core
⚠️ MQTT disconnected, reason: 7
✅ Connected to AWS IoT Core
⚠️ MQTT disconnected, reason: 7
✅ Connected to AWS IoT Core
⚠️ MQTT disconnected, reason: 7
✅ Connected to AWS IoT Core
⚠️ MQTT disconnected, reason: 7
⚠️ MQTT disconnected, reason: 7
✅ Connected to AWS IoT Core
✅ Connected to AWS IoT Core
⚠️ MQTT disconnected, reason: 7
✅ Connected to AWS IoT Core
⚠️ MQTT disconnected, reason: 7
✅ Connected to AWS IoT Core
⚠️ MQTT disconnected, reason: 7
✅ Connected to AWS IoT Core
⚠️ MQTT disconnected, reason: 7
✅ Connected to AWS IoT Core
⚠️ MQTT disconnected, reason: 7
✅ Connected to AWS IoT Core
⚠️ MQTT disconnected, reason: 7
✅ Connected to AWS IoT Core
⚠️ MQTT disconnected, reason: 7
⚠️ MQTT disconnected, reason: 7
✅ Connected to AWS IoT Core
⚠️ MQTT disconnected, reason: 7
✅ Connected to AWS IoT Core
⚠️ MQTT disconnected, reason: 7
✅ Connected to AWS IoT Core
✅ Connected to AWS IoT Core
⚠️ MQTT disconnected, reason: 7
⚠️ Not connected to MQTT, retrying...
✅ Connected to AWS IoT Core
✅ Connected to AWS IoT Core
⚠️ MQTT disconnected, reason: 7
⚠️ Not connected to MQTT, retrying...
✅ Connected to AWS IoT Core
⚠️ MQTT disconnected, reason: 7
✅ Connected to AWS IoT Core
⚠️ MQTT disconnected, reason: 7
✅ Connected to AWS IoT Core
✅ Connected to AWS IoT Core
⚠️ MQTT disconnected, reason: 7
⚠️ Not connected to MQTT, retrying...
✅ Connected to AWS IoT Core
⚠️ MQTT disconnected, reason: 7
✅ Connected to AWS IoT Core
⚠️ MQTT disconnected, reason: 7
✅ Connected to AWS IoT Core
⚠️ MQTT disconnected, reason: 7
✅ Connected to AWS IoT Core
⚠️ MQTT disconnected, reason: 7
✅ Connected to AWS IoT Core
⚠️ MQTT disconnected, reason: 7
✅ Connected to AWS IoT Core
⚠️ MQTT disconnected, reason: 7
✅ Connected to AWS IoT Core
⚠️ MQTT disconnected, reason: 7
✅ Connected to AWS IoT Core
⚠️ MQTT disconnected, reason: 7
✅ Connected to AWS IoT Core
⚠️ MQTT disconnected, reason: 7
✅ Connected to AWS IoT Core
✅ Connected to AWS IoT Core
⚠️ MQTT disconnected, reason: 7
⚠️ Not connected to MQTT, retrying...
✅ Connected to AWS IoT Core
✅ Connected to AWS IoT Core
⚠️ MQTT disconnected, reason: 7
⚠️ Not connected to MQTT, retrying...
✅ Connected to AWS IoT Core
✅ Connected to AWS IoT Core
⚠️ MQTT disconnected, reason: 7
⚠️ Not connected to MQTT, retrying...
✅ Connected to AWS IoT Core
⚠️ MQTT disconnected, reason: 7
✅ Connected to AWS IoT Core
✅ Connected to AWS IoT Core
⚠️ MQTT disconnected, reason: 7
⚠️ Not connected to MQTT, retrying...
✅ Connected to AWS IoT Core
✅ Connected to AWS IoT Core
⚠️ MQTT disconnected, reason: 7
⚠️ Not connected to MQTT, retrying...
✅ Connected to AWS IoT Core
⚠️ MQTT disconnected, reason: 7
⚠️ MQTT disconnected, reason: 7
✅ Connected to AWS IoT Core
⚠️ MQTT disconnected, reason: 7
✅ Connected to AWS IoT Core
⚠️ MQTT disconnected, reason: 7
✅ Connected to AWS IoT Core
⚠️ MQTT disconnected, reason: 7
✅ Connected to AWS IoT Core
⚠️ MQTT disconnected, reason: 7
✅ Connected to AWS IoT Core
✅ Connected to AWS IoT Core
⚠️ MQTT disconnected, reason: 7
⚠️ Not connected to MQTT, retrying...
✅ Connected to AWS IoT Core
✅ Connected to AWS IoT Core
⚠️ MQTT disconnected, reason: 7
⚠️ Not connected to MQTT, retrying...
✅ Connected to AWS IoT Core
✅ Connected to AWS IoT Core
⚠️ MQTT disconnected, reason: 7
⚠️ Not connected to MQTT, retrying...
✅ Connected to AWS IoT Core
⚠️ MQTT disconnected, reason: 7
✅ Connected to AWS IoT Core
⚠️ MQTT disconnected, reason: 7
⚠️ Not connected to MQTT, retrying...
✅ Connected to AWS IoT Core
⚠️ MQTT disconnected, reason: 7
✅ Connected to AWS IoT Core
⚠️ MQTT disconnected, reason: 7
✅ Connected to AWS IoT Core
⚠️ MQTT disconnected, reason: 7
✅ Connected to AWS IoT Core
⚠️ MQTT disconnected, reason: 7
✅ Connected to AWS IoT Core
⚠️ MQTT disconnected, reason: 7
✅ Connected to AWS IoT Core
⚠️ MQTT disconnected, reason: 7
✅ Connected to AWS IoT Core
⚠️ MQTT disconnected, reason: 7
✅ Connected to AWS IoT Core
⚠️ MQTT disconnected, reason: 7
⚠️ Not connected to MQTT, retrying...
✅ Connected to AWS IoT Core
⚠️ MQTT disconnected, reason: 7
✅ Connected to AWS IoT Core
⚠️ MQTT disconnected, reason: 7
✅ Connected to AWS IoT Core
✅ Uploaded | id=8820 BP=5038.0 FP=5037.0 CR=5003.0 BC=5037.0 timestamp="2026-02-12 05:00:48"
📤 AWS IoT Sent {'id': 8820, 'bp': 5038.0, 'fp': 5037.0, 'cr': 5003.0, 'bc': 5037.0, 'timestamp': '2026-02-12 05:00:48'}
⚠️ MQTT disconnected, reason: 7
⚠️ Not connected to MQTT, retrying...
✅ Connected to AWS IoT Core
⚠️ MQTT disconnected, reason: 7
✅ Connected to AWS IoT Core
⚠️ MQTT disconnected, reason: 7
⚠️ Not connected to MQTT, retrying...
✅ Connected to AWS IoT Core
⚠️ MQTT disconnected, reason: 7
⚠️ MQTT disconnected, reason: 7
✅ Connected to AWS IoT Core
⚠️ MQTT disconnected, reason: 7
✅ Connected to AWS IoT Core
⚠️ MQTT disconnected, reason: 7
✅ Connected to AWS IoT Core
⚠️ MQTT disconnected, reason: 7
✅ Connected to AWS IoT Core
⚠️ MQTT disconnected, reason: 7
✅ Connected to AWS IoT Core
✅ Connected to AWS IoT Core
⚠️ MQTT disconnected, reason: 7
✅ Connected to AWS IoT Core
⚠️ MQTT disconnected, reason: 7
✅ Connected to AWS IoT Core
⚠️ MQTT disconnected, reason: 7
✅ Connected to AWS IoT Core
⚠️ MQTT disconnected, reason: 7
✅ Connected to AWS IoT Core
⚠️ MQTT disconnected, reason: 7
✅ Connected to AWS IoT Core
⚠️ MQTT disconnected, reason: 7
⚠️ MQTT disconnected, reason: 7
✅ Connected to AWS IoT Core
⚠️ MQTT disconnected, reason: 7
✅ Connected to AWS IoT Core
⚠️ MQTT disconnected, reason: 7
✅ Connected to AWS IoT Core
⚠️ MQTT disconnected, reason: 7
⚠️ MQTT disconnected, reason: 7
✅ Connected to AWS IoT Core
⚠️ MQTT disconnected, reason: 7
✅ Connected to AWS IoT Core
⚠️ MQTT disconnected, reason: 7
✅ Connected to AWS IoT Core
⚠️ MQTT disconnected, reason: 7
✅ Connected to AWS IoT Core
⚠️ MQTT disconnected, reason: 7
✅ Connected to AWS IoT Core
⚠️ MQTT disconnected, reason: 7
✅ Connected to AWS IoT Core
⚠️ MQTT disconnected, reason: 7
✅ Connected to AWS IoT Core
⚠️ MQTT disconnected, reason: 7
⚠️ MQTT disconnected, reason: 7
✅ Connected to AWS IoT Core
✅ Connected to AWS IoT Core
✅ Uploaded | id=8824 BP=1711.0 FP=23007.0 CR=4138.0 BC=23037.0 timestamp="2026-02-12 05:01:49"
📤 AWS IoT Sent {'id': 8824, 'bp': 1711.0, 'fp': 23007.0, 'cr': 4138.0, 'bc': 23037.0, 'timestamp': '2026-02-12 05:01:49'}
⚠️ MQTT disconnected, reason: 7
⚠️ Not connected to MQTT, retrying...
✅ Connected to AWS IoT Core
⚠️ MQTT disconnected, reason: 7
✅ Connected to AWS IoT Core
⚠️ MQTT disconnected, reason: 7
✅ Connected to AWS IoT Core
⚠️ MQTT disconnected, reason: 7
⚠️ MQTT disconnected, reason: 7
✅ Connected to AWS IoT Core
⚠️ MQTT disconnected, reason: 7
✅ Connected to AWS IoT Core
⚠️ MQTT disconnected, reason: 7
✅ Connected to AWS IoT Core
⚠️ MQTT disconnected, reason: 7
✅ Connected to AWS IoT Core
⚠️ MQTT disconnected, reason: 7
✅ Connected to AWS IoT Core
⚠️ MQTT disconnected, reason: 7
✅ Connected to AWS IoT Core
⚠️ MQTT disconnected, reason: 7
✅ Connected to AWS IoT Core
✅ Connected to AWS IoT Core
⚠️ MQTT disconnected, reason: 7
⚠️ Not connected to MQTT, retrying...
✅ Connected to AWS IoT Core
⚠️ MQTT disconnected, reason: 7
⚠️ MQTT disconnected, reason: 7
✅ Connected to AWS IoT Core
✅ Connected to AWS IoT Core
⚠️ MQTT disconnected, reason: 7
⚠️ Not connected to MQTT, retrying...
✅ Connected to AWS IoT Core
⚠️ MQTT disconnected, reason: 7
✅ Connected to AWS IoT Core
✅ Connected to AWS IoT Core
⚠️ MQTT disconnected, reason: 7
✅ Connected to AWS IoT Core
⚠️ MQTT disconnected, reason: 7
✅ Connected to AWS IoT Core
⚠️ MQTT disconnected, reason: 7
✅ Connected to AWS IoT Core
⚠️ MQTT disconnected, reason: 7
✅ Connected to AWS IoT Core
✅ Connected to AWS IoT Core
⚠️ MQTT disconnected, reason: 7
⚠️ Not connected to MQTT, retrying...
✅ Connected to AWS IoT Core
⚠️ MQTT disconnected, reason: 7
⚠️ MQTT disconnected, reason: 7
✅ Connected to AWS IoT Core
⚠️ MQTT disconnected, reason: 7
⚠️ Not connected to MQTT, retrying...
✅ Connected to AWS IoT Core
⚠️ MQTT disconnected, reason: 7
✅ Connected to AWS IoT Core
⚠️ MQTT disconnected, reason: 7
✅ Connected to AWS IoT Core
⚠️ MQTT disconnected, reason: 7
✅ Connected to AWS IoT Core
⚠️ MQTT disconnected, reason: 7
✅ Connected to AWS IoT Core
⚠️ MQTT disconnected, reason: 7
✅ Connected to AWS IoT Core
⚠️ MQTT disconnected, reason: 7
✅ Connected to AWS IoT Core
⚠️ MQTT disconnected, reason: 7
✅ Connected to AWS IoT Core
⚠️ MQTT disconnected, reason: 7
✅ Connected to AWS IoT Core
⚠️ MQTT disconnected, reason: 7
✅ Connected to AWS IoT Core
⚠️ MQTT disconnected, reason: 7
✅ Connected to AWS IoT Core
⚠️ MQTT disconnected, reason: 7
✅ Connected to AWS IoT Core
⚠️ MQTT disconnected, reason: 7
✅ Connected to AWS IoT Core
⚠️ MQTT disconnected, reason: 7
⚠️ MQTT disconnected, reason: 7
✅ Connected to AWS IoT Core
⚠️ MQTT disconnected, reason: 7
✅ Connected to AWS IoT Core
⚠️ MQTT disconnected, reason: 7
✅ Connected to AWS IoT Core
⚠️ MQTT disconnected, reason: 7
⚠️ MQTT disconnected, reason: 7
✅ Connected to AWS IoT Core
⚠️ MQTT disconnected, reason: 7
⚠️ MQTT disconnected, reason: 7
✅ Connected to AWS IoT Core
⚠️ MQTT disconnected, reason: 7
✅ Connected to AWS IoT Core
✅ Uploaded | id=8829 BP=23552.0 FP=985.0 CR=23024.0 BC=3328.0 timestamp="2026-02-12 05:02:02"
📤 AWS IoT Sent {'id': 8829, 'bp': 23552.0, 'fp': 985.0, 'cr': 23024.0, 'bc': 3328.0, 'timestamp': '2026-02-12 05:02:02'}
✅ Uploaded | id=8830 BP=6064.0 FP=20555.0 CR=8889.0 BC=16836.0 timestamp="2026-02-12 05:02:04"
📤 AWS IoT Sent {'id': 8830, 'bp': 6064.0, 'fp': 20555.0, 'cr': 8889.0, 'bc': 16836.0, 'timestamp': '2026-02-12 05:02:04'}
✅ Uploaded | id=8831 BP=15278.0 FP=10842.0 CR=17769.0 BC=10145.0 timestamp="2026-02-12 05:02:07"
📤 AWS IoT Sent {'id': 8831, 'bp': 15278.0, 'fp': 10842.0, 'cr': 17769.0, 'bc': 10145.0, 'timestamp': '2026-02-12 05:02:07'}
✅ Uploaded | id=8832 BP=12930.0 FP=15277.0 CR=10681.0 BC=18481.0 timestamp="2026-02-12 05:02:09"
📤 AWS IoT Sent {'id': 8832, 'bp': 12930.0, 'fp': 15277.0, 'cr': 10681.0, 'bc': 18481.0, 'timestamp': '2026-02-12 05:02:09'}
✅ Uploaded | id=8833 BP=4501.0 FP=23827.0 CR=2204.0 BC=23558.0 timestamp="2026-02-12 05:02:12"
📤 AWS IoT Sent {'id': 8833, 'bp': 4501.0, 'fp': 23827.0, 'cr': 2204.0, 'bc': 23558.0, 'timestamp': '2026-02-12 05:02:12'}
⚠️ MQTT disconnected, reason: 7
⚠️ Not connected to MQTT, retrying...
✅ Connected to AWS IoT Core
⚠️ MQTT disconnected, reason: 7
✅ Connected to AWS IoT Core
⚠️ MQTT disconnected, reason: 7
✅ Connected to AWS IoT Core
⚠️ MQTT disconnected, reason: 7
✅ Connected to AWS IoT Core
⚠️ MQTT disconnected, reason: 7
✅ Connected to AWS IoT Core
⚠️ MQTT disconnected, reason: 7
✅ Connected to AWS IoT Core
⚠️ MQTT disconnected, reason: 7
⚠️ MQTT disconnected, reason: 7
✅ Connected to AWS IoT Core
⚠️ MQTT disconnected, reason: 7
✅ Connected to AWS IoT Core
✅ Connected to AWS IoT Core
⚠️ MQTT disconnected, reason: 7
✅ Connected to AWS IoT Core
⚠️ MQTT disconnected, reason: 7
✅ Connected to AWS IoT Core
⚠️ MQTT disconnected, reason: 7
✅ Connected to AWS IoT Core
⚠️ MQTT disconnected, reason: 7
✅ Connected to AWS IoT Core
⚠️ MQTT disconnected, reason: 7
✅ Uploaded | id=8841 BP=17576.0 FP=10246.0 CR=16609.0 BC=12298.0 timestamp="2026-02-12 05:02:32"
📤 AWS IoT Sent {'id': 8841, 'bp': 17576.0, 'fp': 10246.0, 'cr': 16609.0, 'bc': 12298.0, 'timestamp': '2026-02-12 05:02:32'}
⚠️ Not connected to MQTT, retrying...
✅ Connected to AWS IoT Core
⚠️ MQTT disconnected, reason: 7
✅ Connected to AWS IoT Core
⚠️ MQTT disconnected, reason: 7
✅ Connected to AWS IoT Core
⚠️ MQTT disconnected, reason: 7
✅ Connected to AWS IoT Core
⚠️ MQTT disconnected, reason: 7
✅ Connected to AWS IoT Core
⚠️ MQTT disconnected, reason: 7
✅ Connected to AWS IoT Core
⚠️ MQTT disconnected, reason: 7
⚠️ Not connected to MQTT, retrying...
✅ Connected to AWS IoT Core
⚠️ MQTT disconnected, reason: 7
✅ Connected to AWS IoT Core
⚠️ MQTT disconnected, reason: 7
✅ Connected to AWS IoT Core
⚠️ MQTT disconnected, reason: 7
✅ Connected to AWS IoT Core
⚠️ MQTT disconnected, reason: 7
✅ Connected to AWS IoT Core
⚠️ MQTT disconnected, reason: 7
✅ Connected to AWS IoT Core
⚠️ MQTT disconnected, reason: 7
✅ Connected to AWS IoT Core
⚠️ MQTT disconnected, reason: 7
✅ Connected to AWS IoT Core
⚠️ MQTT disconnected, reason: 7
⚠️ MQTT disconnected, reason: 7
✅ Connected to AWS IoT Core
⚠️ MQTT disconnected, reason: 7
⚠️ MQTT disconnected, reason: 7
✅ Connected to AWS IoT Core
⚠️ MQTT disconnected, reason: 7
⚠️ MQTT disconnected, reason: 7
✅ Connected to AWS IoT Core
⚠️ MQTT disconnected, reason: 7
✅ Connected to AWS IoT Core
✅ Connected to AWS IoT Core
✅ Uploaded | id=8848 BP=23694.0 FP=894.0 CR=23408.0 BC=3351.0 timestamp="2026-02-12 05:02:49"
📤 AWS IoT Sent {'id': 8848, 'bp': 23694.0, 'fp': 894.0, 'cr': 23408.0, 'bc': 3351.0, 'timestamp': '2026-02-12 05:02:49'}
✅ Uploaded | id=8849 BP=23229.0 FP=4731.0 CR=22702.0 BC=5776.0 timestamp="2026-02-12 05:02:52"
📤 AWS IoT Sent {'id': 8849, 'bp': 23229.0, 'fp': 4731.0, 'cr': 22702.0, 'bc': 5776.0, 'timestamp': '2026-02-12 05:02:52'}
✅ Uploaded | id=8850 BP=20580.0 FP=7024.0 CR=22634.0 BC=6172.0 timestamp="2026-02-12 05:02:54"
📤 AWS IoT Sent {'id': 8850, 'bp': 20580.0, 'fp': 7024.0, 'cr': 22634.0, 'bc': 6172.0, 'timestamp': '2026-02-12 05:02:54'}
⚠️ MQTT disconnected, reason: 7
✅ Uploaded | id=8851 BP=10145.0 FP=15725.0 CR=12661.0 BC=14507.0 timestamp="2026-02-12 05:02:59"
📤 AWS IoT Sent {'id': 8851, 'bp': 10145.0, 'fp': 15725.0, 'cr': 12661.0, 'bc': 14507.0, 'timestamp': '2026-02-12 05:02:59'}
⚠️ Not connected to MQTT, retrying...
✅ Connected to AWS IoT Core
⚠️ MQTT disconnected, reason: 7
✅ Connected to AWS IoT Core
⚠️ MQTT disconnected, reason: 7
✅ Connected to AWS IoT Core
⚠️ MQTT disconnected, reason: 7
✅ Connected to AWS IoT Core
⚠️ MQTT disconnected, reason: 7
⚠️ Not connected to MQTT, retrying...
✅ Connected to AWS IoT Core
⚠️ MQTT disconnected, reason: 7
✅ Connected to AWS IoT Core
⚠️ MQTT disconnected, reason: 7
✅ Connected to AWS IoT Core
⚠️ MQTT disconnected, reason: 7
✅ Connected to AWS IoT Core
⚠️ MQTT disconnected, reason: 7
✅ Connected to AWS IoT Core
⚠️ MQTT disconnected, reason: 7
✅ Connected to AWS IoT Core
⚠️ MQTT disconnected, reason: 7
✅ Connected to AWS IoT Core
✅ Connected to AWS IoT Core
⚠️ MQTT disconnected, reason: 7
⚠️ Not connected to MQTT, retrying...
✅ Connected to AWS IoT Core
⚠️ MQTT disconnected, reason: 7
✅ Connected to AWS IoT Core
⚠️ MQTT disconnected, reason: 7
✅ Connected to AWS IoT Core
✅ Connected to AWS IoT Core
✅ Uploaded | id=8861 BP=13571.0 FP=12142.0 CR=17779.0 BC=9248.0 timestamp="2026-02-12 05:03:25"
📤 AWS IoT Sent {'id': 8861, 'bp': 13571.0, 'fp': 12142.0, 'cr': 17779.0, 'bc': 9248.0, 'timestamp': '2026-02-12 05:03:25'}
✅ Uploaded | id=8862 BP=23689.0 FP=2572.0 CR=23211.0 BC=3783.0 timestamp="2026-02-12 05:03:28"
📤 AWS IoT Sent {'id': 8862, 'bp': 23689.0, 'fp': 2572.0, 'cr': 23211.0, 'bc': 3783.0, 'timestamp': '2026-02-12 05:03:28'}
✅ Uploaded | id=8863 BP=1297.0 FP=23429.0 CR=1750.0 BC=23676.0 timestamp="2026-02-12 05:03:30"
📤 AWS IoT Sent {'id': 8863, 'bp': 1297.0, 'fp': 23429.0, 'cr': 1750.0, 'bc': 23676.0, 'timestamp': '2026-02-12 05:03:30'}
✅ Uploaded | id=8864 BP=18411.0 FP=8931.0 CR=20547.0 BC=8155.0 timestamp="2026-02-12 05:03:33"
📤 AWS IoT Sent {'id': 8864, 'bp': 18411.0, 'fp': 8931.0, 'cr': 20547.0, 'bc': 8155.0, 'timestamp': '2026-02-12 05:03:33'}
✅ Uploaded | id=8865 BP=15633.0 FP=14005.0 CR=12091.0 BC=17362.0 timestamp="2026-02-12 05:03:35"
📤 AWS IoT Sent {'id': 8865, 'bp': 15633.0, 'fp': 14005.0, 'cr': 12091.0, 'bc': 17362.0, 'timestamp': '2026-02-12 05:03:35'}
⚠️ MQTT disconnected, reason: 7
⚠️ Not connected to MQTT, retrying...
✅ Connected to AWS IoT Core
✅ Connected to AWS IoT Core
✅ Uploaded | id=8866 BP=1202.0 FP=23480.0 CR=3305.0 BC=23405.0 timestamp="2026-02-12 05:03:38"
📤 AWS IoT Sent {'id': 8866, 'bp': 1202.0, 'fp': 23480.0, 'cr': 3305.0, 'bc': 23405.0, 'timestamp': '2026-02-12 05:03:38'}
✅ Uploaded | id=8867 BP=23713.0 FP=2567.0 CR=23250.0 BC=3794.0 timestamp="2026-02-12 05:03:40"
📤 AWS IoT Sent {'id': 8867, 'bp': 23713.0, 'fp': 2567.0, 'cr': 23250.0, 'bc': 3794.0, 'timestamp': '2026-02-12 05:03:40'}
✅ Uploaded | id=8868 BP=14540.0 FP=15214.0 CR=12167.0 BC=16492.0 timestamp="2026-02-12 05:03:43"
📤 AWS IoT Sent {'id': 8868, 'bp': 14540.0, 'fp': 15214.0, 'cr': 12167.0, 'bc': 16492.0, 'timestamp': '2026-02-12 05:03:43'}
⚠️ MQTT disconnected, reason: 7
⚠️ Not connected to MQTT, retrying...
✅ Connected to AWS IoT Core
✅ Connected to AWS IoT Core
✅ Uploaded | id=8870 BP=24065.0 FP=3463.0 CR=23840.0 BC=2403.0 timestamp="2026-02-12 05:03:48"
📤 AWS IoT Sent {'id': 8870, 'bp': 24065.0, 'fp': 3463.0, 'cr': 23840.0, 'bc': 2403.0, 'timestamp': '2026-02-12 05:03:48'}
⚠️ MQTT disconnected, reason: 7
⚠️ Not connected to MQTT, retrying...
✅ Connected to AWS IoT Core
✅ Connected to AWS IoT Core
✅ Uploaded | id=8872 BP=6539.0 FP=19248.0 CR=9103.0 BC=17907.0 timestamp="2026-02-12 05:03:53"
📤 AWS IoT Sent {'id': 8872, 'bp': 6539.0, 'fp': 19248.0, 'cr': 9103.0, 'bc': 17907.0, 'timestamp': '2026-02-12 05:03:53'}
⚠️ MQTT disconnected, reason: 7
⚠️ Not connected to MQTT, retrying...
✅ Connected to AWS IoT Core
✅ Connected to AWS IoT Core
⚠️ MQTT disconnected, reason: 7
⚠️ Not connected to MQTT, retrying...
✅ Connected to AWS IoT Core
✅ Connected to AWS IoT Core
✅ Uploaded | id=8875 BP=20812.0 FP=8757.0 CR=18294.0 BC=9984.0 timestamp="2026-02-12 05:04:00"
📤 AWS IoT Sent {'id': 8875, 'bp': 20812.0, 'fp': 8757.0, 'cr': 18294.0, 'bc': 9984.0, 'timestamp': '2026-02-12 05:04:00'}
⚠️ MQTT disconnected, reason: 7
⚠️ Not connected to MQTT, retrying...
✅ Connected to AWS IoT Core
⚠️ MQTT disconnected, reason: 7
✅ Connected to AWS IoT Core
⚠️ MQTT disconnected, reason: 7
✅ Connected to AWS IoT Core
✅ Connected to AWS IoT Core
✅ Uploaded | id=8876 BP=8031.0 FP=22740.0 CR=6011.0 BC=23607.0 timestamp="2026-02-12 05:04:03"
📤 AWS IoT Sent {'id': 8876, 'bp': 8031.0, 'fp': 22740.0, 'cr': 6011.0, 'bc': 23607.0, 'timestamp': '2026-02-12 05:04:03'}
⚠️ MQTT disconnected, reason: 7
⚠️ Not connected to MQTT, retrying...
✅ Connected to AWS IoT Core
⚠️ MQTT disconnected, reason: 7
✅ Connected to AWS IoT Core
✅ Connected to AWS IoT Core
⚠️ MQTT disconnected, reason: 7
⚠️ Not connected to MQTT, retrying...
✅ Connected to AWS IoT Core
⚠️ MQTT disconnected, reason: 7
✅ Connected to AWS IoT Core
⚠️ MQTT disconnected, reason: 7
✅ Connected to AWS IoT Core
⚠️ MQTT disconnected, reason: 7
✅ Connected to AWS IoT Core
⚠️ MQTT disconnected, reason: 7
✅ Connected to AWS IoT Core
⚠️ MQTT disconnected, reason: 7
✅ Connected to AWS IoT Core
⚠️ MQTT disconnected, reason: 7
✅ Connected to AWS IoT Core
⚠️ MQTT disconnected, reason: 7
✅ Connected to AWS IoT Core
⚠️ MQTT disconnected, reason: 7
✅ Connected to AWS IoT Core
⚠️ MQTT disconnected, reason: 7
✅ Connected to AWS IoT Core
⚠️ MQTT disconnected, reason: 7
✅ Connected to AWS IoT Core
⚠️ MQTT disconnected, reason: 7
✅ Connected to AWS IoT Core
⚠️ MQTT disconnected, reason: 7
✅ Connected to AWS IoT Core
⚠️ MQTT disconnected, reason: 7
✅ Connected to AWS IoT Core
⚠️ MQTT disconnected, reason: 7
✅ Connected to AWS IoT Core
⚠️ MQTT disconnected, reason: 7
✅ Connected to AWS IoT Core
⚠️ MQTT disconnected, reason: 7
✅ Connected to AWS IoT Core
⚠️ MQTT disconnected, reason: 7
✅ Connected to AWS IoT Core
⚠️ MQTT disconnected, reason: 7
✅ Connected to AWS IoT Core
⚠️ MQTT disconnected, reason: 7
⚠️ MQTT disconnected, reason: 7
✅ Connected to AWS IoT Core
⚠️ MQTT disconnected, reason: 7
✅ Connected to AWS IoT Core
⚠️ MQTT disconnected, reason: 7
⚠️ Not connected to MQTT, retrying...
✅ Connected to AWS IoT Core
⚠️ MQTT disconnected, reason: 7
✅ Connected to AWS IoT Core
✅ Uploaded | id=8877 BP=23593.0 FP=863.0 CR=23456.0 BC=1599.0 timestamp="2026-02-12 05:04:05"
📤 AWS IoT Sent {'id': 8877, 'bp': 23593.0, 'fp': 863.0, 'cr': 23456.0, 'bc': 1599.0, 'timestamp': '2026-02-12 05:04:05'}
✅ Uploaded | id=8878 BP=23621.0 FP=4596.0 CR=23730.0 BC=4129.0 timestamp="2026-02-12 05:04:10"
📤 AWS IoT Sent {'id': 8878, 'bp': 23621.0, 'fp': 4596.0, 'cr': 23730.0, 'bc': 4129.0, 'timestamp': '2026-02-12 05:04:10'}
✅ Uploaded | id=8879 BP=20432.0 FP=7174.0 CR=22619.0 BC=6260.0 timestamp="2026-02-12 05:04:13"
📤 AWS IoT Sent {'id': 8879, 'bp': 20432.0, 'fp': 7174.0, 'cr': 22619.0, 'bc': 6260.0, 'timestamp': '2026-02-12 05:04:13'}
✅ Uploaded | id=8880 BP=1589.0 FP=23538.0 CR=1276.0 BC=23176.0 timestamp="2026-02-12 05:04:15"
📤 AWS IoT Sent {'id': 8880, 'bp': 1589.0, 'fp': 23538.0, 'cr': 1276.0, 'bc': 23176.0, 'timestamp': '2026-02-12 05:04:15'}
✅ Uploaded | id=8881 BP=18234.0 FP=8996.0 CR=20391.0 BC=8145.0 timestamp="2026-02-12 05:04:18"
📤 AWS IoT Sent {'id': 8881, 'bp': 18234.0, 'fp': 8996.0, 'cr': 20391.0, 'bc': 8145.0, 'timestamp': '2026-02-12 05:04:18'}
✅ Uploaded | id=8882 BP=13201.0 FP=13726.0 CR=14394.0 BC=12612.0 timestamp="2026-02-12 05:04:23"
📤 AWS IoT Sent {'id': 8882, 'bp': 13201.0, 'fp': 13726.0, 'cr': 14394.0, 'bc': 12612.0, 'timestamp': '2026-02-12 05:04:23'}
⚠️ MQTT disconnected, reason: 7
⚠️ Not connected to MQTT, retrying...
✅ Connected to AWS IoT Core
⚠️ MQTT disconnected, reason: 7
⚠️ Not connected to MQTT, retrying...
✅ Connected to AWS IoT Core
✅ Uploaded | id=8883 BP=24128.0 FP=3002.0 CR=23697.0 BC=1822.0 timestamp="2026-02-12 05:04:25"
📤 AWS IoT Sent {'id': 8883, 'bp': 24128.0, 'fp': 3002.0, 'cr': 23697.0, 'bc': 1822.0, 'timestamp': '2026-02-12 05:04:25'}
✅ Uploaded | id=8884 BP=6582.0 FP=19326.0 CR=9261.0 BC=17794.0 timestamp="2026-02-12 05:04:28"
📤 AWS IoT Sent {'id': 8884, 'bp': 6582.0, 'fp': 19326.0, 'cr': 9261.0, 'bc': 17794.0, 'timestamp': '2026-02-12 05:04:28'}
✅ Uploaded | id=8885 BP=2723.0 FP=22952.0 CR=5002.0 BC=22067.0 timestamp="2026-02-12 05:04:33"
📤 AWS IoT Sent {'id': 8885, 'bp': 2723.0, 'fp': 22952.0, 'cr': 5002.0, 'bc': 22067.0, 'timestamp': '2026-02-12 05:04:33'}
✅ Uploaded | id=8886 BP=8646.0 FP=21875.0 CR=6826.0 BC=22804.0 timestamp="2026-02-12 05:04:35"
📤 AWS IoT Sent {'id': 8886, 'bp': 8646.0, 'fp': 21875.0, 'cr': 6826.0, 'bc': 22804.0, 'timestamp': '2026-02-12 05:04:35'}
✅ Uploaded | id=8887 BP=872.0 FP=23358.0 CR=2725.0 BC=22969.0 timestamp="2026-02-12 05:04:38"
📤 AWS IoT Sent {'id': 8887, 'bp': 872.0, 'fp': 23358.0, 'cr': 2725.0, 'bc': 22969.0, 'timestamp': '2026-02-12 05:04:38'}
✅ Uploaded | id=8888 BP=2028.0 FP=23538.0 CR=1045.0 BC=23465.0 timestamp="2026-02-12 05:04:43"
📤 AWS IoT Sent {'id': 8888, 'bp': 2028.0, 'fp': 23538.0, 'cr': 1045.0, 'bc': 23465.0, 'timestamp': '2026-02-12 05:04:43'}
✅ Uploaded | id=8889 BP=18110.0 FP=8914.0 CR=20467.0 BC=7943.0 timestamp="2026-02-12 05:04:45"
📤 AWS IoT Sent {'id': 8889, 'bp': 18110.0, 'fp': 8914.0, 'cr': 20467.0, 'bc': 7943.0, 'timestamp': '2026-02-12 05:04:45'}
⚠️ MQTT disconnected, reason: 7
⚠️ Not connected to MQTT, retrying...
✅ Connected to AWS IoT Core
⚠️ MQTT disconnected, reason: 7
✅ Connected to AWS IoT Core
✅ Uploaded | id=8890 BP=5327.0 FP=23971.0 CR=3158.0 BC=23772.0 timestamp="2026-02-12 05:04:48"
📤 AWS IoT Sent {'id': 8890, 'bp': 5327.0, 'fp': 23971.0, 'cr': 3158.0, 'bc': 23772.0, 'timestamp': '2026-02-12 05:04:48'}
✅ Uploaded | id=8891 BP=13099.0 FP=13283.0 CR=15518.0 BC=12029.0 timestamp="2026-02-12 05:04:50"
📤 AWS IoT Sent {'id': 8891, 'bp': 13099.0, 'fp': 13283.0, 'cr': 15518.0, 'bc': 12029.0, 'timestamp': '2026-02-12 05:04:50'}
✅ Uploaded | id=8892 BP=20679.0 FP=7780.0 CR=18041.0 BC=10725.0 timestamp="2026-02-12 05:04:55"
📤 AWS IoT Sent {'id': 8892, 'bp': 20679.0, 'fp': 7780.0, 'cr': 18041.0, 'bc': 10725.0, 'timestamp': '2026-02-12 05:04:55'}
✅ Uploaded | id=8893 BP=16273.0 FP=10505.0 CR=19771.0 BC=8497.0 timestamp="2026-02-12 05:04:58"
📤 AWS IoT Sent {'id': 8893, 'bp': 16273.0, 'fp': 10505.0, 'cr': 19771.0, 'bc': 8497.0, 'timestamp': '2026-02-12 05:04:58'}
⚠️ MQTT disconnected, reason: 7
⚠️ Not connected to MQTT, retrying...
✅ Connected to AWS IoT Core
⚠️ MQTT disconnected, reason: 7
✅ Connected to AWS IoT Core
⚠️ MQTT disconnected, reason: 7
✅ Connected to AWS IoT Core
⚠️ MQTT disconnected, reason: 7
✅ Connected to AWS IoT Core
✅ Connected to AWS IoT Core
⚠️ MQTT disconnected, reason: 7
✅ Connected to AWS IoT Core
⚠️ MQTT disconnected, reason: 7
✅ Connected to AWS IoT Core
⚠️ MQTT disconnected, reason: 7
✅ Connected to AWS IoT Core
⚠️ MQTT disconnected, reason: 7
✅ Connected to AWS IoT Core
⚠️ MQTT disconnected, reason: 7
⚠️ MQTT disconnected, reason: 7
✅ Connected to AWS IoT Core
⚠️ MQTT disconnected, reason: 7
✅ Connected to AWS IoT Core
⚠️ MQTT disconnected, reason: 7
⚠️ Not connected to MQTT, retrying...
✅ Connected to AWS IoT Core
⚠️ MQTT disconnected, reason: 7
⚠️ MQTT disconnected, reason: 7
✅ Connected to AWS IoT Core
✅ Connected to AWS IoT Core
⚠️ MQTT disconnected, reason: 7
✅ Connected to AWS IoT Core
⚠️ MQTT disconnected, reason: 7
✅ Connected to AWS IoT Core
⚠️ MQTT disconnected, reason: 7
✅ Connected to AWS IoT Core
⚠️ MQTT disconnected, reason: 7
✅ Connected to AWS IoT Core
⚠️ MQTT disconnected, reason: 7
✅ Connected to AWS IoT Core
⚠️ MQTT disconnected, reason: 7
✅ Connected to AWS IoT Core
⚠️ MQTT disconnected, reason: 7
✅ Connected to AWS IoT Core
⚠️ MQTT disconnected, reason: 7
✅ Connected to AWS IoT Core
⚠️ MQTT disconnected, reason: 7
✅ Connected to AWS IoT Core
⚠️ MQTT disconnected, reason: 7
✅ Connected to AWS IoT Core
⚠️ MQTT disconnected, reason: 7
✅ Connected to AWS IoT Core
⚠️ MQTT disconnected, reason: 7
✅ Connected to AWS IoT Core
⚠️ MQTT disconnected, reason: 7
✅ Connected to AWS IoT Core
⚠️ MQTT disconnected, reason: 7
✅ Connected to AWS IoT Core
✅ Connected to AWS IoT Core
✅ Uploaded | id=8898 BP=19719.0 FP=7860.0 CR=21681.0 BC=7140.0 timestamp="2026-02-12 05:05:11"
📤 AWS IoT Sent {'id': 8898, 'bp': 19719.0, 'fp': 7860.0, 'cr': 21681.0, 'bc': 7140.0, 'timestamp': '2026-02-12 05:05:11'}
✅ Uploaded | id=8899 BP=6970.0 FP=23962.0 CR=4807.0 BC=23923.0 timestamp="2026-02-12 05:05:14"
📤 AWS IoT Sent {'id': 8899, 'bp': 6970.0, 'fp': 23962.0, 'cr': 4807.0, 'bc': 23923.0, 'timestamp': '2026-02-12 05:05:14'}
✅ Uploaded | id=8900 BP=13275.0 FP=12621.0 CR=15915.0 BC=11467.0 timestamp="2026-02-12 05:05:16"
📤 AWS IoT Sent {'id': 8900, 'bp': 13275.0, 'fp': 12621.0, 'cr': 15915.0, 'bc': 11467.0, 'timestamp': '2026-02-12 05:05:16'}
✅ Uploaded | id=8901 BP=8187.0 FP=21754.0 CR=6125.0 BC=24143.0 timestamp="2026-02-12 05:05:19"
📤 AWS IoT Sent {'id': 8901, 'bp': 8187.0, 'fp': 21754.0, 'cr': 6125.0, 'bc': 24143.0, 'timestamp': '2026-02-12 05:05:19'}
⚠️ MQTT disconnected, reason: 7
⚠️ Not connected to MQTT, retrying...
✅ Connected to AWS IoT Core
⚠️ MQTT disconnected, reason: 7
✅ Connected to AWS IoT Core
⚠️ MQTT disconnected, reason: 7
⚠️ MQTT disconnected, reason: 7
✅ Connected to AWS IoT Core
⚠️ MQTT disconnected, reason: 7
✅ Connected to AWS IoT Core
⚠️ MQTT disconnected, reason: 7
✅ Connected to AWS IoT Core
⚠️ MQTT disconnected, reason: 7
✅ Connected to AWS IoT Core
⚠️ MQTT disconnected, reason: 7
⚠️ Not connected to MQTT, retrying...
⚠️ MQTT disconnected, reason: 7
✅ Connected to AWS IoT Core
⚠️ MQTT disconnected, reason: 7
✅ Connected to AWS IoT Core
⚠️ MQTT disconnected, reason: 7
✅ Connected to AWS IoT Core
⚠️ MQTT disconnected, reason: 7
✅ Connected to AWS IoT Core
⚠️ MQTT disconnected, reason: 7
✅ Connected to AWS IoT Core
⚠️ MQTT disconnected, reason: 7
✅ Connected to AWS IoT Core
✅ Connected to AWS IoT Core
⚠️ MQTT disconnected, reason: 7
⚠️ Not connected to MQTT, retrying...
✅ Connected to AWS IoT Core
⚠️ MQTT disconnected, reason: 7
✅ Connected to AWS IoT Core
✅ Connected to AWS IoT Core
✅ Uploaded | id=8913 BP=1522.0 FP=23254.0 CR=1772.0 BC=23110.0 timestamp="2026-02-12 05:05:49"
📤 AWS IoT Sent {'id': 8913, 'bp': 1522.0, 'fp': 23254.0, 'cr': 1772.0, 'bc': 23110.0, 'timestamp': '2026-02-12 05:05:49'}
⚠️ MQTT disconnected, reason: 7
⚠️ Not connected to MQTT, retrying...
✅ Connected to AWS IoT Core
⚠️ MQTT disconnected, reason: 7
✅ Connected to AWS IoT Core
⚠️ MQTT disconnected, reason: 7
✅ Connected to AWS IoT Core
⚠️ MQTT disconnected, reason: 7
✅ Connected to AWS IoT Core
⚠️ MQTT disconnected, reason: 7
✅ Connected to AWS IoT Core
⚠️ MQTT disconnected, reason: 7
✅ Connected to AWS IoT Core
✅ Connected to AWS IoT Core
✅ Uploaded | id=8921 BP=23867.0 FP=1082.0 CR=23516.0 BC=848.0 timestamp="2026-02-12 05:06:11"
📤 AWS IoT Sent {'id': 8921, 'bp': 23867.0, 'fp': 1082.0, 'cr': 23516.0, 'bc': 848.0, 'timestamp': '2026-02-12 05:06:11'}
⚠️ MQTT disconnected, reason: 7
⚠️ Not connected to MQTT, retrying...
✅ Connected to AWS IoT Core
✅ Connected to AWS IoT Core
✅ Uploaded | id=8923 BP=19808.0 FP=8016.0 CR=22246.0 BC=5622.0 timestamp="2026-02-12 05:06:16"
📤 AWS IoT Sent {'id': 8923, 'bp': 19808.0, 'fp': 8016.0, 'cr': 22246.0, 'bc': 5622.0, 'timestamp': '2026-02-12 05:06:16'}
⚠️ MQTT disconnected, reason: 7
⚠️ Not connected to MQTT, retrying...
✅ Connected to AWS IoT Core
⚠️ MQTT disconnected, reason: 7
✅ Connected to AWS IoT Core
⚠️ MQTT disconnected, reason: 7
⚠️ MQTT disconnected, reason: 7
✅ Connected to AWS IoT Core
⚠️ MQTT disconnected, reason: 7
✅ Connected to AWS IoT Core
⚠️ MQTT disconnected, reason: 7
✅ Connected to AWS IoT Core
⚠️ MQTT disconnected, reason: 7
✅ Connected to AWS IoT Core
⚠️ MQTT disconnected, reason: 7
✅ Connected to AWS IoT Core
⚠️ MQTT disconnected, reason: 7
⚠️ Not connected to MQTT, retrying...
✅ Connected to AWS IoT Core
⚠️ MQTT disconnected, reason: 7
✅ Connected to AWS IoT Core
⚠️ MQTT disconnected, reason: 7
✅ Connected to AWS IoT Core
⚠️ MQTT disconnected, reason: 7
✅ Connected to AWS IoT Core
⚠️ MQTT disconnected, reason: 7
✅ Connected to AWS IoT Core
⚠️ MQTT disconnected, reason: 7
✅ Connected to AWS IoT Core
✅ Connected to AWS IoT Core
⚠️ MQTT disconnected, reason: 7
✅ Connected to AWS IoT Core
⚠️ MQTT disconnected, reason: 7
✅ Connected to AWS IoT Core
✅ Connected to AWS IoT Core
✅ Uploaded | id=8925 BP=8051.0 FP=17463.0 CR=10817.0 BC=16567.0 timestamp="2026-02-12 05:06:21"
📤 AWS IoT Sent {'id': 8925, 'bp': 8051.0, 'fp': 17463.0, 'cr': 10817.0, 'bc': 16567.0, 'timestamp': '2026-02-12 05:06:21'}
⚠️ MQTT disconnected, reason: 7
⚠️ Not connected to MQTT, retrying...
✅ Connected to AWS IoT Core
⚠️ MQTT disconnected, reason: 7
✅ Connected to AWS IoT Core
✅ Connected to AWS IoT Core
⚠️ MQTT disconnected, reason: 7
⚠️ Not connected to MQTT, retrying...
✅ Connected to AWS IoT Core
⚠️ MQTT disconnected, reason: 7
✅ Connected to AWS IoT Core
✅ Connected to AWS IoT Core
⚠️ MQTT disconnected, reason: 7
⚠️ Not connected to MQTT, retrying...
✅ Connected to AWS IoT Core
✅ Connected to AWS IoT Core
✅ Uploaded | id=8926 BP=22813.0 FP=6788.0 CR=20164.0 BC=8215.0 timestamp="2026-02-12 05:06:24"
📤 AWS IoT Sent {'id': 8926, 'bp': 22813.0, 'fp': 6788.0, 'cr': 20164.0, 'bc': 8215.0, 'timestamp': '2026-02-12 05:06:24'}
⚠️ MQTT disconnected, reason: 7
⚠️ Not connected to MQTT, retrying...
✅ Connected to AWS IoT Core
✅ Connected to AWS IoT Core
✅ Uploaded | id=8928 BP=16678.0 FP=10238.0 CR=18853.0 BC=9451.0 timestamp="2026-02-12 05:06:29"
📤 AWS IoT Sent {'id': 8928, 'bp': 16678.0, 'fp': 10238.0, 'cr': 18853.0, 'bc': 9451.0, 'timestamp': '2026-02-12 05:06:29'}
✅ Uploaded | id=8929 BP=21318.0 FP=8238.0 CR=18710.0 BC=9576.0 timestamp="2026-02-12 05:06:31"
📤 AWS IoT Sent {'id': 8929, 'bp': 21318.0, 'fp': 8238.0, 'cr': 18710.0, 'bc': 9576.0, 'timestamp': '2026-02-12 05:06:31'}
✅ Uploaded | id=8930 BP=5647.0 FP=24043.0 CR=3529.0 BC=23633.0 timestamp="2026-02-12 05:06:34"
📤 AWS IoT Sent {'id': 8930, 'bp': 5647.0, 'fp': 24043.0, 'cr': 3529.0, 'bc': 23633.0, 'timestamp': '2026-02-12 05:06:34'}
✅ Uploaded | id=8931 BP=18514.0 FP=8748.0 CR=21830.0 BC=7141.0 timestamp="2026-02-12 05:06:36"
📤 AWS IoT Sent {'id': 8931, 'bp': 18514.0, 'fp': 8748.0, 'cr': 21830.0, 'bc': 7141.0, 'timestamp': '2026-02-12 05:06:36'}
✅ Uploaded | id=8932 BP=17642.0 FP=10893.0 CR=14894.0 BC=14086.0 timestamp="2026-02-12 05:06:39"
📤 AWS IoT Sent {'id': 8932, 'bp': 17642.0, 'fp': 10893.0, 'cr': 14894.0, 'bc': 14086.0, 'timestamp': '2026-02-12 05:06:39'}
✅ Uploaded | id=8933 BP=736.0 FP=23386.0 CR=2567.0 BC=23120.0 timestamp="2026-02-12 05:06:41"
📤 AWS IoT Sent {'id': 8933, 'bp': 736.0, 'fp': 23386.0, 'cr': 2567.0, 'bc': 23120.0, 'timestamp': '2026-02-12 05:06:41'}
✅ Uploaded | id=8934 BP=2658.0 FP=23520.0 CR=888.0 BC=23560.0 timestamp="2026-02-12 05:06:44"
📤 AWS IoT Sent {'id': 8934, 'bp': 2658.0, 'fp': 23520.0, 'cr': 888.0, 'bc': 23560.0, 'timestamp': '2026-02-12 05:06:44'}
✅ Uploaded | id=8935 BP=19555.0 FP=10212.0 CR=17002.0 BC=11412.0 timestamp="2026-02-12 05:06:46"
📤 AWS IoT Sent {'id': 8935, 'bp': 19555.0, 'fp': 10212.0, 'cr': 17002.0, 'bc': 11412.0, 'timestamp': '2026-02-12 05:06:46'}
✅ Uploaded | id=8936 BP=17756.0 FP=12062.0 CR=15147.0 BC=13044.0 timestamp="2026-02-12 05:06:50"
📤 AWS IoT Sent {'id': 8936, 'bp': 17756.0, 'fp': 12062.0, 'cr': 15147.0, 'bc': 13044.0, 'timestamp': '2026-02-12 05:06:50'}
✅ Uploaded | id=8937 BP=17818.0 FP=9357.0 CR=20364.0 BC=8184.0 timestamp="2026-02-12 05:06:51"
📤 AWS IoT Sent {'id': 8937, 'bp': 17818.0, 'fp': 9357.0, 'cr': 20364.0, 'bc': 8184.0, 'timestamp': '2026-02-12 05:06:51'}
✅ Uploaded | id=8938 BP=23506.0 FP=3986.0 CR=24072.0 BC=3158.0 timestamp="2026-02-12 05:06:55"
📤 AWS IoT Sent {'id': 8938, 'bp': 23506.0, 'fp': 3986.0, 'cr': 24072.0, 'bc': 3158.0, 'timestamp': '2026-02-12 05:06:55'}
✅ Uploaded | id=8939 BP=4341.0 FP=22657.0 CR=5812.0 BC=20531.0 timestamp="2026-02-12 05:06:57"
📤 AWS IoT Sent {'id': 8939, 'bp': 4341.0, 'fp': 22657.0, 'cr': 5812.0, 'bc': 20531.0, 'timestamp': '2026-02-12 05:06:57'}
✅ Uploaded | id=8940 BP=6757.0 FP=19161.0 CR=9453.0 BC=17834.0 timestamp="2026-02-12 05:07:00"
📤 AWS IoT Sent {'id': 8940, 'bp': 6757.0, 'fp': 19161.0, 'cr': 9453.0, 'bc': 17834.0, 'timestamp': '2026-02-12 05:07:00'}
✅ Uploaded | id=8941 BP=11445.0 FP=18460.0 CR=9755.0 BC=19536.0 timestamp="2026-02-12 05:07:02"
📤 AWS IoT Sent {'id': 8941, 'bp': 11445.0, 'fp': 18460.0, 'cr': 9755.0, 'bc': 19536.0, 'timestamp': '2026-02-12 05:07:02'}
✅ Uploaded | id=8942 BP=12277.0 FP=17597.0 CR=10541.0 BC=18638.0 timestamp="2026-02-12 05:07:05"
📤 AWS IoT Sent {'id': 8942, 'bp': 12277.0, 'fp': 17597.0, 'cr': 10541.0, 'bc': 18638.0, 'timestamp': '2026-02-12 05:07:05'}
✅ Uploaded | id=8943 BP=24008.0 FP=877.0 CR=23628.0 BC=862.0 timestamp="2026-02-12 05:07:07"
📤 AWS IoT Sent {'id': 8943, 'bp': 24008.0, 'fp': 877.0, 'cr': 23628.0, 'bc': 862.0, 'timestamp': '2026-02-12 05:07:07'}
✅ Uploaded | id=8944 BP=22301.0 FP=5382.0 CR=24015.0 BC=4358.0 timestamp="2026-02-12 05:07:10"
📤 AWS IoT Sent {'id': 8944, 'bp': 22301.0, 'fp': 5382.0, 'cr': 24015.0, 'bc': 4358.0, 'timestamp': '2026-02-12 05:07:10'}
⚠️ MQTT disconnected, reason: 7
⚠️ Not connected to MQTT, retrying...
✅ Connected to AWS IoT Core
⚠️ MQTT disconnected, reason: 7
✅ Connected to AWS IoT Core
⚠️ MQTT disconnected, reason: 7
✅ Connected to AWS IoT Core
⚠️ MQTT disconnected, reason: 7
⚠️ Not connected to MQTT, retrying...
✅ Connected to AWS IoT Core
⚠️ MQTT disconnected, reason: 7
⚠️ Not connected to MQTT, retrying...
✅ Connected to AWS IoT Core
⚠️ MQTT disconnected, reason: 7
⚠️ Not connected to MQTT, retrying...
✅ Connected to AWS IoT Core
✅ Uploaded | id=8953 BP=17278.0 FP=12406.0 CR=14744.0 BC=13538.0 timestamp="2026-02-12 05:07:32"
📤 AWS IoT Sent {'id': 8953, 'bp': 17278.0, 'fp': 12406.0, 'cr': 14744.0, 'bc': 13538.0, 'timestamp': '2026-02-12 05:07:32'}
✅ Uploaded | id=8954 BP=5073.0 FP=5031.0 CR=5001.0 BC=5037.0 timestamp="2026-02-12 05:07:35"
📤 AWS IoT Sent {'id': 8954, 'bp': 5073.0, 'fp': 5031.0, 'cr': 5001.0, 'bc': 5037.0, 'timestamp': '2026-02-12 05:07:35'}
✅ Uploaded | id=8955 BP=5074.0 FP=5035.0 CR=5003.0 BC=5038.0 timestamp="2026-02-12 05:07:37"
📤 AWS IoT Sent {'id': 8955, 'bp': 5074.0, 'fp': 5035.0, 'cr': 5003.0, 'bc': 5038.0, 'timestamp': '2026-02-12 05:07:37'}
✅ Uploaded | id=8956 BP=18183.0 FP=11648.0 CR=15517.0 BC=12732.0 timestamp="2026-02-12 05:22:37"
📤 AWS IoT Sent {'id': 8956, 'bp': 18183.0, 'fp': 11648.0, 'cr': 15517.0, 'bc': 12732.0, 'timestamp': '2026-02-12 05:22:37'}
⚠️ MQTT disconnected, reason: 7
⚠️ Not connected to MQTT, retrying...
✅ Connected to AWS IoT Core
⚠️ MQTT disconnected, reason: 7
✅ Connected to AWS IoT Core
⚠️ MQTT disconnected, reason: 7
✅ Connected to AWS IoT Core
✅ Connected to AWS IoT Core
⚠️ MQTT disconnected, reason: 7
⚠️ Not connected to MQTT, retrying...
✅ Connected to AWS IoT Core
⚠️ MQTT disconnected, reason: 7
✅ Connected to AWS IoT Core
⚠️ MQTT disconnected, reason: 7
✅ Connected to AWS IoT Core
⚠️ MQTT disconnected, reason: 7
✅ Connected to AWS IoT Core
✅ Uploaded | id=8963 BP=2156.0 FP=23974.0 CR=815.0 BC=24058.0 timestamp="2026-02-12 05:22:54"
📤 AWS IoT Sent {'id': 8963, 'bp': 2156.0, 'fp': 23974.0, 'cr': 815.0, 'bc': 24058.0, 'timestamp': '2026-02-12 05:22:54'}
✅ Uploaded | id=8964 BP=4399.0 FP=24074.0 CR=2300.0 BC=23891.0 timestamp="2026-02-12 05:22:59"
📤 AWS IoT Sent {'id': 8964, 'bp': 4399.0, 'fp': 24074.0, 'cr': 2300.0, 'bc': 23891.0, 'timestamp': '2026-02-12 05:22:59'}
⚠️ MQTT disconnected, reason: 7
⚠️ Not connected to MQTT, retrying...
✅ Connected to AWS IoT Core
⚠️ MQTT disconnected, reason: 7
✅ Connected to AWS IoT Core
⚠️ MQTT disconnected, reason: 7
✅ Connected to AWS IoT Core
✅ Connected to AWS IoT Core
✅ Uploaded | id=8965 BP=19821.0 FP=10704.0 CR=17072.0 BC=12243.0 timestamp="2026-02-12 05:23:02"
📤 AWS IoT Sent {'id': 8965, 'bp': 19821.0, 'fp': 10704.0, 'cr': 17072.0, 'bc': 12243.0, 'timestamp': '2026-02-12 05:23:02'}
✅ Uploaded | id=8966 BP=8719.0 FP=22390.0 CR=6849.0 BC=23174.0 timestamp="2026-02-12 05:23:04"
📤 AWS IoT Sent {'id': 8966, 'bp': 8719.0, 'fp': 22390.0, 'cr': 6849.0, 'bc': 23174.0, 'timestamp': '2026-02-12 05:23:04'}
✅ Uploaded | id=8967 BP=12532.0 FP=17541.0 CR=9747.0 BC=19775.0 timestamp="2026-02-12 05:23:09"
📤 AWS IoT Sent {'id': 8967, 'bp': 12532.0, 'fp': 17541.0, 'cr': 9747.0, 'bc': 19775.0, 'timestamp': '2026-02-12 05:23:09'}
⚠️ MQTT disconnected, reason: 7
⚠️ Not connected to MQTT, retrying...
✅ Connected to AWS IoT Core
✅ Connected to AWS IoT Core
✅ Uploaded | id=8969 BP=6311.0 FP=23431.0 CR=3725.0 BC=23015.0 timestamp="2026-02-12 05:23:14"
📤 AWS IoT Sent {'id': 8969, 'bp': 6311.0, 'fp': 23431.0, 'cr': 3725.0, 'bc': 23015.0, 'timestamp': '2026-02-12 05:23:14'}
⚠️ MQTT disconnected, reason: 7
⚠️ Not connected to MQTT, retrying...
✅ Connected to AWS IoT Core
⚠️ MQTT disconnected, reason: 7
✅ Connected to AWS IoT Core
⚠️ MQTT disconnected, reason: 7
✅ Connected to AWS IoT Core
⚠️ MQTT disconnected, reason: 7
✅ Connected to AWS IoT Core
⚠️ MQTT disconnected, reason: 7
✅ Connected to AWS IoT Core
⚠️ MQTT disconnected, reason: 7
✅ Connected to AWS IoT Core
⚠️ MQTT disconnected, reason: 7
✅ Connected to AWS IoT Core
⚠️ MQTT disconnected, reason: 7
✅ Connected to AWS IoT Core
⚠️ MQTT disconnected, reason: 7
✅ Connected to AWS IoT Core
⚠️ MQTT disconnected, reason: 7
✅ Connected to AWS IoT Core
⚠️ MQTT disconnected, reason: 7
✅ Connected to AWS IoT Core
⚠️ MQTT disconnected, reason: 7
✅ Connected to AWS IoT Core
⚠️ MQTT disconnected, reason: 7
✅ Connected to AWS IoT Core
✅ Uploaded | id=8973 BP=11067.0 FP=19370.0 CR=9395.0 BC=20379.0 timestamp="2026-02-12 05:23:24"
📤 AWS IoT Sent {'id': 8973, 'bp': 11067.0, 'fp': 19370.0, 'cr': 9395.0, 'bc': 20379.0, 'timestamp': '2026-02-12 05:23:24'}
✅ Uploaded | id=8974 BP=18754.0 FP=10992.0 CR=16402.0 BC=12108.0 timestamp="2026-02-12 05:23:27"
📤 AWS IoT Sent {'id': 8974, 'bp': 18754.0, 'fp': 10992.0, 'cr': 16402.0, 'bc': 12108.0, 'timestamp': '2026-02-12 05:23:27'}
⚠️ MQTT disconnected, reason: 7
⚠️ Not connected to MQTT, retrying...
✅ Connected to AWS IoT Core
⚠️ MQTT disconnected, reason: 7
✅ Connected to AWS IoT Core
⚠️ MQTT disconnected, reason: 7
✅ Connected to AWS IoT Core
⚠️ MQTT disconnected, reason: 7
✅ Connected to AWS IoT Core
⚠️ MQTT disconnected, reason: 7
✅ Connected to AWS IoT Core
⚠️ MQTT disconnected, reason: 7
✅ Connected to AWS IoT Core
✅ Connected to AWS IoT Core
✅ Uploaded | id=8986 BP=6909.0 FP=19196.0 CR=9632.0 BC=17918.0 timestamp="2026-02-12 05:24:03"
📤 AWS IoT Sent {'id': 8986, 'bp': 6909.0, 'fp': 19196.0, 'cr': 9632.0, 'bc': 17918.0, 'timestamp': '2026-02-12 05:24:03'}
⚠️ MQTT disconnected, reason: 7
⚠️ Not connected to MQTT, retrying...
✅ Connected to AWS IoT Core
⚠️ MQTT disconnected, reason: 7
✅ Connected to AWS IoT Core
⚠️ MQTT disconnected, reason: 7
✅ Connected to AWS IoT Core
⚠️ MQTT disconnected, reason: 7
✅ Connected to AWS IoT Core
⚠️ MQTT disconnected, reason: 7
✅ Connected to AWS IoT Core
⚠️ MQTT disconnected, reason: 7
✅ Connected to AWS IoT Core
⚠️ MQTT disconnected, reason: 7
⚠️ MQTT disconnected, reason: 7
✅ Connected to AWS IoT Core
⚠️ MQTT disconnected, reason: 7
✅ Connected to AWS IoT Core
⚠️ MQTT disconnected, reason: 7
✅ Connected to AWS IoT Core
⚠️ MQTT disconnected, reason: 7
✅ Connected to AWS IoT Core
⚠️ MQTT disconnected, reason: 7
✅ Connected to AWS IoT Core
⚠️ MQTT disconnected, reason: 7
✅ Connected to AWS IoT Core
✅ Connected to AWS IoT Core
⚠️ MQTT disconnected, reason: 7
⚠️ Not connected to MQTT, retrying...
✅ Connected to AWS IoT Core
⚠️ MQTT disconnected, reason: 7
✅ Connected to AWS IoT Core
⚠️ MQTT disconnected, reason: 7
✅ Connected to AWS IoT Core
⚠️ MQTT disconnected, reason: 7
✅ Connected to AWS IoT Core
⚠️ MQTT disconnected, reason: 7
✅ Connected to AWS IoT Core
⚠️ MQTT disconnected, reason: 7
⚠️ MQTT disconnected, reason: 7
✅ Connected to AWS IoT Core
✅ Connected to AWS IoT Core
⚠️ MQTT disconnected, reason: 7
✅ Connected to AWS IoT Core
⚠️ MQTT disconnected, reason: 7
✅ Connected to AWS IoT Core
✅ Uploaded | id=8989 BP=1705.0 FP=23546.0 CR=4140.0 BC=23501.0 timestamp="2026-02-12 05:24:10"
📤 AWS IoT Sent {'id': 8989, 'bp': 1705.0, 'fp': 23546.0, 'cr': 4140.0, 'bc': 23501.0, 'timestamp': '2026-02-12 05:24:10'}
⚠️ MQTT disconnected, reason: 7
⚠️ Not connected to MQTT, retrying...
✅ Connected to AWS IoT Core
⚠️ MQTT disconnected, reason: 7
✅ Connected to AWS IoT Core
⚠️ MQTT disconnected, reason: 7
✅ Connected to AWS IoT Core
⚠️ MQTT disconnected, reason: 7
✅ Connected to AWS IoT Core
⚠️ MQTT disconnected, reason: 7
✅ Connected to AWS IoT Core
⚠️ MQTT disconnected, reason: 7
✅ Connected to AWS IoT Core
⚠️ MQTT disconnected, reason: 7
✅ Connected to AWS IoT Core
⚠️ MQTT disconnected, reason: 7
⚠️ Not connected to MQTT, retrying...
✅ Connected to AWS IoT Core
⚠️ MQTT disconnected, reason: 7
✅ Connected to AWS IoT Core
✅ Uploaded | id=8990 BP=23529.0 FP=5308.0 CR=22102.0 BC=6380.0 timestamp="2026-02-12 05:24:13"
📤 AWS IoT Sent {'id': 8990, 'bp': 23529.0, 'fp': 5308.0, 'cr': 22102.0, 'bc': 6380.0, 'timestamp': '2026-02-12 05:24:13'}
⚠️ MQTT disconnected, reason: 7
⚠️ Not connected to MQTT, retrying...
✅ Connected to AWS IoT Core
✅ Connected to AWS IoT Core
✅ Uploaded | id=8991 BP=10060.0 FP=20786.0 CR=8095.0 BC=21923.0 timestamp="2026-02-12 05:24:15"
📤 AWS IoT Sent {'id': 8991, 'bp': 10060.0, 'fp': 20786.0, 'cr': 8095.0, 'bc': 21923.0, 'timestamp': '2026-02-12 05:24:15'}
⚠️ MQTT disconnected, reason: 7
⚠️ Not connected to MQTT, retrying...
✅ Connected to AWS IoT Core
⚠️ MQTT disconnected, reason: 7
✅ Connected to AWS IoT Core
✅ Connected to AWS IoT Core
⚠️ MQTT disconnected, reason: 7
⚠️ Not connected to MQTT, retrying...
✅ Connected to AWS IoT Core
✅ Connected to AWS IoT Core
⚠️ MQTT disconnected, reason: 7
✅ Connected to AWS IoT Core
⚠️ MQTT disconnected, reason: 7
✅ Connected to AWS IoT Core
⚠️ MQTT disconnected, reason: 7
✅ Connected to AWS IoT Core
⚠️ MQTT disconnected, reason: 7
✅ Connected to AWS IoT Core
✅ Connected to AWS IoT Core
⚠️ MQTT disconnected, reason: 7
✅ Connected to AWS IoT Core
⚠️ MQTT disconnected, reason: 7
✅ Connected to AWS IoT Core
⚠️ MQTT disconnected, reason: 7
⚠️ MQTT disconnected, reason: 7
✅ Connected to AWS IoT Core
⚠️ MQTT disconnected, reason: 7
✅ Connected to AWS IoT Core
❌ MQTT connect failed: timed out
✅ Uploaded | id=8992 BP=17058.0 FP=10960.0 CR=19460.0 BC=8733.0 timestamp="2026-02-12 05:24:18"
📤 AWS IoT Sent {'id': 8992, 'bp': 17058.0, 'fp': 10960.0, 'cr': 19460.0, 'bc': 8733.0, 'timestamp': '2026-02-12 05:24:18'}
⚠️ MQTT disconnected, reason: 7
⚠️ Not connected to MQTT, retrying...
✅ Connected to AWS IoT Core
⚠️ MQTT disconnected, reason: 7
✅ Connected to AWS IoT Core
⚠️ MQTT disconnected, reason: 7
✅ Connected to AWS IoT Core
⚠️ MQTT disconnected, reason: 7
✅ Connected to AWS IoT Core
⚠️ MQTT disconnected, reason: 7
✅ Connected to AWS IoT Core
✅ Connected to AWS IoT Core
✅ Uploaded | id=8993 BP=23070.0 FP=7158.0 CR=20305.0 BC=8470.0 timestamp="2026-02-12 05:24:20"
📤 AWS IoT Sent {'id': 8993, 'bp': 23070.0, 'fp': 7158.0, 'cr': 20305.0, 'bc': 8470.0, 'timestamp': '2026-02-12 05:24:20'}
✅ Uploaded | id=8994 BP=23729.0 FP=3094.0 CR=23457.0 BC=4164.0 timestamp="2026-02-12 05:24:25"
📤 AWS IoT Sent {'id': 8994, 'bp': 23729.0, 'fp': 3094.0, 'cr': 23457.0, 'bc': 4164.0, 'timestamp': '2026-02-12 05:24:25'}
✅ Uploaded | id=8995 BP=23735.0 FP=1195.0 CR=23620.0 BC=2071.0 timestamp="2026-02-12 05:24:28"
📤 AWS IoT Sent {'id': 8995, 'bp': 23735.0, 'fp': 1195.0, 'cr': 23620.0, 'bc': 2071.0, 'timestamp': '2026-02-12 05:24:28'}
✅ Uploaded | id=8996 BP=14076.0 FP=12146.0 CR=16610.0 BC=11260.0 timestamp="2026-02-12 05:24:30"
📤 AWS IoT Sent {'id': 8996, 'bp': 14076.0, 'fp': 12146.0, 'cr': 16610.0, 'bc': 11260.0, 'timestamp': '2026-02-12 05:24:30'}
⚠️ MQTT disconnected, reason: 7
⚠️ Not connected to MQTT, retrying...
✅ Connected to AWS IoT Core
⚠️ MQTT disconnected, reason: 7
✅ Connected to AWS IoT Core
⚠️ MQTT disconnected, reason: 7
✅ Connected to AWS IoT Core
⚠️ MQTT disconnected, reason: 7
✅ Connected to AWS IoT Core
⚠️ MQTT disconnected, reason: 7
✅ Connected to AWS IoT Core
⚠️ MQTT disconnected, reason: 7
✅ Connected to AWS IoT Core
⚠️ MQTT disconnected, reason: 7
✅ Connected to AWS IoT Core
⚠️ MQTT disconnected, reason: 7
⚠️ Not connected to MQTT, retrying...
✅ Connected to AWS IoT Core
⚠️ MQTT disconnected, reason: 7
✅ Connected to AWS IoT Core
✅ Uploaded | id=8999 BP=938.0 FP=23630.0 CR=1981.0 BC=23421.0 timestamp="2026-02-12 05:24:38"
📤 AWS IoT Sent {'id': 8999, 'bp': 938.0, 'fp': 23630.0, 'cr': 1981.0, 'bc': 23421.0, 'timestamp': '2026-02-12 05:24:38'}
✅ Uploaded | id=9000 BP=9191.0 FP=21916.0 CR=7353.0 BC=22752.0 timestamp="2026-02-12 05:24:40"
📤 AWS IoT Sent {'id': 9000, 'bp': 9191.0, 'fp': 21916.0, 'cr': 7353.0, 'bc': 22752.0, 'timestamp': '2026-02-12 05:24:40'}
✅ Uploaded | id=9001 BP=17634.0 FP=12535.0 CR=14769.0 BC=13462.0 timestamp="2026-02-12 05:24:43"
📤 AWS IoT Sent {'id': 9001, 'bp': 17634.0, 'fp': 12535.0, 'cr': 14769.0, 'bc': 13462.0, 'timestamp': '2026-02-12 05:24:43'}
✅ Uploaded | id=9002 BP=23489.0 FP=5069.0 CR=22540.0 BC=6158.0 timestamp="2026-02-12 05:24:45"
📤 AWS IoT Sent {'id': 9002, 'bp': 23489.0, 'fp': 5069.0, 'cr': 22540.0, 'bc': 6158.0, 'timestamp': '2026-02-12 05:24:45'}
⚠️ MQTT disconnected, reason: 7
⚠️ Not connected to MQTT, retrying...
✅ Connected to AWS IoT Core
⚠️ MQTT disconnected, reason: 7
✅ Connected to AWS IoT Core
✅ Connected to AWS IoT Core
✅ Uploaded | id=9003 BP=20026.0 FP=8191.0 CR=22217.0 BC=7018.0 timestamp="2026-02-12 05:24:48"
📤 AWS IoT Sent {'id': 9003, 'bp': 20026.0, 'fp': 8191.0, 'cr': 22217.0, 'bc': 7018.0, 'timestamp': '2026-02-12 05:24:48'}
✅ Uploaded | id=9004 BP=16502.0 FP=10575.0 CR=19069.0 BC=9659.0 timestamp="2026-02-12 05:24:50"
📤 AWS IoT Sent {'id': 9004, 'bp': 16502.0, 'fp': 10575.0, 'cr': 19069.0, 'bc': 9659.0, 'timestamp': '2026-02-12 05:24:50'}
⚠️ MQTT disconnected, reason: 7
✅ Connected to AWS IoT Core
✅ Uploaded | id=9005 BP=2265.0 FP=23680.0 CR=877.0 BC=23661.0 timestamp="2026-02-12 05:24:53"
📤 AWS IoT Sent {'id': 9005, 'bp': 2265.0, 'fp': 23680.0, 'cr': 877.0, 'bc': 23661.0, 'timestamp': '2026-02-12 05:24:53'}
✅ Uploaded | id=9006 BP=788.0 FP=23695.0 CR=2147.0 BC=23463.0 timestamp="2026-02-12 05:24:55"
📤 AWS IoT Sent {'id': 9006, 'bp': 788.0, 'fp': 23695.0, 'cr': 2147.0, 'bc': 23463.0, 'timestamp': '2026-02-12 05:24:55'}
⚠️ MQTT disconnected, reason: 7
✅ Connected to AWS IoT Core
✅ Uploaded | id=9007 BP=19872.0 FP=9917.0 CR=15737.0 BC=13674.0 timestamp="2026-02-12 05:24:58"
📤 AWS IoT Sent {'id': 9007, 'bp': 19872.0, 'fp': 9917.0, 'cr': 15737.0, 'bc': 13674.0, 'timestamp': '2026-02-12 05:24:58'}
✅ Uploaded | id=9008 BP=12928.0 FP=16756.0 CR=10545.0 BC=20789.0 timestamp="2026-02-12 05:25:00"
📤 AWS IoT Sent {'id': 9008, 'bp': 12928.0, 'fp': 16756.0, 'cr': 10545.0, 'bc': 20789.0, 'timestamp': '2026-02-12 05:25:00'}
✅ Uploaded | id=9009 BP=23718.0 FP=3446.0 CR=23519.0 BC=4368.0 timestamp="2026-02-12 05:25:03"
📤 AWS IoT Sent {'id': 9009, 'bp': 23718.0, 'fp': 3446.0, 'cr': 23519.0, 'bc': 4368.0, 'timestamp': '2026-02-12 05:25:03'}
✅ Uploaded | id=9010 BP=17666.0 FP=12429.0 CR=14997.0 BC=13321.0 timestamp="2026-02-12 05:25:05"
📤 AWS IoT Sent {'id': 9010, 'bp': 17666.0, 'fp': 12429.0, 'cr': 14997.0, 'bc': 13321.0, 'timestamp': '2026-02-12 05:25:05'}
✅ Uploaded | id=9011 BP=18096.0 FP=9754.0 CR=20591.0 BC=8699.0 timestamp="2026-02-12 05:25:08"
📤 AWS IoT Sent {'id': 9011, 'bp': 18096.0, 'fp': 9754.0, 'cr': 20591.0, 'bc': 8699.0, 'timestamp': '2026-02-12 05:25:08'}
✅ Uploaded | id=9012 BP=24228.0 FP=1607.0 CR=23679.0 BC=731.0 timestamp="2026-02-12 05:25:10"
📤 AWS IoT Sent {'id': 9012, 'bp': 24228.0, 'fp': 1607.0, 'cr': 23679.0, 'bc': 731.0, 'timestamp': '2026-02-12 05:25:10'}
✅ Uploaded | id=9013 BP=3240.0 FP=23364.0 CR=5218.0 BC=22318.0 timestamp="2026-02-12 05:25:13"
📤 AWS IoT Sent {'id': 9013, 'bp': 3240.0, 'fp': 23364.0, 'cr': 5218.0, 'bc': 22318.0, 'timestamp': '2026-02-12 05:25:13'}
⚠️ MQTT disconnected, reason: 7
⚠️ Not connected to MQTT, retrying...
✅ Connected to AWS IoT Core
⚠️ MQTT disconnected, reason: 7
❌ MQTT connect failed: timed out
❌ MQTT connect failed: timed out
✅ Connected to AWS IoT Core
⚠️ MQTT disconnected, reason: 7
✅ Connected to AWS IoT Core
⚠️ MQTT disconnected, reason: 7
⚠️ MQTT disconnected, reason: 7
✅ Connected to AWS IoT Core
⚠️ MQTT disconnected, reason: 7
✅ Connected to AWS IoT Core
⚠️ MQTT disconnected, reason: 7
✅ Connected to AWS IoT Core
⚠️ MQTT disconnected, reason: 7
✅ Connected to AWS IoT Core
⚠️ MQTT disconnected, reason: 7
✅ Connected to AWS IoT Core
✅ Connected to AWS IoT Core
⚠️ MQTT disconnected, reason: 7
⚠️ Not connected to MQTT, retrying...
✅ Connected to AWS IoT Core
⚠️ MQTT disconnected, reason: 7
✅ Connected to AWS IoT Core
⚠️ MQTT disconnected, reason: 7
✅ Connected to AWS IoT Core
⚠️ MQTT disconnected, reason: 7
⚠️ MQTT disconnected, reason: 7
✅ Connected to AWS IoT Core
✅ Connected to AWS IoT Core
⚠️ MQTT disconnected, reason: 7
⚠️ Not connected to MQTT, retrying...
✅ Connected to AWS IoT Core
✅ Connected to AWS IoT Core
⚠️ MQTT disconnected, reason: 7
⚠️ Not connected to MQTT, retrying...
✅ Connected to AWS IoT Core
⚠️ MQTT disconnected, reason: 7
✅ Connected to AWS IoT Core
⚠️ MQTT disconnected, reason: 7
✅ Connected to AWS IoT Core
⚠️ MQTT disconnected, reason: 7
✅ Connected to AWS IoT Core
⚠️ MQTT disconnected, reason: 7
✅ Connected to AWS IoT Core
⚠️ MQTT disconnected, reason: 7
✅ Connected to AWS IoT Core
⚠️ MQTT disconnected, reason: 7
✅ Connected to AWS IoT Core
⚠️ MQTT disconnected, reason: 7
⚠️ MQTT disconnected, reason: 7
✅ Connected to AWS IoT Core
⚠️ MQTT disconnected, reason: 7
✅ Connected to AWS IoT Core
⚠️ MQTT disconnected, reason: 7
✅ Connected to AWS IoT Core
⚠️ MQTT disconnected, reason: 7
✅ Connected to AWS IoT Core
⚠️ MQTT disconnected, reason: 7
✅ Connected to AWS IoT Core
⚠️ MQTT disconnected, reason: 7
⚠️ Not connected to MQTT, retrying...
✅ Connected to AWS IoT Core
⚠️ MQTT disconnected, reason: 7
✅ Connected to AWS IoT Core
⚠️ MQTT disconnected, reason: 7
✅ Connected to AWS IoT Core
⚠️ MQTT disconnected, reason: 7
✅ Connected to AWS IoT Core
⚠️ MQTT disconnected, reason: 7
✅ Connected to AWS IoT Core
⚠️ MQTT disconnected, reason: 7
✅ Connected to AWS IoT Core
⚠️ MQTT disconnected, reason: 7
✅ Connected to AWS IoT Core
⚠️ MQTT disconnected, reason: 7
✅ Connected to AWS IoT Core
⚠️ MQTT disconnected, reason: 7
⚠️ Not connected to MQTT, retrying...
✅ Connected to AWS IoT Core
✅ Connected to AWS IoT Core
⚠️ MQTT disconnected, reason: 7
⚠️ Not connected to MQTT, retrying...
✅ Connected to AWS IoT Core
⚠️ MQTT disconnected, reason: 7
⚠️ Not connected to MQTT, retrying...
✅ Connected to AWS IoT Core
⚠️ MQTT disconnected, reason: 7
✅ Connected to AWS IoT Core
⚠️ MQTT disconnected, reason: 7
✅ Connected to AWS IoT Core
⚠️ MQTT disconnected, reason: 7
⚠️ MQTT disconnected, reason: 7
✅ Connected to AWS IoT Core
✅ Connected to AWS IoT Core
⚠️ MQTT disconnected, reason: 7
⚠️ Not connected to MQTT, retrying...
✅ Connected to AWS IoT Core
✅ Connected to AWS IoT Core
⚠️ MQTT disconnected, reason: 7
⚠️ Not connected to MQTT, retrying...
✅ Connected to AWS IoT Core
⚠️ MQTT disconnected, reason: 7
✅ Connected to AWS IoT Core
⚠️ MQTT disconnected, reason: 7
✅ Connected to AWS IoT Core
⚠️ MQTT disconnected, reason: 7
✅ Connected to AWS IoT Core
⚠️ MQTT disconnected, reason: 7
✅ Connected to AWS IoT Core
⚠️ MQTT disconnected, reason: 7
⚠️ Not connected to MQTT, retrying...
✅ Connected to AWS IoT Core
✅ Connected to AWS IoT Core
⚠️ MQTT disconnected, reason: 7
⚠️ Not connected to MQTT, retrying...
✅ Connected to AWS IoT Core
⚠️ MQTT disconnected, reason: 7
✅ Connected to AWS IoT Core
⚠️ MQTT disconnected, reason: 7
✅ Connected to AWS IoT Core
⚠️ MQTT disconnected, reason: 7
✅ Connected to AWS IoT Core
⚠️ MQTT disconnected, reason: 7
✅ Connected to AWS IoT Core
⚠️ MQTT disconnected, reason: 7
✅ Connected to AWS IoT Core
⚠️ MQTT disconnected, reason: 7
⚠️ Not connected to MQTT, retrying...
✅ Connected to AWS IoT Core
⚠️ MQTT disconnected, reason: 7
✅ Connected to AWS IoT Core
⚠️ MQTT disconnected, reason: 7
⚠️ Not connected to MQTT, retrying...
✅ Connected to AWS IoT Core
⚠️ MQTT disconnected, reason: 7
✅ Connected to AWS IoT Core
⚠️ MQTT disconnected, reason: 7
✅ Connected to AWS IoT Core
⚠️ MQTT disconnected, reason: 7
✅ Connected to AWS IoT Core
⚠️ MQTT disconnected, reason: 7
✅ Connected to AWS IoT Core
⚠️ MQTT disconnected, reason: 7
✅ Connected to AWS IoT Core
⚠️ MQTT disconnected, reason: 7
✅ Connected to AWS IoT Core
⚠️ MQTT disconnected, reason: 7
✅ Connected to AWS IoT Core
✅ Connected to AWS IoT Core
⚠️ MQTT disconnected, reason: 7
⚠️ Not connected to MQTT, retrying...
✅ Connected to AWS IoT Core
✅ Connected to AWS IoT Core
⚠️ MQTT disconnected, reason: 7
⚠️ Not connected to MQTT, retrying...
✅ Connected to AWS IoT Core
⚠️ MQTT disconnected, reason: 7
✅ Connected to AWS IoT Core
⚠️ MQTT disconnected, reason: 7
⚠️ Not connected to MQTT, retrying...
✅ Connected to AWS IoT Core
✅ Connected to AWS IoT Core
⚠️ MQTT disconnected, reason: 7
⚠️ Not connected to MQTT, retrying...
✅ Connected to AWS IoT Core
⚠️ MQTT disconnected, reason: 7
✅ Connected to AWS IoT Core
⚠️ MQTT disconnected, reason: 7
✅ Connected to AWS IoT Core
⚠️ MQTT disconnected, reason: 7
✅ Connected to AWS IoT Core
⚠️ MQTT disconnected, reason: 7
✅ Connected to AWS IoT Core
⚠️ MQTT disconnected, reason: 7
✅ Connected to AWS IoT Core
⚠️ MQTT disconnected, reason: 7
✅ Connected to AWS IoT Core
⚠️ MQTT disconnected, reason: 7
✅ Connected to AWS IoT Core
⚠️ MQTT disconnected, reason: 7
✅ Connected to AWS IoT Core
⚠️ MQTT disconnected, reason: 7
⚠️ MQTT disconnected, reason: 7
✅ Connected to AWS IoT Core
⚠️ MQTT disconnected, reason: 7
✅ Connected to AWS IoT Core
⚠️ MQTT disconnected, reason: 7
✅ Connected to AWS IoT Core
⚠️ MQTT disconnected, reason: 7
✅ Connected to AWS IoT Core
⚠️ MQTT disconnected, reason: 7
✅ Connected to AWS IoT Core
⚠️ MQTT disconnected, reason: 7
✅ Connected to AWS IoT Core
⚠️ MQTT disconnected, reason: 7
✅ Connected to AWS IoT Core
⚠️ MQTT disconnected, reason: 7
✅ Connected to AWS IoT Core
⚠️ MQTT disconnected, reason: 7
✅ Connected to AWS IoT Core
⚠️ MQTT disconnected, reason: 7
✅ Connected to AWS IoT Core
⚠️ MQTT disconnected, reason: 7
✅ Connected to AWS IoT Core
⚠️ MQTT disconnected, reason: 7
✅ Connected to AWS IoT Core
⚠️ MQTT disconnected, reason: 7
✅ Connected to AWS IoT Core
✅ Connected to AWS IoT Core
⚠️ MQTT disconnected, reason: 7
⚠️ Not connected to MQTT, retrying...
✅ Connected to AWS IoT Core
⚠️ MQTT disconnected, reason: 7
✅ Connected to AWS IoT Core
⚠️ MQTT disconnected, reason: 7
✅ Connected to AWS IoT Core
⚠️ MQTT disconnected, reason: 7
✅ Connected to AWS IoT Core
⚠️ MQTT disconnected, reason: 7
❌ MQTT connect failed: timed out
✅ Connected to AWS IoT Core
⚠️ MQTT disconnected, reason: 7
⚠️ Not connected to MQTT, retrying...
✅ Connected to AWS IoT Core
⚠️ MQTT disconnected, reason: 7
✅ Connected to AWS IoT Core
⚠️ MQTT disconnected, reason: 7
✅ Connected to AWS IoT Core
⚠️ MQTT disconnected, reason: 7
⚠️ Not connected to MQTT, retrying...
✅ Connected to AWS IoT Core
⚠️ MQTT disconnected, reason: 7
✅ Connected to AWS IoT Core
⚠️ MQTT disconnected, reason: 7
✅ Connected to AWS IoT Core
⚠️ MQTT disconnected, reason: 7
✅ Connected to AWS IoT Core
⚠️ MQTT disconnected, reason: 7
⚠️ Not connected to MQTT, retrying...
✅ Connected to AWS IoT Core
⚠️ MQTT disconnected, reason: 7
✅ Connected to AWS IoT Core
⚠️ MQTT disconnected, reason: 7
✅ Connected to AWS IoT Core
⚠️ MQTT disconnected, reason: 7
✅ Connected to AWS IoT Core
⚠️ MQTT disconnected, reason: 7
✅ Connected to AWS IoT Core
⚠️ MQTT disconnected, reason: 7
⚠️ Not connected to MQTT, retrying...
✅ Connected to AWS IoT Core
⚠️ MQTT disconnected, reason: 7
✅ Connected to AWS IoT Core
⚠️ MQTT disconnected, reason: 7
✅ Connected to AWS IoT Core
✅ Connected to AWS IoT Core
⚠️ MQTT disconnected, reason: 7
⚠️ Not connected to MQTT, retrying...
✅ Connected to AWS IoT Core
✅ Connected to AWS IoT Core
⚠️ MQTT disconnected, reason: 7
⚠️ Not connected to MQTT, retrying...
✅ Connected to AWS IoT Core
⚠️ MQTT disconnected, reason: 7
✅ Connected to AWS IoT Core
⚠️ MQTT disconnected, reason: 7
⚠️ MQTT disconnected, reason: 7
✅ Connected to AWS IoT Core
⚠️ MQTT disconnected, reason: 7
✅ Connected to AWS IoT Core
⚠️ MQTT disconnected, reason: 7
✅ Connected to AWS IoT Core
⚠️ MQTT disconnected, reason: 7
✅ Connected to AWS IoT Core
⚠️ MQTT disconnected, reason: 7
✅ Connected to AWS IoT Core
⚠️ MQTT disconnected, reason: 7
⚠️ MQTT disconnected, reason: 7
✅ Connected to AWS IoT Core
⚠️ MQTT disconnected, reason: 7
✅ Connected to AWS IoT Core
✅ Connected to AWS IoT Core
⚠️ MQTT disconnected, reason: 7
⚠️ Not connected to MQTT, retrying...
✅ Connected to AWS IoT Core
⚠️ MQTT disconnected, reason: 7
✅ Connected to AWS IoT Core
⚠️ MQTT disconnected, reason: 7
✅ Connected to AWS IoT Core
⚠️ MQTT disconnected, reason: 7
✅ Connected to AWS IoT Core
⚠️ MQTT disconnected, reason: 7
✅ Connected to AWS IoT Core
⚠️ MQTT disconnected, reason: 7
⚠️ Not connected to MQTT, retrying...
✅ Connected to AWS IoT Core
⚠️ MQTT disconnected, reason: 7
⚠️ MQTT disconnected, reason: 7
✅ Connected to AWS IoT Core
✅ Connected to AWS IoT Core
⚠️ MQTT disconnected, reason: 7
⚠️ Not connected to MQTT, retrying...
✅ Connected to AWS IoT Core
✅ Connected to AWS IoT Core
⚠️ MQTT disconnected, reason: 7
⚠️ Not connected to MQTT, retrying...
✅ Connected to AWS IoT Core
✅ Connected to AWS IoT Core
⚠️ MQTT disconnected, reason: 7
⚠️ Not connected to MQTT, retrying...
✅ Connected to AWS IoT Core
✅ Connected to AWS IoT Core
⚠️ MQTT disconnected, reason: 7
⚠️ Not connected to MQTT, retrying...
✅ Connected to AWS IoT Core
⚠️ MQTT disconnected, reason: 7
✅ Connected to AWS IoT Core
⚠️ MQTT disconnected, reason: 7
✅ Connected to AWS IoT Core
✅ Connected to AWS IoT Core
⚠️ MQTT disconnected, reason: 7
⚠️ Not connected to MQTT, retrying...
✅ Connected to AWS IoT Core
⚠️ MQTT disconnected, reason: 7
✅ Connected to AWS IoT Core
⚠️ MQTT disconnected, reason: 7
✅ Connected to AWS IoT Core
⚠️ MQTT disconnected, reason: 7
✅ Connected to AWS IoT Core
⚠️ MQTT disconnected, reason: 7
✅ Connected to AWS IoT Core
⚠️ MQTT disconnected, reason: 7
⚠️ Not connected to MQTT, retrying...
✅ Connected to AWS IoT Core
⚠️ MQTT disconnected, reason: 7
✅ Connected to AWS IoT Core
⚠️ MQTT disconnected, reason: 7
⚠️ MQTT disconnected, reason: 7
✅ Connected to AWS IoT Core
⚠️ MQTT disconnected, reason: 7
✅ Connected to AWS IoT Core
⚠️ MQTT disconnected, reason: 7
⚠️ Not connected to MQTT, retrying...
✅ Connected to AWS IoT Core
⚠️ MQTT disconnected, reason: 7
✅ Connected to AWS IoT Core
⚠️ MQTT disconnected, reason: 7
⚠️ Not connected to MQTT, retrying...
✅ Connected to AWS IoT Core
⚠️ MQTT disconnected, reason: 7
⚠️ MQTT disconnected, reason: 7
✅ Connected to AWS IoT Core
✅ Connected to AWS IoT Core
⚠️ MQTT disconnected, reason: 7
⚠️ Not connected to MQTT, retrying...
✅ Connected to AWS IoT Core
⚠️ MQTT disconnected, reason: 7
✅ Connected to AWS IoT Core
⚠️ MQTT disconnected, reason: 7
✅ Connected to AWS IoT Core
⚠️ MQTT disconnected, reason: 7
✅ Connected to AWS IoT Core
⚠️ MQTT disconnected, reason: 7
✅ Connected to AWS IoT Core
⚠️ MQTT disconnected, reason: 7
⚠️ Not connected to MQTT, retrying...
✅ Connected to AWS IoT Core
⚠️ MQTT disconnected, reason: 7
✅ Connected to AWS IoT Core
⚠️ MQTT disconnected, reason: 7
✅ Connected to AWS IoT Core
✅ Connected to AWS IoT Core
⚠️ MQTT disconnected, reason: 7
⚠️ Not connected to MQTT, retrying...
⚠️ MQTT disconnected, reason: 7
✅ Connected to AWS IoT Core
✅ Connected to AWS IoT Core
⚠️ MQTT disconnected, reason: 7
⚠️ Not connected to MQTT, retrying...
✅ Connected to AWS IoT Core
⚠️ MQTT disconnected, reason: 7
✅ Connected to AWS IoT Core
⚠️ MQTT disconnected, reason: 7
⚠️ Not connected to MQTT, retrying...
✅ Connected to AWS IoT Core
✅ Connected to AWS IoT Core
⚠️ MQTT disconnected, reason: 7
⚠️ Not connected to MQTT, retrying...
✅ Connected to AWS IoT Core
⚠️ MQTT disconnected, reason: 7
✅ Connected to AWS IoT Core
⚠️ MQTT disconnected, reason: 7
⚠️ Not connected to MQTT, retrying...
✅ Connected to AWS IoT Core
⚠️ MQTT disconnected, reason: 7
⚠️ Not connected to MQTT, retrying...
⚠️ MQTT disconnected, reason: 7
✅ Connected to AWS IoT Core
⚠️ MQTT disconnected, reason: 7
✅ Connected to AWS IoT Core
⚠️ MQTT disconnected, reason: 7
⚠️ MQTT disconnected, reason: 7
✅ Connected to AWS IoT Core
⚠️ MQTT disconnected, reason: 7
✅ Connected to AWS IoT Core
⚠️ MQTT disconnected, reason: 7
✅ Connected to AWS IoT Core
⚠️ MQTT disconnected, reason: 7
✅ Connected to AWS IoT Core
⚠️ MQTT disconnected, reason: 7
✅ Connected to AWS IoT Core
⚠️ MQTT disconnected, reason: 7
✅ Connected to AWS IoT Core
⚠️ MQTT disconnected, reason: 7
❌ MQTT connect failed: [Errno -3] Temporary failure in name resolution
✅ Connected to AWS IoT Core
✅ Connected to AWS IoT Core
⚠️ MQTT disconnected, reason: 7
✅ Connected to AWS IoT Core
⚠️ MQTT disconnected, reason: 7
✅ Connected to AWS IoT Core
⚠️ MQTT disconnected, reason: 7
⚠️ Not connected to MQTT, retrying...
✅ Connected to AWS IoT Core
✅ Connected to AWS IoT Core
⚠️ MQTT disconnected, reason: 7
⚠️ Not connected to MQTT, retrying...
✅ Connected to AWS IoT Core
⚠️ MQTT disconnected, reason: 7
⚠️ Not connected to MQTT, retrying...
✅ Connected to AWS IoT Core
⚠️ MQTT disconnected, reason: 7
✅ Connected to AWS IoT Core
⚠️ MQTT disconnected, reason: 7
⚠️ Not connected to MQTT, retrying...
⚠️ MQTT disconnected, reason: 7
✅ Connected to AWS IoT Core
✅ Connected to AWS IoT Core
⚠️ MQTT disconnected, reason: 7
✅ Connected to AWS IoT Core
⚠️ MQTT disconnected, reason: 7
✅ Connected to AWS IoT Core
✅ Connected to AWS IoT Core
⚠️ MQTT disconnected, reason: 7
⚠️ MQTT disconnected, reason: 7
⚠️ MQTT disconnected, reason: 7
✅ Connected to AWS IoT Core
⚠️ MQTT disconnected, reason: 7
✅ Connected to AWS IoT Core
⚠️ MQTT disconnected, reason: 7
✅ Connected to AWS IoT Core
⚠️ MQTT disconnected, reason: 7
✅ Connected to AWS IoT Core
✅ Connected to AWS IoT Core
⚠️ MQTT disconnected, reason: 7
⚠️ Not connected to MQTT, retrying...
⚠️ MQTT disconnected, reason: 7
✅ Connected to AWS IoT Core
⚠️ MQTT disconnected, reason: 7
✅ Connected to AWS IoT Core
⚠️ MQTT disconnected, reason: 7
✅ Connected to AWS IoT Core
⚠️ MQTT disconnected, reason: 7
✅ Connected to AWS IoT Core
⚠️ MQTT disconnected, reason: 7
✅ Connected to AWS IoT Core
⚠️ MQTT disconnected, reason: 7
✅ Connected to AWS IoT Core
⚠️ MQTT disconnected, reason: 7
✅ Connected to AWS IoT Core
⚠️ MQTT disconnected, reason: 7
✅ Connected to AWS IoT Core
⚠️ MQTT disconnected, reason: 7
✅ Connected to AWS IoT Core
⚠️ MQTT disconnected, reason: 7
✅ Connected to AWS IoT Core
⚠️ MQTT disconnected, reason: 7
✅ Connected to AWS IoT Core
✅ Connected to AWS IoT Core
⚠️ MQTT disconnected, reason: 7
⚠️ Not connected to MQTT, retrying...
✅ Connected to AWS IoT Core
❌ MQTT connect failed: [Errno -3] Temporary failure in name resolution
⚠️ MQTT disconnected, reason: 7
✅ Connected to AWS IoT Core
⚠️ MQTT disconnected, reason: 7
✅ Connected to AWS IoT Core
⚠️ MQTT disconnected, reason: 7
✅ Connected to AWS IoT Core
⚠️ MQTT disconnected, reason: 7
⚠️ Not connected to MQTT, retrying...
✅ Connected to AWS IoT Core
❌ MQTT connect failed: [Errno -3] Temporary failure in name resolution
⚠️ MQTT disconnected, reason: 7
⚠️ Not connected to MQTT, retrying...
✅ Connected to AWS IoT Core
⚠️ MQTT disconnected, reason: 7
⚠️ Not connected to MQTT, retrying...
⚠️ MQTT disconnected, reason: 7
❌ MQTT connect failed: [Errno -3] Temporary failure in name resolution
❌ MQTT connect failed: timed out
✅ Connected to AWS IoT Core
❌ MQTT connect failed: timed out
⚠️ MQTT disconnected, reason: 7
⚠️ Not connected to MQTT, retrying...
✅ Connected to AWS IoT Core
⚠️ MQTT disconnected, reason: 7
✅ Connected to AWS IoT Core
⚠️ MQTT disconnected, reason: 7
✅ Connected to AWS IoT Core
⚠️ MQTT disconnected, reason: 7
✅ Connected to AWS IoT Core
⚠️ MQTT disconnected, reason: 7
✅ Connected to AWS IoT Core
⚠️ MQTT disconnected, reason: 7
⚠️ Not connected to MQTT, retrying...
✅ Connected to AWS IoT Core
⚠️ MQTT disconnected, reason: 7
✅ Connected to AWS IoT Core
⚠️ MQTT disconnected, reason: 7
❌ MQTT connect failed: timed out
✅ Connected to AWS IoT Core
✅ Connected to AWS IoT Core
⚠️ MQTT disconnected, reason: 7
⚠️ Not connected to MQTT, retrying...
✅ Connected to AWS IoT Core
✅ Connected to AWS IoT Core
⚠️ MQTT disconnected, reason: 7
✅ Connected to AWS IoT Core
⚠️ MQTT disconnected, reason: 7
✅ Connected to AWS IoT Core
⚠️ MQTT disconnected, reason: 7
⚠️ Not connected to MQTT, retrying...
✅ Connected to AWS IoT Core
⚠️ MQTT disconnected, reason: 7
✅ Connected to AWS IoT Core
⚠️ MQTT disconnected, reason: 7
⚠️ Not connected to MQTT, retrying...
✅ Connected to AWS IoT Core
⚠️ MQTT disconnected, reason: 7
✅ Connected to AWS IoT Core
⚠️ MQTT disconnected, reason: 7
✅ Connected to AWS IoT Core
✅ Connected to AWS IoT Core
⚠️ MQTT disconnected, reason: 7
⚠️ Not connected to MQTT, retrying...
✅ Connected to AWS IoT Core
⚠️ MQTT disconnected, reason: 7
⚠️ Not connected to MQTT, retrying...
✅ Connected to AWS IoT Core
⚠️ MQTT disconnected, reason: 7
✅ Connected to AWS IoT Core
⚠️ MQTT disconnected, reason: 7
⚠️ Not connected to MQTT, retrying...
✅ Connected to AWS IoT Core
⚠️ MQTT disconnected, reason: 7
✅ Connected to AWS IoT Core
⚠️ MQTT disconnected, reason: 7
✅ Connected to AWS IoT Core
⚠️ MQTT disconnected, reason: 7
✅ Connected to AWS IoT Core
⚠️ MQTT disconnected, reason: 7
✅ Connected to AWS IoT Core
⚠️ MQTT disconnected, reason: 7
✅ Connected to AWS IoT Core
⚠️ MQTT disconnected, reason: 7
✅ Connected to AWS IoT Core
⚠️ MQTT disconnected, reason: 7
✅ Connected to AWS IoT Core
⚠️ MQTT disconnected, reason: 7
✅ Connected to AWS IoT Core
✅ Connected to AWS IoT Core
⚠️ MQTT disconnected, reason: 7
⚠️ Not connected to MQTT, retrying...
✅ Connected to AWS IoT Core
✅ Connected to AWS IoT Core
⚠️ MQTT disconnected, reason: 7
⚠️ Not connected to MQTT, retrying...
✅ Connected to AWS IoT Core
⚠️ MQTT disconnected, reason: 7
✅ Connected to AWS IoT Core
⚠️ MQTT disconnected, reason: 7
✅ Connected to AWS IoT Core
⚠️ MQTT disconnected, reason: 7
✅ Connected to AWS IoT Core
⚠️ MQTT disconnected, reason: 7
✅ Connected to AWS IoT Core
✅ Connected to AWS IoT Core
⚠️ MQTT disconnected, reason: 7
⚠️ Not connected to MQTT, retrying...
✅ Connected to AWS IoT Core
⚠️ MQTT disconnected, reason: 7
✅ Connected to AWS IoT Core
⚠️ MQTT disconnected, reason: 7
✅ Connected to AWS IoT Core
⚠️ MQTT disconnected, reason: 7
✅ Connected to AWS IoT Core
⚠️ MQTT disconnected, reason: 7
✅ Connected to AWS IoT Core
⚠️ MQTT disconnected, reason: 7
⚠️ MQTT disconnected, reason: 7
✅ Connected to AWS IoT Core
⚠️ MQTT disconnected, reason: 7
✅ Connected to AWS IoT Core
✅ Connected to AWS IoT Core
⚠️ MQTT disconnected, reason: 7
⚠️ Not connected to MQTT, retrying...
✅ Connected to AWS IoT Core
⚠️ MQTT disconnected, reason: 7
✅ Connected to AWS IoT Core
⚠️ MQTT disconnected, reason: 7
⚠️ MQTT disconnected, reason: 7
✅ Connected to AWS IoT Core
⚠️ MQTT disconnected, reason: 7
✅ Connected to AWS IoT Core
✅ Connected to AWS IoT Core
⚠️ MQTT disconnected, reason: 7
⚠️ Not connected to MQTT, retrying...
✅ Connected to AWS IoT Core
✅ Connected to AWS IoT Core
⚠️ MQTT disconnected, reason: 7
⚠️ Not connected to MQTT, retrying...
✅ Connected to AWS IoT Core
✅ Connected to AWS IoT Core
⚠️ MQTT disconnected, reason: 7
⚠️ Not connected to MQTT, retrying...
✅ Connected to AWS IoT Core
⚠️ MQTT disconnected, reason: 7
✅ Connected to AWS IoT Core
⚠️ MQTT disconnected, reason: 7
✅ Connected to AWS IoT Core
⚠️ MQTT disconnected, reason: 7
✅ Connected to AWS IoT Core
⚠️ MQTT disconnected, reason: 7
✅ Connected to AWS IoT Core
⚠️ MQTT disconnected, reason: 7
✅ Connected to AWS IoT Core
⚠️ MQTT disconnected, reason: 7
✅ Connected to AWS IoT Core
⚠️ MQTT disconnected, reason: 7
⚠️ Not connected to MQTT, retrying...
✅ Connected to AWS IoT Core
⚠️ MQTT disconnected, reason: 7
✅ Connected to AWS IoT Core
✅ Connected to AWS IoT Core
⚠️ MQTT disconnected, reason: 7
⚠️ Not connected to MQTT, retrying...
✅ Connected to AWS IoT Core
✅ Connected to AWS IoT Core
⚠️ MQTT disconnected, reason: 7
⚠️ Not connected to MQTT, retrying...
✅ Connected to AWS IoT Core
✅ Connected to AWS IoT Core
⚠️ MQTT disconnected, reason: 7
⚠️ Not connected to MQTT, retrying...
✅ Connected to AWS IoT Core
✅ Connected to AWS IoT Core
⚠️ MQTT disconnected, reason: 7
⚠️ Not connected to MQTT, retrying...
✅ Connected to AWS IoT Core
⚠️ MQTT disconnected, reason: 7
⚠️ MQTT disconnected, reason: 7
✅ Connected to AWS IoT Core
✅ Connected to AWS IoT Core
⚠️ MQTT disconnected, reason: 7
⚠️ Not connected to MQTT, retrying...
✅ Connected to AWS IoT Core
✅ Connected to AWS IoT Core
⚠️ MQTT disconnected, reason: 7
✅ Connected to AWS IoT Core
⚠️ MQTT disconnected, reason: 7
✅ Connected to AWS IoT Core
⚠️ MQTT disconnected, reason: 7
✅ Connected to AWS IoT Core
⚠️ MQTT disconnected, reason: 7
✅ Connected to AWS IoT Core
⚠️ MQTT disconnected, reason: 7
✅ Connected to AWS IoT Core
⚠️ MQTT disconnected, reason: 7
✅ Connected to AWS IoT Core
⚠️ MQTT disconnected, reason: 7
⚠️ MQTT disconnected, reason: 7
✅ Connected to AWS IoT Core
⚠️ MQTT disconnected, reason: 7
✅ Connected to AWS IoT Core
⚠️ MQTT disconnected, reason: 7
⚠️ Not connected to MQTT, retrying...
✅ Connected to AWS IoT Core
✅ Connected to AWS IoT Core
⚠️ MQTT disconnected, reason: 7
⚠️ Not connected to MQTT, retrying...
✅ Connected to AWS IoT Core
⚠️ MQTT disconnected, reason: 7
⚠️ Not connected to MQTT, retrying...
✅ Connected to AWS IoT Core
⚠️ MQTT disconnected, reason: 7
✅ Connected to AWS IoT Core
⚠️ MQTT disconnected, reason: 7
✅ Connected to AWS IoT Core
⚠️ MQTT disconnected, reason: 7
✅ Connected to AWS IoT Core
⚠️ MQTT disconnected, reason: 7
✅ Connected to AWS IoT Core
⚠️ MQTT disconnected, reason: 7
✅ Connected to AWS IoT Core
⚠️ MQTT disconnected, reason: 7
✅ Connected to AWS IoT Core
⚠️ MQTT disconnected, reason: 7
✅ Connected to AWS IoT Core
⚠️ MQTT disconnected, reason: 7
✅ Connected to AWS IoT Core
⚠️ MQTT disconnected, reason: 7
✅ Connected to AWS IoT Core
⚠️ MQTT disconnected, reason: 7
⚠️ Not connected to MQTT, retrying...
✅ Connected to AWS IoT Core
⚠️ MQTT disconnected, reason: 7
✅ Connected to AWS IoT Core
⚠️ MQTT disconnected, reason: 7
✅ Connected to AWS IoT Core
⚠️ MQTT disconnected, reason: 7
✅ Connected to AWS IoT Core
⚠️ MQTT disconnected, reason: 7
⚠️ MQTT disconnected, reason: 7
✅ Connected to AWS IoT Core
✅ Connected to AWS IoT Core
⚠️ MQTT disconnected, reason: 7
✅ Connected to AWS IoT Core
⚠️ MQTT disconnected, reason: 7
✅ Connected to AWS IoT Core
✅ Connected to AWS IoT Core
⚠️ MQTT disconnected, reason: 7
⚠️ Not connected to MQTT, retrying...
✅ Connected to AWS IoT Core
✅ Connected to AWS IoT Core
⚠️ MQTT disconnected, reason: 7
⚠️ Not connected to MQTT, retrying...
✅ Connected to AWS IoT Core
⚠️ MQTT disconnected, reason: 7
⚠️ Not connected to MQTT, retrying...
❌ MQTT connect failed: timed out
❌ MQTT connect failed: [Errno -3] Temporary failure in name resolution
❌ MQTT connect failed: [Errno -3] Temporary failure in name resolution
✅ Connected to AWS IoT Core
✅ Connected to AWS IoT Core
⚠️ MQTT disconnected, reason: 7
⚠️ Not connected to MQTT, retrying...
✅ Connected to AWS IoT Core
✅ Connected to AWS IoT Core
⚠️ MQTT disconnected, reason: 7
⚠️ Not connected to MQTT, retrying...
✅ Connected to AWS IoT Core
✅ Connected to AWS IoT Core
⚠️ MQTT disconnected, reason: 7
⚠️ Not connected to MQTT, retrying...
✅ Connected to AWS IoT Core
✅ Connected to AWS IoT Core
⚠️ MQTT disconnected, reason: 7
⚠️ Not connected to MQTT, retrying...
✅ Connected to AWS IoT Core
⚠️ MQTT disconnected, reason: 7
✅ Connected to AWS IoT Core
⚠️ MQTT disconnected, reason: 7
✅ Connected to AWS IoT Core
✅ Connected to AWS IoT Core
⚠️ MQTT disconnected, reason: 7
✅ Connected to AWS IoT Core
⚠️ MQTT disconnected, reason: 7
✅ Connected to AWS IoT Core
⚠️ MQTT disconnected, reason: 7
✅ Connected to AWS IoT Core
⚠️ MQTT disconnected, reason: 7
⚠️ Not connected to MQTT, retrying...
✅ Connected to AWS IoT Core
⚠️ MQTT disconnected, reason: 7
✅ Connected to AWS IoT Core
⚠️ MQTT disconnected, reason: 7
✅ Connected to AWS IoT Core
⚠️ MQTT disconnected, reason: 7
✅ Connected to AWS IoT Core
⚠️ MQTT disconnected, reason: 7
✅ Connected to AWS IoT Core
⚠️ MQTT disconnected, reason: 7
✅ Connected to AWS IoT Core
⚠️ MQTT disconnected, reason: 7
✅ Connected to AWS IoT Core
⚠️ MQTT disconnected, reason: 7
✅ Connected to AWS IoT Core
⚠️ MQTT disconnected, reason: 7
✅ Connected to AWS IoT Core
⚠️ MQTT disconnected, reason: 7
⚠️ MQTT disconnected, reason: 7
✅ Connected to AWS IoT Core
⚠️ MQTT disconnected, reason: 7
✅ Connected to AWS IoT Core
✅ Connected to AWS IoT Core
⚠️ MQTT disconnected, reason: 7
⚠️ Not connected to MQTT, retrying...
✅ Connected to AWS IoT Core
✅ Connected to AWS IoT Core
⚠️ MQTT disconnected, reason: 7
⚠️ Not connected to MQTT, retrying...
✅ Connected to AWS IoT Core
✅ Connected to AWS IoT Core
⚠️ MQTT disconnected, reason: 7
⚠️ Not connected to MQTT, retrying...
✅ Connected to AWS IoT Core
⚠️ MQTT disconnected, reason: 7
✅ Connected to AWS IoT Core
✅ Connected to AWS IoT Core
⚠️ MQTT disconnected, reason: 7
⚠️ Not connected to MQTT, retrying...
✅ Connected to AWS IoT Core
⚠️ MQTT disconnected, reason: 7
✅ Connected to AWS IoT Core
⚠️ MQTT disconnected, reason: 7
✅ Connected to AWS IoT Core
⚠️ MQTT disconnected, reason: 7
✅ Connected to AWS IoT Core
⚠️ MQTT disconnected, reason: 7
✅ Connected to AWS IoT Core
⚠️ MQTT disconnected, reason: 7
✅ Connected to AWS IoT Core
⚠️ MQTT disconnected, reason: 7
✅ Connected to AWS IoT Core
⚠️ MQTT disconnected, reason: 7
✅ Connected to AWS IoT Core
⚠️ MQTT disconnected, reason: 7
✅ Connected to AWS IoT Core
✅ Connected to AWS IoT Core
⚠️ MQTT disconnected, reason: 7
⚠️ Not connected to MQTT, retrying...
✅ Connected to AWS IoT Core
⚠️ MQTT disconnected, reason: 7
✅ Connected to AWS IoT Core
⚠️ MQTT disconnected, reason: 7
✅ Connected to AWS IoT Core
⚠️ MQTT disconnected, reason: 7
✅ Connected to AWS IoT Core
⚠️ MQTT disconnected, reason: 7
✅ Connected to AWS IoT Core
✅ Connected to AWS IoT Core
⚠️ MQTT disconnected, reason: 7
⚠️ Not connected to MQTT, retrying...
✅ Connected to AWS IoT Core
⚠️ MQTT disconnected, reason: 7
✅ Connected to AWS IoT Core
⚠️ MQTT disconnected, reason: 7
✅ Connected to AWS IoT Core
⚠️ MQTT disconnected, reason: 7
✅ Connected to AWS IoT Core
✅ Connected to AWS IoT Core
⚠️ MQTT disconnected, reason: 7
⚠️ Not connected to MQTT, retrying...
✅ Connected to AWS IoT Core
⚠️ MQTT disconnected, reason: 7
✅ Connected to AWS IoT Core
⚠️ MQTT disconnected, reason: 7
✅ Connected to AWS IoT Core
⚠️ MQTT disconnected, reason: 7
✅ Connected to AWS IoT Core
⚠️ MQTT disconnected, reason: 7
✅ Connected to AWS IoT Core
⚠️ MQTT disconnected, reason: 7
✅ Connected to AWS IoT Core
⚠️ MQTT disconnected, reason: 7
✅ Connected to AWS IoT Core
⚠️ MQTT disconnected, reason: 7
✅ Connected to AWS IoT Core
⚠️ MQTT disconnected, reason: 7
✅ Connected to AWS IoT Core
⚠️ MQTT disconnected, reason: 7
✅ Connected to AWS IoT Core
⚠️ MQTT disconnected, reason: 7
✅ Connected to AWS IoT Core
⚠️ MQTT disconnected, reason: 7
✅ Connected to AWS IoT Core
✅ Connected to AWS IoT Core
⚠️ MQTT disconnected, reason: 7
⚠️ Not connected to MQTT, retrying...
✅ Connected to AWS IoT Core
⚠️ MQTT disconnected, reason: 7
✅ Connected to AWS IoT Core
⚠️ MQTT disconnected, reason: 7
✅ Connected to AWS IoT Core
⚠️ MQTT disconnected, reason: 7
✅ Connected to AWS IoT Core
⚠️ MQTT disconnected, reason: 7
✅ Connected to AWS IoT Core
⚠️ MQTT disconnected, reason: 7
✅ Connected to AWS IoT Core                                                                                                                                                                                                                   /home/pi_123/data/src/pressure_project/system_upload.py:78: DeprecationWarning: Callback API version 1 is deprecated, update to latest version
  client = mqtt.Client(client_id=CLIENT_ID, protocol=mqtt.MQTTv311)
/home/pi_123/data/src/pressure_project/system_upload.py:78: DeprecationWarning: Callback API version 1 is deprecated, update to latest version
  client = mqtt.Client(client_id=CLIENT_ID, protocol=mqtt.MQTTv311)
/home/pi_123/data/src/pressure_project/system_upload.py:78: DeprecationWarning: Callback API version 1 is deprecated, update to latest version
  client = mqtt.Client(client_id=CLIENT_ID, protocol=mqtt.MQTTv311)
=== DEBUG START ===
DB exists: True
CA exists: True
CERT exists: True
KEY exists: True
=== DEBUG END ===
⚠️ Network not ready, waiting 5s...
⚠️ Network not ready, waiting 5s...
⚠️ Network not ready, waiting 5s...
⚠️ Network not ready, waiting 5s...
⚠️ Network not ready, waiting 5s...
⚠️ Network not ready, waiting 5s...
⚠️ Network not ready, waiting 5s...
⚠️ Network not ready, waiting 5s...
⚠️ Network not ready, waiting 5s...
⚠️ Network not ready, waiting 5s...
⚠️ Network not ready, waiting 5s...
⚠️ Network not ready, waiting 5s...
⚠️ Network not ready, waiting 5s...
⚠️ Network not ready, waiting 5s...
⚠️ Network not ready, waiting 5s...
⚠️ Network not ready, waiting 5s...
⚠️ Network not ready, waiting 5s...
⚠️ Network not ready, waiting 5s...
⚠️ Network not ready, waiting 5s...
✅ Connected to AWS IoT Core
⚠️ MQTT disconnected, reason: 7
✅ Connected to AWS IoT Core
✅ Uploaded | id=9027 BP=5070.0 FP=4947.0 CR=4970.0 BC=5039.0 timestamp="2026-02-12 11:31:19"
📤 AWS IoT Sent {'id': 9027, 'bp': 5070.0, 'fp': 4947.0, 'cr': 4970.0, 'bc': 5039.0, 'timestamp': '2026-02-12 11:31:19'}
⚠️ MQTT disconnected, reason: 7
⚠️ Not connected to MQTT, retrying...
✅ Connected to AWS IoT Core
⚠️ MQTT disconnected, reason: 7
✅ Connected to AWS IoT Core
⚠️ MQTT disconnected, reason: 7
✅ Connected to AWS IoT Core
⚠️ MQTT disconnected, reason: 7
✅ Connected to AWS IoT Core
⚠️ MQTT disconnected, reason: 7
⚠️ Not connected to MQTT, retrying...
✅ Connected to AWS IoT Core
⚠️ MQTT disconnected, reason: 7
⚠️ Not connected to MQTT, retrying...
✅ Connected to AWS IoT Core
⚠️ MQTT disconnected, reason: 7
⚠️ Not connected to MQTT, retrying...
⚠️ MQTT disconnected, reason: 7
✅ Connected to AWS IoT Core
⚠️ MQTT disconnected, reason: 7
⚠️ Not connected to MQTT, retrying...
✅ Connected to AWS IoT Core
⚠️ MQTT disconnected, reason: 7
⚠️ Not connected to MQTT, retrying...
✅ Connected to AWS IoT Core
⚠️ MQTT disconnected, reason: 7
⚠️ Not connected to MQTT, retrying...
✅ Connected to AWS IoT Core
⚠️ MQTT disconnected, reason: 7
⚠️ MQTT disconnected, reason: 7
✅ Connected to AWS IoT Core
⚠️ MQTT disconnected, reason: 7
✅ Connected to AWS IoT Core
⚠️ MQTT disconnected, reason: 7
✅ Connected to AWS IoT Core
⚠️ MQTT disconnected, reason: 7
✅ Connected to AWS IoT Core
⚠️ MQTT disconnected, reason: 7
✅ Connected to AWS IoT Core
⚠️ MQTT disconnected, reason: 7
✅ Connected to AWS IoT Core
⚠️ MQTT disconnected, reason: 7
✅ Connected to AWS IoT Core
⚠️ MQTT disconnected, reason: 7
✅ Connected to AWS IoT Core
⚠️ MQTT disconnected, reason: 7
✅ Connected to AWS IoT Core
⚠️ MQTT disconnected, reason: 7
⚠️ Not connected to MQTT, retrying...
✅ Connected to AWS IoT Core
✅ Uploaded | id=9028 BP=8334.0 FP=8148.0 CR=4963.0 BC=8226.0 timestamp="2026-02-12 11:39:33"
📤 AWS IoT Sent {'id': 9028, 'bp': 8334.0, 'fp': 8148.0, 'cr': 4963.0, 'bc': 8226.0, 'timestamp': '2026-02-12 11:39:33'}
⚠️ MQTT disconnected, reason: 7
⚠️ Not connected to MQTT, retrying...
✅ Connected to AWS IoT Core
⚠️ MQTT disconnected, reason: 7
⚠️ Not connected to MQTT, retrying...
✅ Connected to AWS IoT Core
⚠️ MQTT disconnected, reason: 7
⚠️ Not connected to MQTT, retrying...
✅ Connected to AWS IoT Core
⚠️ MQTT disconnected, reason: 7
✅ Uploaded | id=9029 BP=5058.0 FP=4948.0 CR=4958.0 BC=5035.0 timestamp="2026-02-12 11:39:43"
📤 AWS IoT Sent {'id': 9029, 'bp': 5058.0, 'fp': 4948.0, 'cr': 4958.0, 'bc': 5035.0, 'timestamp': '2026-02-12 11:39:43'}
⚠️ Not connected to MQTT, retrying...
✅ Connected to AWS IoT Core
⚠️ MQTT disconnected, reason: 7
⚠️ Not connected to MQTT, retrying...
✅ Connected to AWS IoT Core
✅ Uploaded | id=9030 BP=8665.0 FP=8502.0 CR=4964.0 BC=8656.0 timestamp="2026-02-12 11:40:03"
📤 AWS IoT Sent {'id': 9030, 'bp': 8665.0, 'fp': 8502.0, 'cr': 4964.0, 'bc': 8656.0, 'timestamp': '2026-02-12 11:40:03'}
⚠️ MQTT disconnected, reason: 7
⚠️ Not connected to MQTT, retrying...
✅ Connected to AWS IoT Core
✅ Uploaded | id=9031 BP=5058.0 FP=4948.0 CR=4965.0 BC=5032.0 timestamp="2026-02-12 11:40:38"
📤 AWS IoT Sent {'id': 9031, 'bp': 5058.0, 'fp': 4948.0, 'cr': 4965.0, 'bc': 5032.0, 'timestamp': '2026-02-12 11:40:38'}
⚠️ MQTT disconnected, reason: 7
⚠️ Not connected to MQTT, retrying...
✅ Connected to AWS IoT Core
⚠️ MQTT disconnected, reason: 7
⚠️ Not connected to MQTT, retrying...
✅ Connected to AWS IoT Core
⚠️ MQTT disconnected, reason: 7
✅ Connected to AWS IoT Core
⚠️ MQTT disconnected, reason: 7
⚠️ Not connected to MQTT, retrying...
✅ Connected to AWS IoT Core
⚠️ MQTT disconnected, reason: 7
⚠️ Not connected to MQTT, retrying...
✅ Connected to AWS IoT Core
⚠️ MQTT disconnected, reason: 7
⚠️ Not connected to MQTT, retrying...
✅ Connected to AWS IoT Core
⚠️ MQTT disconnected, reason: 7
⚠️ Not connected to MQTT, retrying...
✅ Connected to AWS IoT Core
⚠️ MQTT disconnected, reason: 7
⚠️ MQTT disconnected, reason: 7
✅ Connected to AWS IoT Core
⚠️ MQTT disconnected, reason: 7
⚠️ Not connected to MQTT, retrying...
✅ Connected to AWS IoT Core
⚠️ MQTT disconnected, reason: 7
⚠️ Not connected to MQTT, retrying...
✅ Connected to AWS IoT Core
⚠️ MQTT disconnected, reason: 7
⚠️ Not connected to MQTT, retrying...
✅ Connected to AWS IoT Core
⚠️ MQTT disconnected, reason: 7
⚠️ Not connected to MQTT, retrying...
✅ Connected to AWS IoT Core
⚠️ MQTT disconnected, reason: 7
⚠️ Not connected to MQTT, retrying...
✅ Connected to AWS IoT Core
⚠️ MQTT disconnected, reason: 7
⚠️ Not connected to MQTT, retrying...
✅ Connected to AWS IoT Core
⚠️ MQTT disconnected, reason: 7
✅ Connected to AWS IoT Core
⚠️ MQTT disconnected, reason: 7
⚠️ Not connected to MQTT, retrying...
✅ Connected to AWS IoT Core
⚠️ MQTT disconnected, reason: 7
⚠️ Not connected to MQTT, retrying...
✅ Connected to AWS IoT Core
⚠️ MQTT disconnected, reason: 7
✅ Connected to AWS IoT Core
⚠️ MQTT disconnected, reason: 7
✅ Connected to AWS IoT Core
⚠️ MQTT disconnected, reason: 7
⚠️ Not connected to MQTT, retrying...
✅ Connected to AWS IoT Core
⚠️ MQTT disconnected, reason: 7
⚠️ Not connected to MQTT, retrying...
✅ Connected to AWS IoT Core
⚠️ MQTT disconnected, reason: 7
⚠️ Not connected to MQTT, retrying...
✅ Connected to AWS IoT Core
⚠️ MQTT disconnected, reason: 7
⚠️ Not connected to MQTT, retrying...
✅ Connected to AWS IoT Core
⚠️ MQTT disconnected, reason: 7
⚠️ MQTT disconnected, reason: 7
✅ Connected to AWS IoT Core
⚠️ MQTT disconnected, reason: 7
⚠️ Not connected to MQTT, retrying...
✅ Connected to AWS IoT Core
⚠️ MQTT disconnected, reason: 7
⚠️ Not connected to MQTT, retrying...
✅ Connected to AWS IoT Core
⚠️ MQTT disconnected, reason: 7
⚠️ Not connected to MQTT, retrying...
✅ Connected to AWS IoT Core
⚠️ MQTT disconnected, reason: 7
⚠️ Not connected to MQTT, retrying...
✅ Connected to AWS IoT Core
⚠️ MQTT disconnected, reason: 7
⚠️ Not connected to MQTT, retrying...
✅ Connected to AWS IoT Core
⚠️ MQTT disconnected, reason: 7
⚠️ Not connected to MQTT, retrying...
✅ Connected to AWS IoT Core
⚠️ MQTT disconnected, reason: 7
✅ Connected to AWS IoT Core
⚠️ MQTT disconnected, reason: 7
✅ Connected to AWS IoT Core
⚠️ MQTT disconnected, reason: 7
✅ Connected to AWS IoT Core
⚠️ MQTT disconnected, reason: 7
✅ Connected to AWS IoT Core
⚠️ MQTT disconnected, reason: 7
✅ Connected to AWS IoT Core
⚠️ MQTT disconnected, reason: 7
✅ Connected to AWS IoT Core
⚠️ MQTT disconnected, reason: 7
✅ Connected to AWS IoT Core
⚠️ MQTT disconnected, reason: 7
⚠️ Not connected to MQTT, retrying...
✅ Connected to AWS IoT Core
⚠️ MQTT disconnected, reason: 7
⚠️ Not connected to MQTT, retrying...
✅ Connected to AWS IoT Core
⚠️ MQTT disconnected, reason:/home/pi_123/data/src/pressure_project/system_upload.py:78: DeprecationWarning: Callback API version 1 is deprecated, update to latest version
  client = mqtt.Client(client_id=CLIENT_ID, protocol=mqtt.MQTTv311)
=== DEBUG START ===
DB exists: True
CA exists: True
CERT exists: True
KEY exists: True
=== DEBUG END ===
⚠️ Network not ready, waiting 5s...
✅ Connected to AWS IoT Core
⚠️ MQTT disconnected, reason: 7
✅ Connected to AWS IoT Core
⚠️ MQTT disconnected, reason: 7
✅ Connected to AWS IoT Core
⚠️ MQTT disconnected, reason: 7
✅ Connected to AWS IoT Core
✅ Connected to AWS IoT Core
✅ Uploaded | id=9041 BP=5064.0 FP=4958.0 CR=4987.0 BC=5047.0 timestamp="2026-02-12 11:44:45"
📤 AWS IoT Sent {'id': 9041, 'bp': 5064.0, 'fp': 4958.0, 'cr': 4987.0, 'bc': 5047.0, 'timestamp': '2026-02-12 11:44:45'}
⚠️ MQTT disconnected, reason: 7
⚠️ Not connected to MQTT, retrying...
⚠️ MQTT disconnected, reason: 7
✅ Connected to AWS IoT Core
⚠️ MQTT disconnected, reason: 7
⚠️ MQTT disconnected, reason: 7
✅ Connected to AWS IoT Core
⚠️ MQTT disconnected, reason: 7
✅ Connected to AWS IoT Core
⚠️ MQTT disconnected, reason: 7
⚠️ MQTT disconnected, reason: 7
✅ Connected to AWS IoT Core
⚠️ MQTT disconnected, reason: 7
⚠️ MQTT disconnected, reason: 7
✅ Connected to AWS IoT Core
⚠️ MQTT disconnected, reason: 7
⚠️ Not connected to MQTT, retrying...
✅ Connected to AWS IoT Core
✅ Connected to AWS IoT Core
⚠️ MQTT disconnected, reason: 7
⚠️ Not connected to MQTT, retrying...
✅ Connected to AWS IoT Core
✅ Connected to AWS IoT Core
⚠️ MQTT disconnected, reason: 7
⚠️ Not connected to MQTT, retrying...
✅ Connected to AWS IoT Core
⚠️ MQTT disconnected, reason: 7
✅ Connected to AWS IoT Core
✅ Connected to AWS IoT Core
⚠️ MQTT disconnected, reason: 7
⚠️ Not connected to MQTT, retrying...
✅ Connected to AWS IoT Core
✅ Connected to AWS IoT Core
⚠️ MQTT disconnected, reason: 7
⚠️ Not connected to MQTT, retrying...
✅ Connected to AWS IoT Core
⚠️ MQTT disconnected, reason: 7
⚠️ Not connected to MQTT, retrying...
✅ Connected to AWS IoT Core
⚠️ MQTT disconnected, reason: 7
⚠️ MQTT disconnected, reason: 7
✅ Connected to AWS IoT Core
✅ Connected to AWS IoT Core
⚠️ MQTT disconnected, reason: 7
⚠️ Not connected to MQTT, retrying...
✅ Connected to AWS IoT Core
✅ Connected to AWS IoT Core
⚠️ MQTT disconnected, reason: 7
⚠️ Not connected to MQTT, retrying...
✅ Connected to AWS IoT Core
✅ Connected to AWS IoT Core
⚠️ MQTT disconnected, reason: 7
⚠️ Not connected to MQTT, retrying...
✅ Connected to AWS IoT Core
⚠️ MQTT disconnected, reason: 7
✅ Connected to AWS IoT Core
⚠️ MQTT disconnected, reason: 7
✅ Connected to AWS IoT Core
⚠️ MQTT disconnected, reason: 7
✅ Connected to AWS IoT Core
⚠️ MQTT disconnected, reason: 7
✅ Connected to AWS IoT Core
⚠️ MQTT disconnected, reason: 7
✅ Connected to AWS IoT Core
⚠️ MQTT disconnected, reason: 7
✅ Connected to AWS IoT Core
⚠️ MQTT disconnected, reason: 7
✅ Connected to AWS IoT Core
⚠️ MQTT disconnected, reason: 7
✅ Connected to AWS IoT Core
⚠️ MQTT disconnected, reason: 7
✅ Connected to AWS IoT Core
⚠️ MQTT disconnected, reason: 7
✅ Connected to AWS IoT Core
⚠️ MQTT disconnected, reason: 7
⚠️ MQTT disconnected, reason: 7
✅ Connected to AWS IoT Core
✅ Connected to AWS IoT Core
⚠️ MQTT disconnected, reason: 7
⚠️ Not connected to MQTT, retrying...
✅ Connected to AWS IoT Core
⚠️ MQTT disconnected, reason: 7
✅ Connected to AWS IoT Core
✅ Connected to AWS IoT Core
⚠️ MQTT disconnected, reason: 7
⚠️ Not connected to MQTT, retrying...
✅ Connected to AWS IoT Core
⚠️ MQTT disconnected, reason: 7
✅ Connected to AWS IoT Core
⚠️ MQTT disconnected, reason: 7
⚠️ Not connected to MQTT, retrying...
✅ Connected to AWS IoT Core
⚠️ MQTT disconnected, reason: 7
⚠️ MQTT disconnected, reason: 7
✅ Connected to AWS IoT Core
⚠️ MQTT disconnected, reason: 7
✅ Connected to AWS IoT Core
⚠️ MQTT disconnected, reason: 7
✅ Connected to AWS IoT Core
⚠️ MQTT disconnected, reason: 7
✅ Connected to AWS IoT Core
⚠️ MQTT disconnected, reason: 7
✅ Connected to AWS IoT Core
⚠️ MQTT disconnected, reason: 7
⚠️ Not connected to MQTT, retrying...
✅ Connected to AWS IoT Core
⚠️ MQTT disconnected, reason: 7
✅ Connected to AWS IoT Core
⚠️ MQTT disconnected, reason: 7
✅ Connected to AWS IoT Core
✅ Connected to AWS IoT Core
⚠️ MQTT disconnected, reason: 7
✅ Connected to AWS IoT Core
⚠️ MQTT disconnected, reason: 7
✅ Connected to AWS IoT Core
⚠️ MQTT disconnected, reason: 7
✅ Connected to AWS IoT Core
⚠️ MQTT disconnected, reason: 7
⚠️ Not connected to MQTT, retrying...
✅ Connected to AWS IoT Core
✅ Connected to AWS IoT Core
⚠️ MQTT disconnected, reason: 7
⚠️ Not connected to MQTT, retrying...
✅ Connected to AWS IoT Core
⚠️ MQTT disconnected, reason: 7
✅ Connected to AWS IoT Core
⚠️ MQTT disconnected, reason: 7
✅ Connected to AWS IoT Core
⚠️ MQTT disconnected, reason: 7
✅ Connected to AWS IoT Core
⚠️ MQTT disconnected, reason: 7
✅ Connected to AWS IoT Core
⚠️ MQTT disconnected, reason: 7
✅ Connected to AWS IoT Core
⚠️ MQTT disconnected, reason: 7
✅ Connected to AWS IoT Core
⚠️ MQTT disconnected, reason: 7
✅ Connected to AWS IoT Core
⚠️ MQTT disconnected, reason: 7
✅ Connected to AWS IoT Core
⚠️ MQTT disconnected, reason: 7
✅ Connected to AWS IoT Core
⚠️ MQTT disconnected, reason: 7
⚠️ Not connected to MQTT, retrying...
✅ Connected to AWS IoT Core
✅ Connected to AWS IoT Core
⚠️ MQTT disconnected, reason: 7
⚠️ Not connected to MQTT, retrying...
✅ Connected to AWS IoT Core
⚠️ MQTT disconnected, reason: 7
✅ Connected to AWS IoT Core
⚠️ MQTT disconnected, reason: 7
✅ Connected to AWS IoT Core
⚠️ MQTT disconnected, reason: 7
⚠️ MQTT disconnected, reason: 7
✅ Connected to AWS IoT Core
⚠️ MQTT disconnected, reason: 7
✅ Connected to AWS IoT Core
⚠️ MQTT disconnected, reason: 7
⚠️ Not connected to MQTT, retrying...
✅ Connected to AWS IoT Core
✅ Connected to AWS IoT Core
⚠️ MQTT disconnected, reason: 7
⚠️ Not connected to MQTT, retrying...
✅ Connected to AWS IoT Core
✅ Connected to AWS IoT Core
⚠️ MQTT disconnected, reason: 7
⚠️ Not connected to MQTT, retrying...
✅ Connected to AWS IoT Core
✅ Connected to AWS IoT Core
⚠️ MQTT disconnected, reason: 7
⚠️ Not connected to MQTT, retrying...
✅ Connected to AWS IoT Core
✅ Connected to AWS IoT Core
⚠️ MQTT disconnected, reason: 7
⚠️ Not connected to MQTT, retrying...
✅ Connected to AWS IoT Core
⚠️ MQTT disconnected, reason: 7
✅ Connected to AWS IoT Core
⚠️ MQTT disconnected, reason: 7
✅ Connected to AWS IoT Core
⚠️ MQTT disconnected, reason: 7
✅ Connected to AWS IoT Core
⚠️ MQTT disconnected, reason: 7
✅ Connected to AWS IoT Core
⚠️ MQTT disconnected, reason: 7
✅ Connected to AWS IoT Core
✅ Connected to AWS IoT Core
⚠️ MQTT disconnected, reason: 7
✅ Connected to AWS IoT Core
⚠️ MQTT disconnected, reason: 7
✅ Connected to AWS IoT Core
⚠️ MQTT disconnected, reason: 7
✅ Connected to AWS IoT Core
⚠️ MQTT disconnected, reason: 7
✅ Connected to AWS IoT Core
⚠️ MQTT disconnected, reason: 7
✅ Connected to AWS IoT Core
⚠️ MQTT disconnected, reason: 7
✅ Connected to AWS IoT Core
✅ Connected to AWS IoT Core
⚠️ MQTT disconnected, reason: 7
⚠️ Not connected to MQTT, retrying...
✅ Connected to AWS IoT Core
⚠️ MQTT disconnected, reason: 7
✅ Connected to AWS IoT Core
⚠️ MQTT disconnected, reason: 7
✅ Connected to AWS IoT Core
⚠️ MQTT disconnected, reason: 7
✅ Connected to AWS IoT Core
⚠️ MQTT disconnected, reason: 7
⚠️ Not connected to MQTT, retrying...
✅ Connected to AWS IoT Core
✅ Connected to AWS IoT Core
⚠️ MQTT disconnected, reason: 7
⚠️ Not connected to MQTT, retrying...
✅ Connected to AWS IoT Core
✅ Connected to AWS IoT Core
⚠️ MQTT disconnected, reason: 7
⚠️ Not connected to MQTT, retrying...
✅ Connected to AWS IoT Core
⚠️ MQTT disconnected, reason: 7
✅ Connected to AWS IoT Core
⚠️ MQTT disconnected, reason:/home/pi_123/data/src/pressure_project/system_upload.py:78: DeprecationWarning: Callback API version 1 is deprecated, update to latest version
  client = mqtt.Client(client_id=CLIENT_ID, protocol=mqtt.MQTTv311)
=== DEBUG START ===
DB exists: True
CA exists: True
CERT exists: True
KEY exists: True
=== DEBUG END ===
⚠️ Network not ready, waiting 5s...
✅ Connected to AWS IoT Core
⚠️ MQTT disconnected, reason: 7
✅ Connected to AWS IoT Core
⚠️ MQTT disconnected, reason: 7
⚠️ Not connected to MQTT, retrying...
✅ Connected to AWS IoT Core
⚠️ MQTT disconnected, reason: 7
✅ Connected to AWS IoT Core
✅ Connected to AWS IoT Core
⚠️ MQTT disconnected, reason: 7
⚠️ Not connected to MQTT, retrying...
✅ Connected to AWS IoT Core
⚠️ MQTT disconnected, reason: 7
✅ Connected to AWS IoT Core
⚠️ MQTT disconnected, reason: 7
⚠️ Not connected to MQTT, retrying...
✅ Connected to AWS IoT Core
✅ Connected to AWS IoT Core
⚠️ MQTT disconnected, reason: 7
⚠️ Not connected to MQTT, retrying...
✅ Connected to AWS IoT Core
✅ Connected to AWS IoT Core
⚠️ MQTT disconnected, reason: 7
⚠️ Not connected to MQTT, retrying...
✅ Connected to AWS IoT Core
⚠️ MQTT disconnected, reason: 7
✅ Connected to AWS IoT Core
⚠️ MQTT disconnected, reason: 7
✅ Connected to AWS IoT Core
⚠️ MQTT disconnected, reason: 7
✅ Connected to AWS IoT Core
✅ Connected to AWS IoT Core
⚠️ MQTT disconnected, reason: 7
⚠️ Not connected to MQTT, retrying...
✅ Connected to AWS IoT Core
⚠️ MQTT disconnected, reason: 7
✅ Connected to AWS IoT Core
⚠️ MQTT disconnected, reason: 7
✅ Connected to AWS IoT Core
⚠️ MQTT disconnected, reason: 7
✅ Connected to AWS IoT Core
⚠️ MQTT disconnected, reason: 7
✅ Connected to AWS IoT Core
⚠️ MQTT disconnected, reason: 7
✅ Connected to AWS IoT Core
⚠️ MQTT disconnected, reason: 7
✅ Connected to AWS IoT Core
⚠️ MQTT disconnected, reason: 7
✅ Connected to AWS IoT Core
⚠️ MQTT disconnected, reason: 7
✅ Connected to AWS IoT Core
⚠️ MQTT disconnected, reason: 7
✅ Connected to AWS IoT Core
⚠️ MQTT disconnected, reason: 7
✅ Connected to AWS IoT Core
✅ Connected to AWS IoT Core
⚠️ MQTT disconnected, reason: 7
⚠️ Not connected to MQTT, retrying...
✅ Connected to AWS IoT Core
✅ Connected to AWS IoT Core
⚠️ MQTT disconnected, reason: 7
⚠️ Not connected to MQTT, retrying...
✅ Connected to AWS IoT Core
⚠️ MQTT disconnected, reason: 7
✅ Connected to AWS IoT Core
✅ Connected to AWS IoT Core
⚠️ MQTT disconnected, reason: 7
⚠️ Not connected to MQTT, retrying...
⚠️ MQTT disconnected, reason: 7
✅ Connected to AWS IoT Core
⚠️ MQTT disconnected, reason: 7
✅ Connected to AWS IoT Core
⚠️ MQTT disconnected, reason: 7
✅ Connected to AWS IoT Core
✅ Connected to AWS IoT Core
⚠️ MQTT disconnected, reason: 7
⚠️ Not connected to MQTT, retrying...
✅ Connected to AWS IoT Core
⚠️ MQTT disconnected, reason: 7
✅ Connected to AWS IoT Core
✅ Connected to AWS IoT Core
⚠️ MQTT disconnected, reason: 7
⚠️ Not connected to MQTT, retrying...
✅ Connected to AWS IoT Core
⚠️ MQTT disconnected, reason: 7
✅ Connected to AWS IoT Core
✅ Connected to AWS IoT Core
⚠️ MQTT disconnected, reason: 7
⚠️ Not connected to MQTT, retrying...
✅ Connected to AWS IoT Core
⚠️ MQTT disconnected, reason: 7
✅ Connected to AWS IoT Core
⚠️ MQTT disconnected, reason: 7
⚠️ Not connected to MQTT, retrying...
✅ Connected to AWS IoT Core
✅ Connected to AWS IoT Core
⚠️ MQTT disconnected, reason: 7
⚠️ Not connected to MQTT, retrying...
✅ Connected to AWS IoT Core
⚠️ MQTT disconnected, reason: 7
⚠️ Not connected to MQTT, retrying...
✅ Connected to AWS IoT Core
⚠️ MQTT disconnected, reason: 7
✅ Connected to AWS IoT Core
⚠️ MQTT disconnected, reason: 7
✅ Connected to AWS IoT Core
⚠️ MQTT disconnected, reason: 7
✅ Connected to AWS IoT Core
⚠️ MQTT disconnected, reason: 7
✅ Connected to AWS IoT Core
⚠️ MQTT disconnected, reason: 7
⚠️ Not connected to MQTT, retrying...
⚠️ MQTT disconnected, reason: 7
✅ Connected to AWS IoT Core
✅ Connected to AWS IoT Core
⚠️ MQTT disconnected, reason: 7
⚠️ Not connected to MQTT, retrying...
✅ Connected to AWS IoT Core
⚠️ MQTT disconnected, reason: 7
✅ Connected to AWS IoT Core
✅ Connected to AWS IoT Core
⚠️ MQTT disconnected, reason: 7
✅ Connected to AWS IoT Core
⚠️ MQTT disconnected, reason: 7
✅ Connected to AWS IoT Core
✅ Connected to AWS IoT Core
⚠️ MQTT disconnected, reason: 7
⚠️ Not connected to MQTT, retrying...
✅ Connected to AWS IoT Core
⚠️ MQTT disconnected, reason: 7
✅ Connected to AWS IoT Core
⚠️ MQTT disconnected, reason: 7
✅ Connected to AWS IoT Core
✅ Connected to AWS IoT Core
⚠️ MQTT disconnected, reason: 7
✅ Connected to AWS IoT Core
⚠️ MQTT disconnected, reason: 7
⚠️ Not connected to MQTT, retrying...
✅ Connected to AWS IoT Core
⚠️ MQTT disconnected, reason: 7
⚠️ Not connected to MQTT, retrying...
✅ Connected to AWS IoT Core
⚠️ MQTT disconnected, reason: 7
⚠️ Not connected to MQTT, retrying...
✅ Connected to AWS IoT Core
⚠️ MQTT disconnected, reason: 7
⚠️ Not connected to MQTT, retrying...
✅ Connected to AWS IoT Core
⚠️ MQTT disconnected, reason: 7
✅ Connected to AWS IoT Core
⚠️ MQTT disconnected, reason: 7
✅ Connected to AWS IoT Core
⚠️ MQTT disconnected, reason: 7
✅ Connected to AWS IoT Core
⚠️ MQTT disconnected, reason: 7
⚠️ MQTT disconnected, reason: 7
✅ Connected to AWS IoT Core
✅ Connected to AWS IoT Core
⚠️ MQTT disconnected, reason: 7
⚠️ Not connected to MQTT, retrying...
✅ Connected to AWS IoT Core
✅ Connected to AWS IoT Core
⚠️ MQTT disconnected, reason: 7
⚠️ Not connected to MQTT, retrying...
✅ Connected to AWS IoT Core
⚠️ MQTT disconnected, reason: 7
⚠️ MQTT disconnected, reason: 7
✅ Connected to AWS IoT Core
⚠️ MQTT disconnected, reason: 7
✅ Connected to AWS IoT Core
⚠️ MQTT disconnected, reason: 7
⚠️ Not connected to MQTT, retrying...
✅ Connected to AWS IoT Core
✅ Connected to AWS IoT Core
⚠️ MQTT disconnected, reason: 7
⚠️ Not connected to MQTT, retrying...
✅ Connected to AWS IoT Core
⚠️ MQTT disconnected, reason: 7
✅ Connected to AWS IoT Core
⚠️ MQTT disconnected, reason: 7
✅ Connected to AWS IoT Core
⚠️ MQTT disconnected, reason: 7
⚠️ Not connected to MQTT, retrying...
✅ Connected to AWS IoT Core
⚠️ MQTT disconnected, reason: 7
✅ Connected to AWS IoT Core
⚠️ MQTT disconnected, reason: 7
✅ Connected to AWS IoT Core
⚠️ MQTT disconnected, reason: 7
✅ Connected to AWS IoT Core
⚠️ MQTT disconnected, reason: 7
✅ Connected to AWS IoT Core
⚠️ MQTT disconnected, reason: 7
⚠️ Not connected to MQTT, retrying...
✅ Connected to AWS IoT Core
⚠️ MQTT disconnected, reason: 7
✅ Connected to AWS IoT Core
⚠️ MQTT disconnected, reason: 7
✅ Connected to AWS IoT Core
⚠️ MQTT disconnected, reason: 7
✅ Connected to AWS IoT Core
⚠️ MQTT disconnected, reason: 7
✅ Connected to AWS IoT Core
⚠️ MQTT disconnected, reason: 7
⚠️ Not connected to MQTT, retrying...
✅ Connected to AWS IoT Core
⚠️ MQTT disconnected, reason: 7
✅ Connected to AWS IoT Core
⚠️ MQTT disconnected, reason: 7
✅ Connected to AWS IoT Core
⚠️ MQTT disconnected, reason: 7
✅ Connected to AWS IoT Core
⚠️ MQTT disconnected, reason: 7
⚠️ MQTT disconnected, reason: 7
✅ Connected to AWS IoT Core
⚠️ MQTT disconnected, reason: 7
✅ Connected to AWS IoT Core
⚠️ MQTT disconnected, reason: 7
✅ Connected to AWS IoT Core
⚠️ MQTT disconnected, reason: 7
✅ Connected to AWS IoT Core
⚠️ MQTT disconnected, reason: 7
✅ Connected to AWS IoT Core
✅ Uploaded | id=9045 BP=13311.0 FP=13003.0 CR=13078.0 BC=5049.0 timestamp="2026-02-13 05:56:04"
📤 AWS IoT Sent {'id': 9045, 'bp': 13311.0, 'fp': 13003.0, 'cr': 13078.0, 'bc': 5049.0, 'timestamp': '2026-02-13 05:56:04'}
⚠️ MQTT disconnected, reason: 7
⚠️ Not connected to MQTT, retrying...
✅ Connected to AWS IoT Core
⚠️ MQTT disconnected, reason: 7
✅ Connected to AWS IoT Core
⚠️ MQTT disconnected, reason: 7
✅ Connected to AWS IoT Core
⚠️ MQTT disconnected, reason: 7
✅ Connected to AWS IoT Core
⚠️ MQTT disconnected, reason: 7
⚠️ MQTT disconnected, reason: 7
✅ Connected to AWS IoT Core
⚠️ MQTT disconnected, reason: 7
✅ Connected to AWS IoT Core
✅ Connected to AWS IoT Core
⚠️ MQTT disconnected, reason: 7
⚠️ Not connected to MQTT, retrying...
✅ Connected to AWS IoT Core
✅ Connected to AWS IoT Core
⚠️ MQTT disconnected, reason: 7
✅ Connected to AWS IoT Core
⚠️ MQTT disconnected, reason: 7
⚠️ MQTT disconnected, reason: 7
✅ Connected to AWS IoT Core
⚠️ MQTT disconnected, reason: 7
✅ Connected to AWS IoT Core
✅ Connected to AWS IoT Core
⚠️ MQTT disconnected, reason: 7
⚠️ Not connected to MQTT, retrying...
✅ Connected to AWS IoT Core
✅ Connected to AWS IoT Core
✅ Uploaded | id=9048 BP=24929.0 FP=24399.0 CR=24551.0 BC=5059.0 timestamp="2026-02-13 05:56:49"
📤 AWS IoT Sent {'id': 9048, 'bp': 24929.0, 'fp': 24399.0, 'cr': 24551.0, 'bc': 5059.0, 'timestamp': '2026-02-13 05:56:49'}
✅ Uploaded | id=9049 BP=5056.0 FP=4949.0 CR=4981.0 BC=5037.0 timestamp="2026-02-13 05:57:05"
📤 AWS IoT Sent {'id': 9049, 'bp': 5056.0, 'fp': 4949.0, 'cr': 4981.0, 'bc': 5037.0, 'timestamp': '2026-02-13 05:57:05'}
⚠️ MQTT disconnected, reason: 7
⚠️ Not connected to MQTT, retrying...
✅ Connected to AWS IoT Core
⚠️ MQTT disconnected, reason: 7
✅ Connected to AWS IoT Core
⚠️ MQTT disconnected, reason: 7
✅ Connected to AWS IoT Core
⚠️ MQTT disconnected, reason: 7
✅ Connected to AWS IoT Core
⚠️ MQTT disconnected, reason: 7
✅ Connected to AWS IoT Core
⚠️ MQTT disconnected, reason: 7
✅ Connected to AWS IoT Core
⚠️ MQTT disconnected, reason: 7
✅ Connected to AWS IoT Core
⚠️ MQTT disconnected, reason: 7
⚠️ Not connected to MQTT, retrying...
✅ Connected to AWS IoT Core
⚠️ MQTT disconnected, reason: 7
✅ Connected to AWS IoT Core
✅ Connected to AWS IoT Core
⚠️ MQTT disconnected, reason: 7
✅ Connected to AWS IoT Core
⚠️ MQTT disconnected, reason: 7
✅ Connected to AWS IoT Core
⚠️ MQTT disconnected, reason: 7
✅ Connected to AWS IoT Core
⚠️ MQTT disconnected, reason: 7
✅ Connected to AWS IoT Core
⚠️ MQTT disconnected, reason: 7
⚠️ MQTT disconnected, reason: 7
✅ Connected to AWS IoT Core
⚠️ MQTT disconnected, reason: 7
✅ Connected to AWS IoT Core
✅ Connected to AWS IoT Core
✅ Uploaded | id=9052 BP=10711.0 FP=10544.0 CR=10561.0 BC=5058.0 timestamp="2026-02-13 05:59:16"
📤 AWS IoT Sent {'id': 9052, 'bp': 10711.0, 'fp': 10544.0, 'cr': 10561.0, 'bc': 5058.0, 'timestamp': '2026-02-13 05:59:16'}
✅ Uploaded | id=9053 BP=13507.0 FP=13205.0 CR=13257.0 BC=5041.0 timestamp="2026-02-13 05:59:21"
📤 AWS IoT Sent {'id': 9053, 'bp': 13507.0, 'fp': 13205.0, 'cr': 13257.0, 'bc': 5041.0, 'timestamp': '2026-02-13 05:59:21'}
⚠️ MQTT disconnected, reason: 7
⚠️ Not connected to MQTT, retrying...
✅ Connected to AWS IoT Core
⚠️ MQTT disconnected, reason: 7
⚠️ Not connected to MQTT, retrying...
⚠️ MQTT disconnected, reason: 7
✅ Connected to AWS IoT Core
⚠️ MQTT disconnected, reason: 7
⚠️ Not connected to MQTT, retrying...
✅ Connected to AWS IoT Core
⚠️ MQTT disconnected, reason: 7
⚠️ MQTT disconnected, reason: 7
✅ Connected to AWS IoT Core
⚠️ MQTT disconnected, reason: 7
✅ Connected to AWS IoT Core
⚠️ MQTT disconnected, reason: 7
✅ Connected to AWS IoT Core
✅ Connected to AWS IoT Core
⚠️ MQTT disconnected, reason: 7
⚠️ Not connected to MQTT, retrying...
✅ Connected to AWS IoT Core
⚠️ MQTT disconnected, reason: 7
✅ Connected to AWS IoT Core
⚠️ MQTT disconnected, reason: 7
⚠️ Not connected to MQTT, retrying...
✅ Connected to AWS IoT Core
✅ Uploaded | id=9054 BP=15382.0 FP=15048.0 CR=15106.0 BC=5044.0 timestamp="2026-02-13 05:59:56"
📤 AWS IoT Sent {'id': 9054, 'bp': 15382.0, 'fp': 15048.0, 'cr': 15106.0, 'bc': 5044.0, 'timestamp': '2026-02-13 05:59:56'}
✅ Uploaded | id=9055 BP=13496.0 FP=13205.0 CR=13263.0 BC=5041.0 timestamp="2026-02-13 06:00:11"
📤 AWS IoT Sent {'id': 9055, 'bp': 13496.0, 'fp': 13205.0, 'cr': 13263.0, 'bc': 5041.0, 'timestamp': '2026-02-13 06:00:11'}
✅ Uploaded | id=9056 BP=11589.0 FP=11332.0 CR=11373.0 BC=5039.0 timestamp="2026-02-13 06:00:31"
📤 AWS IoT Sent {'id': 9056, 'bp': 11589.0, 'fp': 11332.0, 'cr': 11373.0, 'bc': 5039.0, 'timestamp': '2026-02-13 06:00:31'}
⚠️ MQTT disconnected, reason: 7
⚠️ Not connected to MQTT, retrying...
✅ Connected to AWS IoT Core
✅ Uploaded | id=9057 BP=9856.0 FP=9646.0 CR=9681.0 BC=5037.0 timestamp="2026-02-13 06:00:56"
📤 AWS IoT Sent {'id': 9057, 'bp': 9856.0, 'fp': 9646.0, 'cr': 9681.0, 'bc': 5037.0, 'timestamp': '2026-02-13 06:00:56'}
✅ Uploaded | id=9058 BP=13664.0 FP=13356.0 CR=13419.0 BC=5044.0 timestamp="2026-02-13 06:01:01"
📤 AWS IoT Sent {'id': 9058, 'bp': 13664.0, 'fp': 13356.0, 'cr': 13419.0, 'bc': 5044.0, 'timestamp': '2026-02-13 06:01:01'}
⚠️ MQTT disconnected, reason: 7
⚠️ Not connected to MQTT, retrying...
✅ Connected to AWS IoT Core
⚠️ MQTT disconnected, reason: 7
✅ Connected to AWS IoT Core
⚠️ MQTT disconnected, reason: 7
✅ Connected to AWS IoT Core
⚠️ MQTT disconnected, reason: 7
✅ Connected to AWS IoT Core
⚠️ MQTT disconnected, reason: 7
✅ Connected to AWS IoT Core
✅ Uploaded | id=9059 BP=11878.0 FP=11612.0 CR=11664.0 BC=5034.0 timestamp="2026-02-13 06:01:32"
📤 AWS IoT Sent {'id': 9059, 'bp': 11878.0, 'fp': 11612.0, 'cr': 11664.0, 'bc': 5034.0, 'timestamp': '2026-02-13 06:01:32'}
⚠️ MQTT disconnected, reason: 7
⚠️ Not connected to MQTT, retrying...
✅ Connected to AWS IoT Core
⚠️ MQTT disconnected, reason: 7
⚠️ Not connected to MQTT, retrying...
✅ Connected to AWS IoT Core
⚠️ MQTT disconnected, reason: 7
⚠️ Not connected to MQTT, retrying...
✅ Connected to AWS IoT Core
⚠️ MQTT disconnected, reason: 7
⚠️ Not connected to MQTT, retrying...
✅ Connected to AWS IoT Core
⚠️ MQTT disconnected, reason: 7
✅ Connected to AWS IoT Core
⚠️ MQTT disconnected, reason: 7
✅ Connected to AWS IoT Core
⚠️ MQTT disconnected, reason: 7
✅ Connected to AWS IoT Core
✅ Uploaded | id=9060 BP=5058.0 FP=4958.0 CR=4973.0 BC=5040.0 timestamp="2026-02-13 06:01:52"
📤 AWS IoT Sent {'id': 9060, 'bp': 5058.0, 'fp': 4958.0, 'cr': 4973.0, 'bc': 5040.0, 'timestamp': '2026-02-13 06:01:52'}
⚠️ MQTT disconnected, reason: 7
⚠️ Not connected to MQTT, retrying...
✅ Connected to AWS IoT Core
✅ Uploaded | id=9061 BP=8400.0 FP=8335.0 CR=8351.0 BC=5038.0 timestamp="2026-02-13 06:02:07"
📤 AWS IoT Sent {'id': 9061, 'bp': 8400.0, 'fp': 8335.0, 'cr': 8351.0, 'bc': 5038.0, 'timestamp': '2026-02-13 06:02:07'}
⚠️ MQTT disconnected, reason: 7
⚠️ Not connected to MQTT, retrying...
✅ Connected to AWS IoT Core
⚠️ MQTT disconnected, reason: 7
✅ Connected to AWS IoT Core
⚠️ MQTT disconnected, reason: 7
⚠️ Not connected to MQTT, retrying...
✅ Connected to AWS IoT Core
⚠️ MQTT disconnected, reason: 7
⚠️ Not connected to MQTT, retrying...
✅ Connected to AWS IoT Core
⚠️ MQTT disconnected, reason: 7
⚠️ Not connected to MQTT, retrying...
✅ Connected to AWS IoT Core
⚠️ MQTT disconnected, reason: 7
⚠️ Not connected to MQTT, retrying...
✅ Connected to AWS IoT Core
⚠️ MQTT disconnected, reason: 7
✅ Connected to AWS IoT Core
⚠️ MQTT disconnected, reason: 7
✅ Connected to AWS IoT Core
⚠️ MQTT disconnected, reason: 7
⚠️ Not connected to MQTT, retrying...
✅ Connected to AWS IoT Core
⚠️ MQTT disconnected, reason: 7
⚠️ Not connected to MQTT, retrying...
✅ Connected to AWS IoT Core
⚠️ MQTT disconnected, reason: 7
⚠️ Not connected to MQTT, retrying...
✅ Connected to AWS IoT Core
⚠️ MQTT disconnected, reason: 7
⚠️ Not connected to MQTT, retrying...
✅ Connected to AWS IoT Core
⚠️ MQTT disconnected, reason: 7
⚠️ Not connected to MQTT, retrying...
✅ Connected to AWS IoT Core
✅ Uploaded | id=9063 BP=16148.0 FP=15790.0 CR=15855.0 BC=5042.0 timestamp="2026-02-13 06:03:08"
📤 AWS IoT Sent {'id': 9063, 'bp': 16148.0, 'fp': 15790.0, 'cr': 15855.0, 'bc': 5042.0, 'timestamp': '2026-02-13 06:03:08'}
⚠️ MQTT disconnected, reason: 7
⚠️ Not connected to MQTT, retrying...
✅ Connected to AWS IoT Core
⚠️ MQTT disconnected, reason: 7
⚠️ Not connected to MQTT, retrying...
✅ Connected to AWS IoT Core
⚠️ MQTT disconnected, reason: 7
⚠️ Not connected to MQTT, retrying...
✅ Connected to AWS IoT Core
⚠️ MQTT disconnected, reason: 7
⚠️ Not connected to MQTT, retrying...
✅ Connected to AWS IoT Core
⚠️ MQTT disconnected, reason: 7
✅ Connected to AWS IoT Core
⚠️ MQTT disconnected, reason: 7
⚠️ Not connected to MQTT, retrying...
✅ Connected to AWS IoT Core
⚠️ MQTT disconnected, reason: 7
⚠️ Not connected to MQTT, retrying...
✅ Connected to AWS IoT Core
⚠️ MQTT disconnected, reason: 7
⚠️ Not connected to MQTT, retrying...
✅ Connected to AWS IoT Core
⚠️ MQTT disconnected, reason: 7
⚠️ Not connected to MQTT, retrying...
✅ Connected to AWS IoT Core
✅ Uploaded | id=9064 BP=18169.0 FP=17773.0 CR=17845.0 BC=5050.0 timestamp="2026-02-13 06:03:58"
📤 AWS IoT Sent {'id': 9064, 'bp': 18169.0, 'fp': 17773.0, 'cr': 17845.0, 'bc': 5050.0, 'timestamp': '2026-02-13 06:03:58'}
⚠️ MQTT disconnected, reason: 7
⚠️ Not connected to MQTT, retrying...
✅ Connected to AWS IoT Core
⚠️ MQTT disconnected, reason: 7
⚠️ Not connected to MQTT, retrying...
✅ Connected to AWS IoT Core
✅ Uploaded | id=9065 BP=9234.0 FP=9019.0 CR=9022.0 BC=5040.0 timestamp="2026-02-13 06:04:18"
📤 AWS IoT Sent {'id': 9065, 'bp': 9234.0, 'fp': 9019.0, 'cr': 9022.0, 'bc': 5040.0, 'timestamp': '2026-02-13 06:04:18'}
⚠️ MQTT disconnected, reason: 7
⚠️ Not connected to MQTT, retrying...
✅ Connected to AWS IoT Core
⚠️ MQTT disconnected, reason: 7
✅ Connected to AWS IoT Core
⚠️ MQTT disconnected, reason: 7
⚠️ Not connected to MQTT, retrying...
✅ Connected to AWS IoT Core
⚠️ MQTT disconnected, reason: 7
⚠️ Not connected to MQTT, retrying...
✅ Connected to AWS IoT Core
⚠️ MQTT disconnected, reason: 7
✅ Connected to AWS IoT Core
✅ Uploaded | id=9066 BP=6464.0 FP=6332.0 CR=6356.0 BC=5039.0 timestamp="2026-02-13 06:04:23"
📤 AWS IoT Sent {'id': 9066, 'bp': 6464.0, 'fp': 6332.0, 'cr': 6356.0, 'bc': 5039.0, 'timestamp': '2026-02-13 06:04:23'}
⚠️ MQTT disconnected, reason: 7
⚠️ Not connected to MQTT, retrying...
✅ Connected to AWS IoT Core
⚠️ MQTT disconnected, reason: 7
⚠️ Not connected to MQTT, retrying...
✅ Connected to AWS IoT Core
⚠️ MQTT disconnected, reason: 7
⚠️ Not connected to MQTT, retrying...
✅ Connected to AWS IoT Core
⚠️ MQTT disconnected, reason: 7
⚠️ Not connected to MQTT, retrying...
✅ Connected to AWS IoT Core
⚠️ MQTT disconnected, reason: 7
✅ Connected to AWS IoT Core
⚠️ MQTT disconnected, reason: 7
⚠️ Not connected to MQTT, retrying...
✅ Connected to AWS IoT Core
⚠️ MQTT disconnected, reason: 7
⚠️ Not connected to MQTT, retrying...
✅ Connected to AWS IoT Core
⚠️ MQTT disconnected, reason: 7
⚠️ Not connected to MQTT, retrying...
✅ Connected to AWS IoT Core
⚠️ MQTT disconnected, reason: 7
⚠️ Not connected to MQTT, retrying...
✅ Connected to AWS IoT Core
⚠️ MQTT disconnected, reason: 7
✅ Connected to AWS IoT Core
⚠️ MQTT disconnected, reason: 7
✅ Connected to AWS IoT Core
⚠️ MQTT disconnected, reason: 7
✅ Connected to AWS IoT Core
⚠️ MQTT disconnected, reason: 7
⚠️ Not connected to MQTT, retrying...
✅ Connected to AWS IoT Core
⚠️ MQTT disconnected, reason: 7
⚠️ Not connected to MQTT, retrying...
✅ Connected to AWS IoT Core
⚠️ MQTT disconnected, reason: 7
⚠️ Not connected to MQTT, retrying...
✅ Connected to AWS IoT Core
⚠️ MQTT disconnected, reason: 7
⚠️ Not connected to MQTT, retrying...
✅ Connected to AWS IoT Core
⚠️ MQTT disconnected, reason: 7
⚠️ Not connected to MQTT, retrying...
✅ Connected to AWS IoT Core
⚠️ MQTT disconnected, reason: 7
⚠️ Not connected to MQTT, retrying...
✅ Connected to AWS IoT Core
⚠️ MQTT disconnected, reason: 7
⚠️ Not connected to MQTT, retrying...
⚠️ MQTT disconnected, reason: 7
✅ Connected to AWS IoT Core
✅ Connected to AWS IoT Core
⚠️ MQTT disconnected, reason: 7
⚠️ Not connected to MQTT, retrying...
✅ Connected to AWS IoT Core
⚠️ MQTT disconnected, reason: 7
✅ Connected to AWS IoT Core
⚠️ MQTT disconnected, reason: 7
⚠️ Not connected to MQTT, retrying...
✅ Connected to AWS IoT Core
⚠️ MQTT disconnected, reason: 7
✅ Connected to AWS IoT Core
⚠️ MQTT disconnected, reason: 7
⚠️ Not connected to MQTT, retrying...
✅ Connected to AWS IoT Core
⚠️ MQTT disconnected, reason: 7
⚠️ Not connected to MQTT, retrying...
✅ Connected to AWS IoT Core
⚠️ MQTT disconnected, reason: 7
⚠️ Not connected to MQTT, retrying...
✅ Connected to AWS IoT Core
⚠️ MQTT disconnected, reason: 7
⚠️ Not connected to MQTT, retrying...
✅ Connected to AWS IoT Core
⚠️ MQTT disconnected, reason: 7
⚠️ Not connected to MQTT, retrying...
✅ Connected to AWS IoT Core
⚠️ MQTT disconnected, reason: 7
⚠️ Not connected to MQTT, retrying...
✅ Connected to AWS IoT Core
⚠️ MQTT disconnected, reason: 7
⚠️ Not connected to MQTT, retrying...
✅ Connected to AWS IoT Core
⚠️ MQTT disconnected, reason: 7
⚠️ Not connected to MQTT, retrying...
✅ Connected to AWS IoT Core
⚠️ MQTT disconnected, reason: 7
⚠️ Not connected to MQTT, retrying...
✅ Connected to AWS IoT Core
⚠️ MQTT disconnected, reason: 7
⚠️ Not connected to MQTT, retrying...
✅ Connected to AWS IoT Core
⚠️ MQTT disconnected, reason: 7
⚠️ Not connected to MQTT, retrying...
✅ Connected to AWS IoT Core
⚠️ MQTT disconnected, reason: 7
⚠️ Not connected to MQTT, retrying...
✅ Connected to AWS IoT Core
⚠️ MQTT disconnected, reason: 7
⚠️ Not connected to MQTT, retrying...
✅ Connected to AWS IoT Core
⚠️ MQTT disconnected, reason: 7
⚠️ Not connected to MQTT, retrying...
✅ Connected to AWS IoT Core
⚠️ MQTT disconnected, reason: 7
⚠️ Not connected to MQTT, retrying...
✅ Connected to AWS IoT Core
⚠️ MQTT disconnected, reason: 7
✅ Connected to AWS IoT Core
⚠️ MQTT disconnected, reason: 7
✅ Connected to AWS IoT Core
⚠️ MQTT disconnected, reason: 7
⚠️ Not connected to MQTT, retrying...
✅ Connected to AWS IoT Core
⚠️ MQTT disconnected, reason: 7
⚠️ Not connected to MQTT, retrying...
✅ Connected to AWS IoT Core
⚠️ MQTT disconnected, reason: 7
⚠️ Not connected to MQTT, retrying...
⚠️ MQTT disconnected, reason: 7
✅ Connected to AWS IoT Core
⚠️ MQTT disconnected, reason: 7
✅ Connected to AWS IoT Core
⚠️ MQTT disconnected, reason: 7
✅ Connected to AWS IoT Core
⚠️ MQTT disconnected, reason: 7
✅ Connected to AWS IoT Core
⚠️ MQTT disconnected, reason: 7
✅ Connected to AWS IoT Core
⚠️ MQTT disconnected, reason: 7
✅ Connected to AWS IoT Core
⚠️ MQTT disconnected, reason: 7
✅ Connected to AWS IoT Core
⚠️ MQTT disconnected, reason: 7
✅ Connected to AWS IoT Core
⚠️ MQTT disconnected, reason: 7
✅ Connected to AWS IoT Core
⚠️ MQTT disconnected, reason: 7
✅ Connected to AWS IoT Core
⚠️ MQTT disconnected, reason: 7
✅ Connected to AWS IoT Core
⚠️ MQTT disconnected, reason: 7
✅ Connected to AWS IoT Core
⚠️ MQTT disconnected, reason: 7
✅ Connected to AWS IoT Core
⚠️ MQTT disconnected, reason: 7
✅ Connected to AWS IoT Core
⚠️ MQTT disconnected, reason: 7
✅ Connected to AWS IoT Core
⚠️ MQTT disconnected, reason: 7
✅ Connected to AWS IoT Core
⚠️ MQTT disconnected, reason: 7
✅ Connected to AWS IoT Core
⚠️ MQTT disconnected, reason: 7
⚠️ MQTT disconnected, reason: 7
✅ Connected to AWS IoT Core
⚠️ MQTT disconnected, reason: 7
⚠️ Not connected to MQTT, retrying...
✅ Connected to AWS IoT Core
⚠️ MQTT disconnected, reason: 7
⚠️ Not connected to MQTT, retrying...
✅ Connected to AWS IoT Core
⚠️ MQTT disconnected, reason: 7
✅ Connected to AWS IoT Core
⚠️ MQTT disconnected, reason: 7
⚠️ Not connected to MQTT, retrying...
✅ Connected to AWS IoT Core
⚠️ MQTT disconnected, reason: 7
⚠️ Not connected to MQTT, retrying...
✅ Connected to AWS IoT Core
⚠️ MQTT disconnected, reason: 7
⚠️ Not connected to MQTT, retrying...
✅ Connected to AWS IoT Core
⚠️ MQTT disconnected, reason: 7
⚠️ Not connected to MQTT, retrying...
✅ Connected to AWS IoT Core
⚠️ MQTT disconnected, reason: 7
⚠️ Not connected to MQTT, retrying...
✅ Connected to AWS IoT Core
⚠️ MQTT disconnected, reason: 7
✅ Connected to AWS IoT Core
⚠️ MQTT disconnected, reason: 7
✅ Connected to AWS IoT Core
⚠️ MQTT disconnected, reason: 7
✅ Connected to AWS IoT Core
⚠️ MQTT disconnected, reason: 7
✅ Connected to AWS IoT Core
⚠️ MQTT disconnected, reason: 7
⚠️ Not connected to MQTT, retrying...
✅ Connected to AWS IoT Core
⚠️ MQTT disconnected, reason: 7
✅ Connected to AWS IoT Core
⚠️ MQTT disconnected, reason: 7
⚠️ Not connected to MQTT, retrying...
✅ Connected to AWS IoT Core
⚠️ MQTT disconnected, reason: 7
⚠️ Not connected to MQTT, retrying...
✅ Connected to AWS IoT Core
⚠️ MQTT disconnected, reason: 7
✅ Connected to AWS IoT Core
⚠️ MQTT disconnected, reason: 7
✅ Connected to AWS IoT Core
⚠️ MQTT disconnected, reason: 7
⚠️ MQTT disconnected, reason: 7
✅ Connected to AWS IoT Core
⚠️ MQTT disconnected, reason: 7
⚠️ Not connected to MQTT, retrying...
✅ Connected to AWS IoT Core
⚠️ MQTT disconnected, reason: 7
⚠️ Not connected to MQTT, retrying...
✅ Connected to AWS IoT Core
⚠️ MQTT disconnected, reason: 7
✅ Connected to AWS IoT Core
⚠️ MQTT disconnected, reason: 7
✅ Connected to AWS IoT Core
⚠️ MQTT disconnected, reason: 7
⚠️ Not connected to MQTT, retrying...
✅ Connected to AWS IoT Core
⚠️ MQTT disconnected, reason: 7
⚠️ Not connected to MQTT, retrying...
✅ Connected to AWS IoT Core
⚠️ MQTT disconnected, reason: 7
⚠️ Not connected to MQTT, retrying...
✅ Connected to AWS IoT Core
⚠️ MQTT disconnected, reason: 7
✅ Connected to AWS IoT Core
⚠️ MQTT disconnected, reason: 7
⚠️ Not connected to MQTT, retrying...
✅ Connected to AWS IoT Core
⚠️ MQTT disconnected, reason: 7
⚠️ Not connected to MQTT, retrying...
✅ Connected to AWS IoT Core
⚠️ MQTT disconnected, reason: 7
⚠️ Not connected to MQTT, retrying...
✅ Connected to AWS IoT Core
⚠️ MQTT disconnected, reason: 7
⚠️ Not connected to MQTT, retrying...
✅ Connected to AWS IoT Core
⚠️ MQTT disconnected, reason: 7
⚠️ Not connected to MQTT, retrying...
✅ Connected to AWS IoT Core
⚠️ MQTT disconnected, reason: 7
⚠️ Not connected to MQTT, retrying...
✅ Connected to AWS IoT Core
⚠️ MQTT disconnected, reason: 7
⚠️ Not connected to MQTT, retrying...
✅ Connected to AWS IoT Core
⚠️ MQTT disconnected, reason: 7
⚠️ Not connected to MQTT, retrying...
✅ Connected to AWS IoT Core
⚠️ MQTT disconnected, reason: 7
⚠️ Not connected to MQTT, retrying...
⚠️ MQTT disconnected, reason: 7
✅ Connected to AWS IoT Core
✅ Connected to AWS IoT Core
⚠️ MQTT disconnected, reason: 7
⚠️ Not connected to MQTT, retrying...
✅ Connected to AWS IoT Core
⚠️ MQTT disconnected, reason: 7
⚠️ Not connected to MQTT, retrying...
✅ Connected to AWS IoT Core
⚠️ MQTT disconnected, reason: 7
⚠️ Not connected to MQTT, retrying...
✅ Connected to AWS IoT Core
⚠️ MQTT disconnected, reason: 7
⚠️ Not connected to MQTT, retrying...
✅ Connected to AWS IoT Core
⚠️ MQTT disconnected, reason: 7
⚠️ Not connected to MQTT, retrying...
✅ Connected to AWS IoT Core
⚠️ MQTT disconnected, reason: 7
✅ Connected to AWS IoT Core
⚠️ MQTT disconnected, reason: 7
⚠️ Not connected to MQTT, retrying...
✅ Connected to AWS IoT Core
⚠️ MQTT disconnected, reason: 7
⚠️ Not connected to MQTT, retrying...
✅ Connected to AWS IoT Core
⚠️ MQTT disconnected, reason: 7
⚠️ Not connected to MQTT, retrying...
✅ Connected to AWS IoT Core
⚠️ MQTT disconnected, reason: 7
⚠️ Not connected to MQTT, retrying...
✅ Connected to AWS IoT Core
⚠️ MQTT disconnected, reason: 7
✅ Connected to AWS IoT Core
⚠️ MQTT disconnected, reason: 7
⚠️ Not connected to MQTT, retrying...
✅ Connected to AWS IoT Core
⚠️ MQTT disconnected, reason: 7
⚠️ Not connected to MQTT, retrying...
✅ Connected to AWS IoT Core
⚠️ MQTT disconnected, reason: 7
✅ Connected to AWS IoT Core
⚠️ MQTT disconnected, reason: 7
✅ Connected to AWS IoT Core
⚠️ MQTT disconnected, reason: 7
✅ Connected to AWS IoT Core
⚠️ MQTT disconnected, reason: 7
⚠️ Not connected to MQTT, retrying...
✅ Connected to AWS IoT Core
⚠️ MQTT disconnected, reason: 7
✅ Connected to AWS IoT Core
⚠️ MQTT disconnected, reason: 7
✅ Connected to AWS IoT Core
⚠️ MQTT disconnected, reason: 7
✅ Connected to AWS IoT Core
⚠️ MQTT disconnected, reason: 7
✅ Connected to AWS IoT Core
⚠️ MQTT disconnected, reason: 7
⚠️ Not connected to MQTT, retrying...
✅ Connected to AWS IoT Core
⚠️ MQTT disconnected, reason: 7
⚠️ Not connected to MQTT, retrying...
✅ Connected to AWS IoT Core
⚠️ MQTT disconnected, reason: 7
⚠️ Not connected to MQTT, retrying...
✅ Connected to AWS IoT Core
⚠️ MQTT disconnected, reason: 7
⚠️ Not connected to MQTT, retrying...
✅ Connected to AWS IoT Core
⚠️ MQTT disconnected, reason: 7
⚠️ Not connected to MQTT, retrying...
✅ Connected to AWS IoT Core
⚠️ MQTT disconnected, reason: 7
⚠️ Not connected to MQTT, retrying...
✅ Connected to AWS IoT Core
⚠️ MQTT disconnected, reason: 7
⚠️ Not connected to MQTT, retrying...
✅ Connected to AWS IoT Core
⚠️ MQTT disconnected, reason: 7
⚠️ Not connected to MQTT, retrying...
✅ Connected to AWS IoT Core
⚠️ MQTT disconnected, reason: 7
⚠️ Not connected to MQTT, retrying...
✅ Connected to AWS IoT Core
⚠️ MQTT disconnected, reason: 7
⚠️ Not connected to MQTT, retrying...
✅ Connected to AWS IoT Core
⚠️ MQTT disconnected, reason: 7
⚠️ Not connected to MQTT, retrying...
⚠️ MQTT disconnected, reason: 7
✅ Connected to AWS IoT Core
✅ Connected to AWS IoT Core
⚠️ MQTT disconnected, reason: 7
✅ Connected to AWS IoT Core
✅ Uploaded | id=9069 BP=18183.0 FP=17784.0 CR=17838.0 BC=5051.0 timestamp="2026-02-13 06:15:38"
📤 AWS IoT Sent {'id': 9069, 'bp': 18183.0, 'fp': 17784.0, 'cr': 17838.0, 'bc': 5051.0, 'timestamp': '2026-02-13 06:15:38'}
⚠️ MQTT disconnected, reason: 7
⚠️ Not connected to MQTT, retrying...
✅ Connected to AWS IoT Core
⚠️ MQTT disconnected, reason: 7
⚠️ Not connected to MQTT, retrying...
✅ Connected to AWS IoT Core
⚠️ MQTT disconnected, reason: 7
⚠️ Not connected to MQTT, retrying...
✅ Connected to AWS IoT Core
⚠️ MQTT disconnected, reason: 7
✅ Connected to AWS IoT Core
⚠️ MQTT disconnected, reason: 7
⚠️ MQTT disconnected, reason: 7
✅ Connected to AWS IoT Core
⚠️ MQTT disconnected, reason: 7
✅ Connected to AWS IoT Core
⚠️ MQTT disconnected, reason: 7
✅ Connected to AWS IoT Core
⚠️ MQTT disconnected, reason: 7
✅ Connected to AWS IoT Core
⚠️ MQTT disconnected, reason: 7
⚠️ Not connected to MQTT, retrying...
✅ Connected to AWS IoT Core
⚠️ MQTT disconnected, reason: 7
⚠️ Not connected to MQTT, retrying...
✅ Connected to AWS IoT Core
⚠️ MQTT disconnected, reason: 7
⚠️ Not connected to MQTT, retrying...
✅ Connected to AWS IoT Core
⚠️ MQTT disconnected, reason: 7
✅ Connected to AWS IoT Core
✅ Uploaded | id=9070 BP=8215.0 FP=8026.0 CR=8041.0 BC=5036.0 timestamp="2026-02-13 06:16:59"
📤 AWS IoT Sent {'id': 9070, 'bp': 8215.0, 'fp': 8026.0, 'cr': 8041.0, 'bc': 5036.0, 'timestamp': '2026-02-13 06:16:59'}
⚠️ MQTT disconnected, reason: 7
⚠️ Not connected to MQTT, retrying...
✅ Connected to AWS IoT Core
⚠️ MQTT disconnected, reason: 7
✅ Connected to AWS IoT Core
⚠️ MQTT disconnected, reason: 7
⚠️ Not connected to MQTT, retrying...
✅ Connected to AWS IoT Core
⚠️ MQTT disconnected, reason: 7
⚠️ Not connected to MQTT, retrying...
⚠️ MQTT disconnected, reason: 7
✅ Connected to AWS IoT Core
⚠️ MQTT disconnected, reason: 7
✅ Connected to AWS IoT Core
⚠️ MQTT disconnected, reason: 7
✅ Connected to AWS IoT Core
⚠️ MQTT disconnected, reason: 7
✅ Connected to AWS IoT Core
⚠️ MQTT disconnected, reason: 7
⚠️ Not connected to MQTT, retrying...
✅ Connected to AWS IoT Core
⚠️ MQTT disconnected, reason: 7
⚠️ Not connected to MQTT, retrying...
✅ Connected to AWS IoT Core
⚠️ MQTT disconnected, reason: 7
⚠️ Not connected to MQTT, retrying...
✅ Connected to AWS IoT Core
⚠️ MQTT disconnected, reason: 7
⚠️ Not connected to MQTT, retrying...
✅ Connected to AWS IoT Core
⚠️ MQTT disconnected, reason: 7
✅ Connected to AWS IoT Core
⚠️ MQTT disconnected, reason: 7
✅ Connected to AWS IoT Core
⚠️ MQTT disconnected, reason: 7
✅ Connected to AWS IoT Core
⚠️ MQTT disconnected, reason: 7
✅ Connected to AWS IoT Core
⚠️ MQTT disconnected, reason: 7
✅ Connected to AWS IoT Core
⚠️ MQTT disconnected, reason: 7
✅ Connected to AWS IoT Core
⚠️ MQTT disconnected, reason: 7
⚠️ Not connected to MQTT, retrying...
⚠️ MQTT disconnected, reason: 7
✅ Connected to AWS IoT Core
⚠️ MQTT disconnected, reason: 7
✅ Connected to AWS IoT Core
⚠️ MQTT disconnected, reason: 7
⚠️ MQTT disconnected, reason: 7
✅ Connected to AWS IoT Core
⚠️ MQTT disconnected, reason: 7
⚠️ Not connected to MQTT, retrying...
✅ Connected to AWS IoT Core
⚠️ MQTT disconnected, reason: 7
⚠️ Not connected to MQTT, retrying...
✅ Connected to AWS IoT Core
⚠️ MQTT disconnected, reason: 7
⚠️ Not connected to MQTT, retrying...
✅ Connected to AWS IoT Core
⚠️ MQTT disconnected, reason: 7
⚠️ Not connected to MQTT, retrying...
✅ Connected to AWS IoT Core
⚠️ MQTT disconnected, reason: 7
✅ Connected to AWS IoT Core
⚠️ MQTT disconnected, reason: 7
⚠️ Not connected to MQTT, retrying...
✅ Connected to AWS IoT Core
⚠️ MQTT disconnected, reason: 7
⚠️ Not connected to MQTT, retrying...
✅ Connected to AWS IoT Core
⚠️ MQTT disconnected, reason: 7
⚠️ Not connected to MQTT, retrying...
✅ Connected to AWS IoT Core
⚠️ MQTT disconnected, reason: 7
⚠️ Not connected to MQTT, retrying...
✅ Connected to AWS IoT Core
⚠️ MQTT disconnected, reason: 7
⚠️ Not connected to MQTT, retrying...
✅ Connected to AWS IoT Core
⚠️ MQTT disconnected, reason: 7
⚠️ Not connected to MQTT, retrying...
✅ Connected to AWS IoT Core
✅ Uploaded | id=9073 BP=7521.0 FP=7353.0 CR=7366.0 BC=5041.0 timestamp="2026-02-13 06:19:35"
📤 AWS IoT Sent {'id': 9073, 'bp': 7521.0, 'fp': 7353.0, 'cr': 7366.0, 'bc': 5041.0, 'timestamp': '2026-02-13 06:19:35'}
⚠️ MQTT disconnected, reason: 7
⚠️ Not connected to MQTT, retrying...
✅ Connected to AWS IoT Core
⚠️ MQTT disconnected, reason: 7
⚠️ Not connected to MQTT, retrying...
✅ Connected to AWS IoT Core
⚠️ MQTT disconnected, reason: 7
⚠️ Not connected to MQTT, retrying...
✅ Connected to AWS IoT Core
⚠️ MQTT disconnected, reason: 7
⚠️ Not connected to MQTT, retrying...
✅ Connected to AWS IoT Core
⚠️ MQTT disconnected, reason: 7
⚠️ Not connected to MQTT, retrying...
✅ Connected to AWS IoT Core
⚠️ MQTT disconnected, reason: 7
✅ Connected to AWS IoT Core
✅ Uploaded | id=9074 BP=5060.0 FP=4945.0 CR=4972.0 BC=5037.0 timestamp="2026-02-13 06:19:40"
📤 AWS IoT Sent {'id': 9074, 'bp': 5060.0, 'fp': 4945.0, 'cr': 4972.0, 'bc': 5037.0, 'timestamp': '2026-02-13 06:19:40'}
⚠️ MQTT disconnected, reason: 7
⚠️ Not connected to MQTT, retrying...
✅ Connected to AWS IoT Core
⚠️ MQTT disconnected, reason: 7
⚠️ Not connected to MQTT, retrying...
✅ Connected to AWS IoT Core
⚠️ MQTT disconnected, reason: 7
⚠️ Not connected to MQTT, retrying...
✅ Connected to AWS IoT Core
⚠️ MQTT disconnected, reason: 7
✅ Connected to AWS IoT Core
⚠️ MQTT disconnected, reason: 7
⚠️ Not connected to MQTT, retrying...
✅ Connected to AWS IoT Core
⚠️ MQTT disconnected, reason: 7
⚠️ Not connected to MQTT, retrying...
✅ Connected to AWS IoT Core
⚠️ MQTT disconnected, reason: 7
⚠️ Not connected to MQTT, retrying...
✅ Connected to AWS IoT Core
⚠️ MQTT disconnected, reason: 7
⚠️ Not connected to MQTT, retrying...
✅ Connected to AWS IoT Core
⚠️ MQTT disconnected, reason: 7
⚠️ Not connected to MQTT, retrying...
✅ Connected to AWS IoT Core
✅ Uploaded | id=9075 BP=11971.0 FP=11713.0 CR=11765.0 BC=5044.0 timestamp="2026-02-13 06:20:21"
📤 AWS IoT Sent {'id': 9075, 'bp': 11971.0, 'fp': 11713.0, 'cr': 11765.0, 'bc': 5044.0, 'timestamp': '2026-02-13 06:20:21'}
⚠️ MQTT disconnected, reason: 7
⚠️ Not connected to MQTT, retrying...
✅ Connected to AWS IoT Core
⚠️ MQTT disconnected, reason: 7
⚠️ Not connected to MQTT, retrying...
✅ Connected to AWS IoT Core
⚠️ MQTT disconnected, reason: 7
⚠️ Not connected to MQTT, retrying...
✅ Connected to AWS IoT Core
⚠️ MQTT disconnected, reason: 7
⚠️ Not connected to MQTT, retrying...
✅ Connected to AWS IoT Core
⚠️ MQTT disconnected, reason: 7
✅ Connected to AWS IoT Core
⚠️ MQTT disconnected, reason: 7
⚠️ MQTT disconnected, reason: 7
✅ Connected to AWS IoT Core
⚠️ MQTT disconnected, reason: 7
✅ Connected to AWS IoT Core
⚠️ MQTT disconnected, reason: 7
✅ Connected to AWS IoT Core
⚠️ MQTT disconnected, reason: 7
✅ Connected to AWS IoT Core
⚠️ MQTT disconnected, reason: 7
✅ Connected to AWS IoT Core
⚠️ MQTT disconnected, reason: 7
✅ Connected to AWS IoT Core
⚠️ MQTT disconnected, reason: 7
⚠️ Not connected to MQTT, retrying...
✅ Connected to AWS IoT Core
⚠️ MQTT disconnected, reason: 7
⚠️ Not connected to MQTT, retrying...
✅ Connected to AWS IoT Core
⚠️ MQTT disconnected, reason: 7
⚠️ Not connected to MQTT, retrying...
✅ Connected to AWS IoT Core
⚠️ MQTT disconnected, reason: 7
⚠️ Not connected to MQTT, retrying...
✅ Connected to AWS IoT Core
⚠️ MQTT disconnected, reason: 7
✅ Connected to AWS IoT Core
⚠️ MQTT disconnected, reason: 7
⚠️ Not connected to MQTT, retrying...
✅ Connected to AWS IoT Core
⚠️ MQTT disconnected, reason: 7
⚠️ Not connected to MQTT, retrying...
✅ Connected to AWS IoT Core
⚠️ MQTT disconnected, reason: 7
⚠️ Not connected to MQTT, retrying...
✅ Connected to AWS IoT Core
⚠️ MQTT disconnected, reason: 7
✅ Connected to AWS IoT Core
⚠️ MQTT disconnected, reason: 7
⚠️ Not connected to MQTT, retrying...
✅ Connected to AWS IoT Core
✅ Uploaded | id=9076 BP=7685.0 FP=7508.0 CR=7517.0 BC=5042.0 timestamp="2026-02-13 06:22:47"
📤 AWS IoT Sent {'id': 9076, 'bp': 7685.0, 'fp': 7508.0, 'cr': 7517.0, 'bc': 5042.0, 'timestamp': '2026-02-13 06:22:47'}
✅ Uploaded | id=9077 BP=5071.0 FP=4963.0 CR=4972.0 BC=5038.0 timestamp="2026-02-13 06:22:52"
📤 AWS IoT Sent {'id': 9077, 'bp': 5071.0, 'fp': 4963.0, 'cr': 4972.0, 'bc': 5038.0, 'timestamp': '2026-02-13 06:22:52'}
⚠️ MQTT disconnected, reason: 7
⚠️ Not connected to MQTT, retrying...
✅ Connected to AWS IoT Core
⚠️ MQTT disconnected, reason: 7
✅ Connected to AWS IoT Core
⚠️ MQTT disconnected, reason: 7
⚠️ Not connected to MQTT, retrying...
✅ Connected to AWS IoT Core
⚠️ MQTT disconnected, reason: 7
✅ Connected to AWS IoT Core
✅ Connected to AWS IoT Core
⚠️ MQTT disconnected, reason: 7
✅ Connected to AWS IoT Core
⚠️ MQTT disconnected, reason: 7
⚠️ Not connected to MQTT, retrying...
✅ Connected to AWS IoT Core
⚠️ MQTT disconnected, reason: 7
⚠️ Not connected to MQTT, retrying...
✅ Connected to AWS IoT Core
⚠️ MQTT disconnected, reason: 7
⚠️ Not connected to MQTT, retrying...
✅ Connected to AWS IoT Core
✅ Uploaded | id=9078 BP=10704.0 FP=10475.0 CR=10505.0 BC=5046.0 timestamp="2026-02-13 06:23:22"
📤 AWS IoT Sent {'id': 9078, 'bp': 10704.0, 'fp': 10475.0, 'cr': 10505.0, 'bc': 5046.0, 'timestamp': '2026-02-13 06:23:22'}
⚠️ MQTT disconnected, reason: 7
⚠️ Not connected to MQTT, retrying...
✅ Connected to AWS IoT Core
⚠️ MQTT disconnected, reason: 7
✅ Connected to AWS IoT Core
⚠️ MQTT disconnected, reason: 7
⚠️ Not connected to MQTT, retrying...
✅ Connected to AWS IoT Core
⚠️ MQTT disconnected, reason: 7
✅ Connected to AWS IoT Core
⚠️ MQTT disconnected, reason: 7
✅ Connected to AWS IoT Core
⚠️ MQTT disconnected, reason: 7
✅ Connected to AWS IoT Core
⚠️ MQTT disconnected, reason: 7
✅ Connected to AWS IoT Core
⚠️ MQTT disconnected, reason: 7
✅ Connected to AWS IoT Core
⚠️ MQTT disconnected, reason: 7
⚠️ Not connected to MQTT, retrying...
✅ Connected to AWS IoT Core
⚠️ MQTT disconnected, reason: 7
⚠️ Not connected to MQTT, retrying...
✅ Connected to AWS IoT Core
⚠️ MQTT disconnected, reason: 7
⚠️ Not connected to MQTT, retrying...
✅ Connected to AWS IoT Core
⚠️ MQTT disconnected, reason: 7
⚠️ Not connected to MQTT, retrying...
✅ Connected to AWS IoT Core
⚠️ MQTT disconnected, reason: 7
⚠️ Not connected to MQTT, retrying...
✅ Connected to AWS IoT Core
⚠️ MQTT disconnected, reason: 7
⚠️ Not connected to MQTT, retrying...
✅ Connected to AWS IoT Core
⚠️ MQTT disconnected, reason: 7
⚠️ Not connected to MQTT, retrying...
⚠️ MQTT disconnected, reason: 7
✅ Connected to AWS IoT Core
✅ Connected to AWS IoT Core
⚠️ MQTT disconnected, reason: 7
⚠️ Not connected to MQTT, retrying...
✅ Connected to AWS IoT Core
⚠️ MQTT disconnected, reason: 7
⚠️ Not connected to MQTT, retrying...
✅ Connected to AWS IoT Core
⚠️ MQTT disconnected, reason: 7
⚠️ Not connected to MQTT, retrying...
✅ Connected to AWS IoT Core
⚠️ MQTT disconnected, reason: 7
⚠️ Not connected to MQTT, retrying...
✅ Connected to AWS IoT Core
⚠️ MQTT disconnected, reason: 7
⚠️ Not connected to MQTT, retrying...
✅ Connected to AWS IoT Core
⚠️ MQTT disconnected, reason: 7
⚠️ Not connected to MQTT, retrying...
✅ Connected to AWS IoT Core
⚠️ MQTT disconnected, reason: 7
⚠️ Not connected to MQTT, retrying...
✅ Connected to AWS IoT Core
⚠️ MQTT disconnected, reason: 7
✅ Connected to AWS IoT Core
⚠️ MQTT disconnected, reason: 7
✅ Connected to AWS IoT Core
⚠️ MQTT disconnected, reason: 7
✅ Connected to AWS IoT Core
⚠️ MQTT disconnected, reason: 7
⚠️ Not connected to MQTT, retrying...
✅ Connected to AWS IoT Core
⚠️ MQTT disconnected, reason: 7
⚠️ MQTT disconnected, reason: 7
✅ Connected to AWS IoT Core
✅ Connected to AWS IoT Core
⚠️ MQTT disconnected, reason: 7
⚠️ Not connected to MQTT, retrying...
✅ Connected to AWS IoT Core
⚠️ MQTT disconnected, reason: 7
⚠️ Not connected to MQTT, retrying...
✅ Connected to AWS IoT Core
⚠️ MQTT disconnected, reason: 7
⚠️ Not connected to MQTT, retrying...
✅ Connected to AWS IoT Core
⚠️ MQTT disconnected, reason: 7
⚠️ Not connected to MQTT, retrying...
✅ Connected to AWS IoT Core
⚠️ MQTT disconnected, reason: 7
✅ Connected to AWS IoT Core
⚠️ MQTT disconnected, reason: 7
⚠️ Not connected to MQTT, retrying...
✅ Connected to AWS IoT Core
⚠️ MQTT disconnected, reason: 7
✅ Connected to AWS IoT Core
⚠️ MQTT disconnected, reason: 7
⚠️ Not connected to MQTT, retrying...
✅ Connected to AWS IoT Core
⚠️ MQTT disconnected, reason: 7
⚠️ Not connected to MQTT, retrying...
✅ Connected to AWS IoT Core
⚠️ MQTT disconnected, reason: 7
⚠️ Not connected to MQTT, retrying...
✅ Connected to AWS IoT Core
⚠️ MQTT disconnected, reason: 7
⚠️ Not connected to MQTT, retrying...
✅ Connected to AWS IoT Core
⚠️ MQTT disconnected, reason: 7
⚠️ Not connected to MQTT, retrying...
✅ Connected to AWS IoT Core
⚠️ MQTT disconnected, reason: 7
⚠️ Not connected to MQTT, retrying...
✅ Connected to AWS IoT Core
⚠️ MQTT disconnected, reason: 7
✅ Connected to AWS IoT Core
⚠️ MQTT disconnected, reason: 7
⚠️ Not connected to MQTT, retrying...
✅ Connected to AWS IoT Core
⚠️ MQTT disconnected, reason: 7
✅ Connected to AWS IoT Core
⚠️ MQTT disconnected, reason: 7
✅ Connected to AWS IoT Core
⚠️ MQTT disconnected, reason: 7
✅ Connected to AWS IoT Core
⚠️ MQTT disconnected, reason: 7
✅ Connected to AWS IoT Core
⚠️ MQTT disconnected, reason: 7
✅ Connected to AWS IoT Core
⚠️ MQTT disconnected, reason: 7
⚠️ Not connected to MQTT, retrying...
✅ Connected to AWS IoT Core
⚠️ MQTT disconnected, reason: 7
⚠️ Not connected to MQTT, retrying...
✅ Connected to AWS IoT Core
⚠️ MQTT disconnected, reason: 7
⚠️ Not connected to MQTT, retrying...
✅ Connected to AWS IoT Core
⚠️ MQTT disconnected, reason: 7
⚠️ Not connected to MQTT, retrying...
✅ Connected to AWS IoT Core
⚠️ MQTT disconnected, reason: 7
✅ Connected to AWS IoT Core
⚠️ MQTT disconnected, reason: 7
✅ Connected to AWS IoT Core
⚠️ MQTT disconnected, reason: 7
✅ Connected to AWS IoT Core
⚠️ MQTT disconnected, reason: 7
⚠️ Not connected to MQTT, retrying...
✅ Connected to AWS IoT Core
⚠️ MQTT disconnected, reason: 7
⚠️ Not connected to MQTT, retrying...
✅ Connected to AWS IoT Core
⚠️ MQTT disconnected, reason: 7
✅ Connected to AWS IoT Core
⚠️ MQTT disconnected, reason: 7
✅ Connected to AWS IoT Core
⚠️ MQTT disconnected, reason: 7
✅ Connected to AWS IoT Core
⚠️ MQTT disconnected, reason: 7
⚠️ Not connected to MQTT, retrying...
✅ Connected to AWS IoT Core
⚠️ MQTT disconnected, reason: 7
⚠️ Not connected to MQTT, retrying...
✅ Connected to AWS IoT Core
⚠️ MQTT disconnected, reason: 7
⚠️ Not connected to MQTT, retrying...
✅ Connected to AWS IoT Core
⚠️ MQTT disconnected, reason: 7
⚠️ Not connected to MQTT, retrying...
✅ Connected to AWS IoT Core
⚠️ MQTT disconnected, reason: 7
⚠️ Not connected to MQTT, retrying...
✅ Connected to AWS IoT Core
✅ Uploaded | id=9082 BP=14192.0 FP=13873.0 CR=13931.0 BC=5040.0 timestamp="2026-02-13 06:28:45"
📤 AWS IoT Sent {'id': 9082, 'bp': 14192.0, 'fp': 13873.0, 'cr': 13931.0, 'bc': 5040.0, 'timestamp': '2026-02-13 06:28:45'}
⚠️ MQTT disconnected, reason: 7
⚠️ Not connected to MQTT, retrying...
✅ Connected to AWS IoT Core
⚠️ MQTT disconnected, reason: 7
⚠️ Not connected to MQTT, retrying...
✅ Connected to AWS IoT Core
⚠️ MQTT disconnected, reason: 7
⚠️ Not connected to MQTT, retrying...
✅ Connected to AWS IoT Core
⚠️ MQTT disconnected, reason: 7
✅ Connected to AWS IoT Core
⚠️ MQTT disconnected, reason: 7
⚠️ Not connected to MQTT, retrying...
✅ Connected to AWS IoT Core
⚠️ MQTT disconnected, reason: 7
✅ Connected to AWS IoT Core
⚠️ MQTT disconnected, reason: 7
✅ Connected to AWS IoT Core
⚠️ MQTT disconnected, reason: 7
✅ Connected to AWS IoT Core
✅ Uploaded | id=9083 BP=16262.0 FP=15897.0 CR=15969.0 BC=5044.0 timestamp="2026-02-13 06:29:20"
📤 AWS IoT Sent {'id': 9083, 'bp': 16262.0, 'fp': 15897.0, 'cr': 15969.0, 'bc': 5044.0, 'timestamp': '2026-02-13 06:29:20'}
⚠️ MQTT disconnected, reason: 7
⚠️ Not connected to MQTT, retrying...
✅ Connected to AWS IoT Core
⚠️ MQTT disconnected, reason: 7
⚠️ Not connected to MQTT, retrying...
✅ Connected to AWS IoT Core
⚠️ MQTT disconnected, reason: 7
⚠️ Not connected to MQTT, retrying...
✅ Connected to AWS IoT Core
⚠️ MQTT disconnected, reason: 7
⚠️ Not connected to MQTT, retrying...
✅ Connected to AWS IoT Core
⚠️ MQTT disconnected, reason: 7
✅ Connected to AWS IoT Core
⚠️ MQTT disconnected, reason: 7
✅ Connected to AWS IoT Core
⚠️ MQTT disconnected, reason: 7
✅ Connected to AWS IoT Core
⚠️ MQTT disconnected, reason: 7
⚠️ Not connected to MQTT, retrying...
✅ Connected to AWS IoT Core
⚠️ MQTT disconnected, reason: 7
⚠️ Not connected to MQTT, retrying...
✅ Connected to AWS IoT Core
⚠️ MQTT disconnected, reason: 7
⚠️ Not connected to MQTT, retrying...
✅ Connected to AWS IoT Core
⚠️ MQTT disconnected, reason: 7
⚠️ Not connected to MQTT, retrying...
✅ Connected to AWS IoT Core
⚠️ MQTT disconnected, reason: 7
✅ Connected to AWS IoT Core
⚠️ MQTT disconnected, reason: 7
✅ Connected to AWS IoT Core
⚠️ MQTT disconnected, reason: 7
✅ Connected to AWS IoT Core
⚠️ MQTT disconnected, reason: 7
⚠️ Not connected to MQTT, retrying...
✅ Connected to AWS IoT Core
⚠️ MQTT disconnected, reason: 7
✅ Connected to AWS IoT Core
⚠️ MQTT disconnected, reason: 7
⚠️ Not connected to MQTT, retrying...
✅ Connected to AWS IoT Core
⚠️ MQTT disconnected, reason: 7
⚠️ Not connected to MQTT, retrying...
✅ Connected to AWS IoT Core
⚠️ MQTT disconnected, reason: 7
⚠️ Not connected to MQTT, retrying...
✅ Connected to AWS IoT Core
✅ Uploaded | id=9084 BP=12742.0 FP=12451.0 CR=12505.0 BC=5046.0 timestamp="2026-02-13 06:31:01"
📤 AWS IoT Sent {'id': 9084, 'bp': 12742.0, 'fp': 12451.0, 'cr': 12505.0, 'bc': 5046.0, 'timestamp': '2026-02-13 06:31:01'}
⚠️ MQTT disconnected, reason: 7
⚠️ Not connected to MQTT, retrying...
✅ Connected to AWS IoT Core
⚠️ MQTT disconnected, reason: 7
⚠️ Not connected to MQTT, retrying...
✅ Connected to AWS IoT Core
⚠️ MQTT disconnected, reason: 7
✅ Connected to AWS IoT Core
⚠️ MQTT disconnected, reason: 7
⚠️ Not connected to MQTT, retrying...
✅ Connected to AWS IoT Core
⚠️ MQTT disconnected, reason: 7
✅ Connected to AWS IoT Core
⚠️ MQTT disconnected, reason: 7
✅ Connected to AWS IoT Core
⚠️ MQTT disconnected, reason: 7
⚠️ Not connected to MQTT, retrying...
✅ Connected to AWS IoT Core
⚠️ MQTT disconnected, reason: 7
⚠️ Not connected to MQTT, retrying...
✅ Connected to AWS IoT Core
⚠️ MQTT disconnected, reason: 7
✅ Connected to AWS IoT Core
⚠️ MQTT disconnected, reason: 7
✅ Connected to AWS IoT Core
⚠️ MQTT disconnected, reason: 7
✅ Connected to AWS IoT Core
⚠️ MQTT disconnected, reason: 7
⚠️ Not connected to MQTT, retrying...
✅ Connected to AWS IoT Core
⚠️ MQTT disconnected, reason: 7
⚠️ Not connected to MQTT, retrying...
✅ Connected to AWS IoT Core
⚠️ MQTT disconnected, reason: 7
⚠️ Not connected to MQTT, retrying...
✅ Connected to AWS IoT Core
⚠️ MQTT disconnected, reason: 7
✅ Connected to AWS IoT Core
⚠️ MQTT disconnected, reason: 7
⚠️ Not connected to MQTT, retrying...
✅ Connected to AWS IoT Core
⚠️ MQTT disconnected, reason: 7
⚠️ Not connected to MQTT, retrying...
✅ Connected to AWS IoT Core
⚠️ MQTT disconnected, reason: 7
⚠️ Not connected to MQTT, retrying...
✅ Connected to AWS IoT Core
⚠️ MQTT disconnected, reason: 7
⚠️ Not connected to MQTT, retrying...
✅ Connected to AWS IoT Core
⚠️ MQTT disconnected, reason: 7
✅ Connected to AWS IoT Core
⚠️ MQTT disconnected, reason: 7
⚠️ Not connected to MQTT, retrying...
✅ Connected to AWS IoT Core
⚠️ MQTT disconnected, reason: 7
⚠️ Not connected to MQTT, retrying...
✅ Connected to AWS IoT Core
⚠️ MQTT disconnected, reason: 7
⚠️ Not connected to MQTT, retrying...
✅ Connected to AWS IoT Core
⚠️ MQTT disconnected, reason: 7
⚠️ Not connected to MQTT, retrying...
✅ Connected to AWS IoT Core
⚠️ MQTT disconnected, reason: 7
✅ Connected to AWS IoT Core
⚠️ MQTT disconnected, reason: 7
⚠️ MQTT disconnected, reason: 7
✅ Connected to AWS IoT Core
⚠️ MQTT disconnected, reason: 7
⚠️ Not connected to MQTT, retrying...
✅ Connected to AWS IoT Core
⚠️ MQTT disconnected, reason: 7
⚠️ Not connected to MQTT, retrying...
✅ Connected to AWS IoT Core
⚠️ MQTT disconnected, reason: 7
⚠️ Not connected to MQTT, retrying...
✅ Connected to AWS IoT Core
⚠️ MQTT disconnected, reason: 7
⚠️ Not connected to MQTT, retrying...
✅ Connected to AWS IoT Core
⚠️ MQTT disconnected, reason: 7
✅ Connected to AWS IoT Core
⚠️ MQTT disconnected, reason: 7
⚠️ Not connected to MQTT, retrying...
✅ Connected to AWS IoT Core
⚠️ MQTT disconnected, reason: 7
⚠️ Not connected to MQTT, retrying...
✅ Connected to AWS IoT Core
⚠️ MQTT disconnected, reason: 7
⚠️ Not connected to MQTT, retrying...
✅ Connected to AWS IoT Core
⚠️ MQTT disconnected, reason: 7
⚠️ Not connected to MQTT, retrying...
✅ Connected to AWS IoT Core
⚠️ MQTT disconnected, reason: 7
⚠️ Not connected to MQTT, retrying...
✅ Connected to AWS IoT Core
⚠️ MQTT disconnected, reason: 7
⚠️ Not connected to MQTT, retrying...
✅ Connected to AWS IoT Core
⚠️ MQTT disconnected, reason: 7
✅ Connected to AWS IoT Core
⚠️ MQTT disconnected, reason: 7
✅ Connected to AWS IoT Core
⚠️ MQTT disconnected, reason: 7
✅ Connected to AWS IoT Core
⚠️ MQTT disconnected, reason: 7
✅ Connected to AWS IoT Core
⚠️ MQTT disconnected, reason: 7
✅ Connected to AWS IoT Core
⚠️ MQTT disconnected, reason: 7
✅ Connected to AWS IoT Core
⚠️ MQTT disconnected, reason: 7
✅ Connected to AWS IoT Core
⚠️ MQTT disconnected, reason: 7
✅ Connected to AWS IoT Core
⚠️ MQTT disconnected, reason: 7
⚠️ Not connected to MQTT, retrying...
✅ Connected to AWS IoT Core
⚠️ MQTT disconnected, reason: 7
⚠️ Not connected to MQTT, retrying...
✅ Connected to AWS IoT Core
⚠️ MQTT disconnected, reason: 7
✅ Connected to AWS IoT Core
⚠️ MQTT disconnected, reason: 7
⚠️ Not connected to MQTT, retrying...
✅ Connected to AWS IoT Core
⚠️ MQTT disconnected, reason: 7
⚠️ Not connected to MQTT, retrying...
✅ Connected to AWS IoT Core
⚠️ MQTT disconnected, reason: 7
⚠️ Not connected to MQTT, retrying...
⚠️ MQTT disconnected, reason: 7
✅ Connected to AWS IoT Core
✅ Connected to AWS IoT Core
⚠️ MQTT disconnected, reason: 7
⚠️ Not connected to MQTT, retrying...
✅ Connected to AWS IoT Core
⚠️ MQTT disconnected, reason: 7
⚠️ Not connected to MQTT, retrying...
✅ Connected to AWS IoT Core
⚠️ MQTT disconnected, reason: 7
⚠️ Not connected to MQTT, retrying...
✅ Connected to AWS IoT Core
⚠️ MQTT disconnected, reason: 7
⚠️ Not connected to MQTT, retrying...
✅ Connected to AWS IoT Core
⚠️ MQTT disconnected, reason: 7
⚠️ Not connected to MQTT, retrying...
✅ Connected to AWS IoT Core
⚠️ MQTT disconnected, reason: 7
⚠️ Not connected to MQTT, retrying...
✅ Connected to AWS IoT Core
⚠️ MQTT disconnected, reason: 7
⚠️ Not connected to MQTT, retrying...
✅ Connected to AWS IoT Core
⚠️ MQTT disconnected, reason: 7
✅ Connected to AWS IoT Core
⚠️ MQTT disconnected, reason: 7
⚠️ Not connected to MQTT, retrying...
✅ Connected to AWS IoT Core
⚠️ MQTT disconnected, reason: 7
⚠️ Not connected to MQTT, retrying...
✅ Connected to AWS IoT Core
⚠️ MQTT disconnected, reason: 7
✅ Connected to AWS IoT Core
⚠️ MQTT disconnected, reason: 7
⚠️ Not connected to MQTT, retrying...
✅ Connected to AWS IoT Core
⚠️ MQTT disconnected, reason: 7
⚠️ Not connected to MQTT, retrying...
✅ Connected to AWS IoT Core
⚠️ MQTT disconnected, reason: 7
⚠️ Not connected to MQTT, retrying...
✅ Connected to AWS IoT Core
⚠️ MQTT disconnected, reason: 7
⚠️ Not connected to MQTT, retrying...
✅ Connected to AWS IoT Core
⚠️ MQTT disconnected, reason: 7
✅ Connected to AWS IoT Core
⚠️ MQTT disconnected, reason: 7
⚠️ Not connected to MQTT, retrying...
⚠️ MQTT disconnected, reason: 7
✅ Connected to AWS IoT Core
✅ Connected to AWS IoT Core
⚠️ MQTT disconnected, reason: 7
⚠️ Not connected to MQTT, retrying...
✅ Connected to AWS IoT Core
✅ Connected to AWS IoT Core
⚠️ MQTT disconnected, reason: 7
⚠️ Not connected to MQTT, retrying...
✅ Connected to AWS IoT Core
✅ Connected to AWS IoT Core
⚠️ MQTT disconnected, reason: 7
⚠️ Not connected to MQTT, retrying...
✅ Connected to AWS IoT Core
⚠️ MQTT disconnected, reason: 7
⚠️ Not connected to MQTT, retrying...
✅ Connected to AWS IoT Core
⚠️ MQTT disconnected, reason: 7
⚠️ Not connected to MQTT, retrying...
✅ Connected to AWS IoT Core
⚠️ MQTT disconnected, reason: 7
✅ Connected to AWS IoT Core
⚠️ MQTT disconnected, reason: 7
⚠️ Not connected to MQTT, retrying...
✅ Connected to AWS IoT Core
⚠️ MQTT disconnected, reason: 7
⚠️ Not connected to MQTT, retrying...
✅ Connected to AWS IoT Core
⚠️ MQTT disconnected, reason: 7
✅ Connected to AWS IoT Core
⚠️ MQTT disconnected, reason: 7
⚠️ MQTT disconnected, reason: 7
✅ Connected to AWS IoT Core
⚠️ MQTT disconnected, reason: 7
✅ Connected to AWS IoT Core
⚠️ MQTT disconnected, reason: 7
⚠️ Not connected to MQTT, retrying...
✅ Connected to AWS IoT Core
⚠️ MQTT disconnected, reason: 7
⚠️ Not connected to MQTT, retrying...
✅ Connected to AWS IoT Core
⚠️ MQTT disconnected, reason: 7
✅ Connected to AWS IoT Core
⚠️ MQTT disconnected, reason: 7
⚠️ Not connected to MQTT, retrying...
✅ Connected to AWS IoT Core
⚠️ MQTT disconnected, reason: 7
⚠️ Not connected to MQTT, retrying...
✅ Connected to AWS IoT Core
⚠️ MQTT disconnected, reason: 7
⚠️ Not connected to MQTT, retrying...
✅ Connected to AWS IoT Core
⚠️ MQTT disconnected, reason: 7
⚠️ Not connected to MQTT, retrying...
✅ Connected to AWS IoT Core
⚠️ MQTT disconnected, reason: 7
⚠️ Not connected to MQTT, retrying...
✅ Connected to AWS IoT Core
⚠️ MQTT disconnected, reason: 7
⚠️ Not connected to MQTT, retrying...
✅ Connected to AWS IoT Core
⚠️ MQTT disconnected, reason: 7
⚠️ Not connected to MQTT, retrying...
✅ Connected to AWS IoT Core
⚠️ MQTT disconnected, reason: 7
✅ Connected to AWS IoT Core
⚠️ MQTT disconnected, reason: 7
✅ Connected to AWS IoT Core
⚠️ MQTT disconnected, reason: 7
⚠️ Not connected to MQTT, retrying...
✅ Connected to AWS IoT Core
⚠️ MQTT disconnected, reason: 7
⚠️ Not connected to MQTT, retrying...
✅ Connected to AWS IoT Core
⚠️ MQTT disconnected, reason: 7
⚠️ Not connected to MQTT, retrying...
✅ Connected to AWS IoT Core
⚠️ MQTT disconnected, reason: 7
⚠️ Not connected to MQTT, retrying...
✅ Connected to AWS IoT Core
⚠️ MQTT disconnected, reason: 7
⚠️ Not connected to MQTT, retrying...
✅ Connected to AWS IoT Core
⚠️ MQTT disconnected, reason: 7
✅ Connected to AWS IoT Core
⚠️ MQTT disconnected, reason: 7
⚠️ MQTT disconnected, reason: 7
✅ Connected to AWS IoT Core
⚠️ MQTT disconnected, reason: 7
⚠️ MQTT disconnected, reason: 7
⚠️ MQTT disconnected, reason: 7
✅ Connected to AWS IoT Core
⚠️ MQTT disconnected, reason: 7
✅ Connected to AWS IoT Core
⚠️ MQTT disconnected, reason: 7
✅ Connected to AWS IoT Core
⚠️ MQTT disconnected, reason: 7
✅ Connected to AWS IoT Core
⚠️ MQTT disconnected, reason: 7
✅ Connected to AWS IoT Core
⚠️ MQTT disconnected, reason: 7
✅ Connected to AWS IoT Core
⚠️ MQTT disconnected, reason: 7
✅ Connected to AWS IoT Core
⚠️ MQTT disconnected, reason: 7
✅ Connected to AWS IoT Core
⚠️ MQTT disconnected, reason: 7
✅ Connected to AWS IoT Core
✅ Connected to AWS IoT Core
⚠️ MQTT disconnected, reason: 7
⚠️ Not connected to MQTT, retrying...
✅ Connected to AWS IoT Core
⚠️ MQTT disconnected, reason: 7
⚠️ MQTT disconnected, reason: 7
✅ Connected to AWS IoT Core
✅ Connected to AWS IoT Core
⚠️ MQTT disconnected, reason: 7
⚠️ Not connected to MQTT, retrying...
✅ Connected to AWS IoT Core
⚠️ MQTT disconnected, reason: 7
✅ Connected to AWS IoT Core
⚠️ MQTT disconnected, reason: 7
✅ Connected to AWS IoT Core
⚠️ MQTT disconnected, reason: 7
✅ Connected to AWS IoT Core
⚠️ MQTT disconnected, reason: 7
⚠️ MQTT disconnected, reason: 7
✅ Connected to AWS IoT Core
⚠️ MQTT disconnected, reason: 7
✅ Connected to AWS IoT Core
⚠️ MQTT disconnected, reason: 7
✅ Connected to AWS IoT Core
⚠️ MQTT disconnected, reason: 7
✅ Connected to AWS IoT Core
⚠️ MQTT disconnected, reason: 7
✅ Connected to AWS IoT Core
⚠️ MQTT disconnected, reason: 7
✅ Connected to AWS IoT Core
⚠️ MQTT disconnected, reason: 7
⚠️ MQTT disconnected, reason: 7
✅ Connected to AWS IoT Core
✅ Connected to AWS IoT Core
⚠️ MQTT disconnected, reason: 7
✅ Connected to AWS IoT Core
⚠️ MQTT disconnected, reason: 7
✅ Connected to AWS IoT Core
⚠️ MQTT disconnected, reason: 7
✅ Connected to AWS IoT Core
⚠️ MQTT disconnected, reason: 7
⚠️ MQTT disconnected, reason: 7
✅ Connected to AWS IoT Core
✅ Connected to AWS IoT Core
⚠️ MQTT disconnected, reason: 7
✅ Connected to AWS IoT Core
⚠️ MQTT disconnected, reason: 7
✅ Connected to AWS IoT Core
⚠️ MQTT disconnected, reason: 7
✅ Connected to AWS IoT Core
⚠️ MQTT disconnected, reason: 7
✅ Connected to AWS IoT Core
⚠️ MQTT disconnected, reason: 7
✅ Connected to AWS IoT Core
⚠️ MQTT disconnected, reason: 7
✅ Connected to AWS IoT Core
⚠️ MQTT disconnected, reason: 7
✅ Connected to AWS IoT Core
✅ Connected to AWS IoT Core
⚠️ MQTT disconnected, reason: 7
✅ Connected to AWS IoT Core
⚠️ MQTT disconnected, reason: 7
✅ Connected to AWS IoT Core
⚠️ MQTT disconnected, reason: 7
✅ Connected to AWS IoT Core
⚠️ MQTT disconnected, reason: 7
✅ Connected to AWS IoT Core
⚠️ MQTT disconnected, reason: 7
✅ Connected to AWS IoT Core
⚠️ MQTT disconnected, reason: 7
⚠️ MQTT disconnected, reason: 7
✅ Connected to AWS IoT Core
✅ Connected to AWS IoT Core
⚠️ MQTT disconnected, reason: 7
✅ Connected to AWS IoT Core
⚠️ MQTT disconnected, reason: 7
✅ Connected to AWS IoT Core
⚠️ MQTT disconnected, reason: 7
✅ Connected to AWS IoT Core
⚠️ MQTT disconnected, reason: 7
✅ Connected to AWS IoT Core
⚠️ MQTT disconnected, reason: 7
✅ Connected to AWS IoT Core
⚠️ MQTT disconnected, reason: 7
✅ Connected to AWS IoT Core
⚠️ MQTT disconnected, reason: 7
⚠️ MQTT disconnected, reason: 7
✅ Connected to AWS IoT Core
⚠️ MQTT disconnected, reason: 7
✅ Connected to AWS IoT Core
⚠️ MQTT disconnected, reason: 7
✅ Connected to AWS IoT Core
⚠️ MQTT disconnected, reason: 7
✅ Connected to AWS IoT Core
⚠️ MQTT disconnected, reason: 7
✅ Connected to AWS IoT Core
⚠️ MQTT disconnected, reason: 7
✅ Connected to AWS IoT Core
⚠️ MQTT disconnected, reason: 7
✅ Connected to AWS IoT Core
⚠️ MQTT disconnected, reason: 7
✅ Connected to AWS IoT Core
⚠️ MQTT disconnected, reason: 7
✅ Connected to AWS IoT Core
⚠️ MQTT disconnected, reason: 7
✅ Connected to AWS IoT Core
⚠️ MQTT disconnected, reason: 7
✅ Connected to AWS IoT Core
⚠️ MQTT disconnected, reason: 7
✅ Connected to AWS IoT Core
⚠️ MQTT disconnected, reason: 7
✅ Connected to AWS IoT Core
✅ Connected to AWS IoT Core
⚠️ MQTT disconnected, reason: 7
⚠️ Not connected to MQTT, retrying...
✅ Connected to AWS IoT Core
⚠️ MQTT disconnected, reason: 7
✅ Connected to AWS IoT Core
⚠️ MQTT disconnected, reason: 7
✅ Connected to AWS IoT Core
⚠️ MQTT disconnected, reason: 7
✅ Connected to AWS IoT Core
⚠️ MQTT disconnected, reason: 7
✅ Connected to AWS IoT Core
⚠️ MQTT disconnected, reason: 7
✅ Connected to AWS IoT Core
⚠️ MQTT disconnected, reason: 7
✅ Connected to AWS IoT Core
⚠️ MQTT disconnected, reason: 7
✅ Connected to AWS IoT Core
⚠️ MQTT disconnected, reason: 7
✅ Connected to AWS IoT Core
⚠️ MQTT disconnected, reason: 7
✅ Connected to AWS IoT Core
⚠️ MQTT disconnected, reason: 7
✅ Connected to AWS IoT Core
⚠️ MQTT disconnected, reason: 7
✅ Connected to AWS IoT Core
⚠️ MQTT disconnected, reason: 7
✅ Connected to AWS IoT Core
⚠️ MQTT disconnected, reason: 7
✅ Connected to AWS IoT Core
⚠️ MQTT disconnected, reason: 7
✅ Connected to AWS IoT Core
⚠️ MQTT disconnected, reason: 7
✅ Connected to AWS IoT Core
⚠️ MQTT disconnected, reason: 7
✅ Connected to AWS IoT Core
⚠️ MQTT disconnected, reason: 7
✅ Connected to AWS IoT Core
⚠️ MQTT disconnected, reason: 7
✅ Connected to AWS IoT Core
⚠️ MQTT disconnected, reason: 7
✅ Connected to AWS IoT Core
⚠️ MQTT disconnected, reason: 7
✅ Connected to AWS IoT Core
⚠️ MQTT disconnected, reason: 7
✅ Connected to AWS IoT Core
⚠️ MQTT disconnected, reason: 7
✅ Connected to AWS IoT Core
⚠️ MQTT disconnected, reason: 7
✅ Connected to AWS IoT Core
⚠️ MQTT disconnected, reason: 7
✅ Connected to AWS IoT Core
⚠️ MQTT disconnected, reason: 7
✅ Connected to AWS IoT Core
⚠️ MQTT disconnected, reason: 7
✅ Connected to AWS IoT Core
⚠️ MQTT disconnected, reason: 7
✅ Connected to AWS IoT Core
⚠️ MQTT disconnected, reason: 7
✅ Connected to AWS IoT Core
⚠️ MQTT disconnected, reason: 7
⚠️ MQTT disconnected, reason: 7
✅ Connected to AWS IoT Core
✅ Connected to AWS IoT Core
⚠️ MQTT disconnected, reason: 7
⚠️ Not connected to MQTT, retrying...
✅ Connected to AWS IoT Core
⚠️ MQTT disconnected, reason: 7
✅ Connected to AWS IoT Core
⚠️ MQTT disconnected, reason: 7
⚠️ MQTT disconnected, reason: 7
✅ Connected to AWS IoT Core
✅ Connected to AWS IoT Core
⚠️ MQTT disconnected, reason: 7
✅ Connected to AWS IoT Core
⚠️ MQTT disconnected, reason: 7
✅ Connected to AWS IoT Core
⚠️ MQTT disconnected, reason: 7
✅ Connected to AWS IoT Core
⚠️ MQTT disconnected, reason: 7
✅ Connected to AWS IoT Core
⚠️ MQTT disconnected, reason: 7
✅ Connected to AWS IoT Core
⚠️ MQTT disconnected, reason: 7
✅ Connected to AWS IoT Core
⚠️ MQTT disconnected, reason: 7
✅ Connected to AWS IoT Core
⚠️ MQTT disconnected, reason: 7
⚠️ MQTT disconnected, reason: 7
✅ Connected to AWS IoT Core
✅ Connected to AWS IoT Core
⚠️ MQTT disconnected, reason: 7
✅ Connected to AWS IoT Core
⚠️ MQTT disconnected, reason: 7
✅ Connected to AWS IoT Core
⚠️ MQTT disconnected, reason: 7
✅ Connected to AWS IoT Core
⚠️ MQTT disconnected, reason: 7
✅ Connected to AWS IoT Core
⚠️ MQTT disconnected, reason: 7
✅ Connected to AWS IoT Core
⚠️ MQTT disconnected, reason: 7
✅ Connected to AWS IoT Core
⚠️ MQTT disconnected, reason: 7
✅ Connected to AWS IoT Core
⚠️ MQTT disconnected, reason: 7
✅ Connected to AWS IoT Core
⚠️ MQTT disconnected, reason: 7
✅ Connected to AWS IoT Core
⚠️ MQTT disconnected, reason: 7
⚠️ Not connected to MQTT, retrying...
✅ Connected to AWS IoT Core
⚠️ MQTT disconnected, reason: 7
✅ Connected to AWS IoT Core
⚠️ MQTT disconnected, reason: 7
✅ Connected to AWS IoT Core
⚠️ MQTT disconnected, reason: 7
✅ Connected to AWS IoT Core
⚠️ MQTT disconnected, reason: 7
⚠️ MQTT disconnected, reason: 7
✅ Connected to AWS IoT Core
✅ Connected to AWS IoT Core
⚠️ MQTT disconnected, reason: 7
⚠️ Not connected to MQTT, retrying...
✅ Connected to AWS IoT Core
⚠️ MQTT disconnected, reason: 7
⚠️ MQTT disconnected, reason: 7
✅ Connected to AWS IoT Core
✅ Connected to AWS IoT Core
⚠️ MQTT disconnected, reason: 7
✅ Connected to AWS IoT Core
⚠️ MQTT disconnected, reason: 7
⚠️ MQTT disconnected, reason: 7
✅ Connected to AWS IoT Core
✅ Connected to AWS IoT Core
✅ Uploaded | id=9095 BP=5052.0 FP=4954.0 CR=4974.0 BC=5027.0 timestamp="2026-02-13 06:57:53"
📤 AWS IoT Sent {'id': 9095, 'bp': 5052.0, 'fp': 4954.0, 'cr': 4974.0, 'bc': 5027.0, 'timestamp': '2026-02-13 06:57:53'}
⚠️ MQTT disconnected, reason: 7
⚠️ Not connected to MQTT, retrying...
✅ Connected to AWS IoT Core
⚠️ MQTT disconnected, reason: 7
✅ Connected to AWS IoT Core
⚠️ MQTT disconnected, reason: 7
✅ Connected to AWS IoT Core
⚠️ MQTT disconnected, reason: 7
✅ Connected to AWS IoT Core
⚠️ MQTT disconnected, reason: 7
✅ Connected to AWS IoT Core
✅ Connected to AWS IoT Core
⚠️ MQTT disconnected, reason: 7
⚠️ Not connected to MQTT, retrying...
❌ MQTT connect failed: timed out
✅ Connected to AWS IoT Core
✅ Connected to AWS IoT Core
⚠️ MQTT disconnected, reason: 7
⚠️ Not connected to MQTT, retrying...
✅ Connected to AWS IoT Core
⚠️ MQTT disconnected, reason: 7
✅ Connected to AWS IoT Core
⚠️ MQTT disconnected, reason: 7
✅ Connected to AWS IoT Core
⚠️ MQTT disconnected, reason: 7
⚠️ Not connected to MQTT, retrying...
✅ Connected to AWS IoT Core
⚠️ MQTT disconnected, reason: 7
✅ Connected to AWS IoT Core
⚠️ MQTT disconnected, reason: 7
✅ Connected to AWS IoT Core
⚠️ MQTT disconnected, reason: 7
✅ Connected to AWS IoT Core
⚠️ MQTT disconnected, reason: 7
✅ Connected to AWS IoT Core
✅ Connected to AWS IoT Core
⚠️ MQTT disconnected, reason: 7
⚠️ Not connected to MQTT, retrying...
✅ Connected to AWS IoT Core
⚠️ MQTT disconnected, reason: 7
✅ Connected to AWS IoT Core
⚠️ MQTT disconnected, reason: 7
⚠️ MQTT disconnected, reason: 7
✅ Connected to AWS IoT Core
⚠️ MQTT disconnected, reason: 7
✅ Connected to AWS IoT Core
⚠️ MQTT disconnected, reason: 7
✅ Connected to AWS IoT Core
⚠️ MQTT disconnected, reason: 7
⚠️ MQTT disconnected, reason: 7
✅ Connected to AWS IoT Core
✅ Connected to AWS IoT Core
⚠️ MQTT disconnected, reason: 7
⚠️ Not connected to MQTT, retrying...
✅ Connected to AWS IoT Core
⚠️ MQTT disconnected, reason: 7
✅ Connected to AWS IoT Core
⚠️ MQTT disconnected, reason: 7
⚠️ MQTT disconnected, reason: 7
✅ Connected to AWS IoT Core
⚠️ MQTT disconnected, reason: 7
✅ Connected to AWS IoT Core
⚠️ MQTT disconnected, reason: 7
✅ Connected to AWS IoT Core
⚠️ MQTT disconnected, reason: 7
✅ Connected to AWS IoT Core
⚠️ MQTT disconnected, reason: 7
✅ Connected to AWS IoT Core
⚠️ MQTT disconnected, reason: 7
✅ Connected to AWS IoT Core
⚠️ MQTT disconnected, reason: 7
✅ Connected to AWS IoT Core
⚠️ MQTT disconnected, reason: 7
✅ Connected to AWS IoT Core
⚠️ MQTT disconnected, reason: 7
✅ Connected to AWS IoT Core
⚠️ MQTT disconnected, reason: 7
⚠️ MQTT disconnected, reason: 7
✅ Connected to AWS IoT Core
⚠️ MQTT disconnected, reason: 7
⚠️ MQTT disconnected, reason: 7
✅ Connected to AWS IoT Core
✅ Connected to AWS IoT Core
⚠️ MQTT disconnected, reason: 7
⚠️ MQTT disconnected, reason: 7
✅ Connected to AWS IoT Core
✅ Connected to AWS IoT Core
⚠️ MQTT disconnected, reason: 7
✅ Connected to AWS IoT Core
✅ Connected to AWS IoT Core
⚠️ MQTT disconnected, reason: 7
⚠️ Not connected to MQTT, retrying...
✅ Connected to AWS IoT Core
⚠️ MQTT disconnected, reason: 7
✅ Connected to AWS IoT Core
⚠️ MQTT disconnected, reason: 7
✅ Connected to AWS IoT Core
⚠️ MQTT disconnected, reason: 7
✅ Connected to AWS IoT Core
⚠️ MQTT disconnected, reason: 7
✅ Connected to AWS IoT Core
⚠️ MQTT disconnected, reason: 7
✅ Connected to AWS IoT Core
⚠️ MQTT disconnected, reason: 7
✅ Connected to AWS IoT Core
⚠️ MQTT disconnected, reason: 7
✅ Connected to AWS IoT Core
⚠️ MQTT disconnected, reason: 7
✅ Connected to AWS IoT Core
⚠️ MQTT disconnected, reason: 7
✅ Connected to AWS IoT Core
⚠️ MQTT disconnected, reason: 7
✅ Connected to AWS IoT Core
⚠️ MQTT disconnected, reason: 7
⚠️ MQTT disconnected, reason: 7
✅ Connected to AWS IoT Core
✅ Connected to AWS IoT Core
⚠️ MQTT disconnected, reason: 7
✅ Connected to AWS IoT Core
⚠️ MQTT disconnected, reason: 7
✅ Connected to AWS IoT Core
⚠️ MQTT disconnected, reason: 7
✅ Connected to AWS IoT Core
⚠️ MQTT disconnected, reason: 7
✅ Connected to AWS IoT Core
✅ Connected to AWS IoT Core
⚠️ MQTT disconnected, reason: 7
⚠️ Not connected to MQTT, retrying...
✅ Connected to AWS IoT Core
⚠️ MQTT disconnected, reason: 7
✅ Connected to AWS IoT Core
⚠️ MQTT disconnected, reason: 7
✅ Connected to AWS IoT Core
⚠️ MQTT disconnected, reason: 7
⚠️ MQTT disconnected, reason: 7
✅ Connected to AWS IoT Core
✅ Connected to AWS IoT Core
⚠️ MQTT disconnected, reason: 7
✅ Connected to AWS IoT Core
⚠️ MQTT disconnected, reason: 7
✅ Connected to AWS IoT Core
⚠️ MQTT disconnected, reason: 7
✅ Connected to AWS IoT Core
⚠️ MQTT disconnected, reason: 7
✅ Connected to AWS IoT Core
✅ Connected to AWS IoT Core
⚠️ MQTT disconnected, reason: 7
⚠️ Not connected to MQTT, retrying...
⚠️ MQTT disconnected, reason: 7
✅ Connected to AWS IoT Core
✅ Connected to AWS IoT Core
⚠️ MQTT disconnected, reason: 7
✅ Connected to AWS IoT Core
⚠️ MQTT disconnected, reason: 7
✅ Connected to AWS IoT Core
⚠️ MQTT disconnected, reason: 7
✅ Connected to AWS IoT Core
⚠️ MQTT disconnected, reason: 7
✅ Connected to AWS IoT Core
⚠️ MQTT disconnected, reason: 7
⚠️ MQTT disconnected, reason: 7
✅ Connected to AWS IoT Core
⚠️ MQTT disconnected, reason: 7
✅ Connected to AWS IoT Core
⚠️ MQTT disconnected, reason: 7
⚠️ Not connected to MQTT, retrying...
✅ Connected to AWS IoT Core
⚠️ MQTT disconnected, reason: 7
✅ Connected to AWS IoT Core
✅ Connected to AWS IoT Core
⚠️ MQTT disconnected, reason: 7
⚠️ Not connected to MQTT, retrying...
✅ Connected to AWS IoT Core
⚠️ MQTT disconnected, reason: 7
✅ Connected to AWS IoT Core
⚠️ MQTT disconnected, reason: 7
✅ Connected to AWS IoT Core
⚠️ MQTT disconnected, reason: 7
✅ Connected to AWS IoT Core
⚠️ MQTT disconnected, reason: 7
✅ Connected to AWS IoT Core
⚠️ MQTT disconnected, reason: 7
✅ Connected to AWS IoT Core
⚠️ MQTT disconnected, reason: 7
✅ Connected to AWS IoT Core
⚠️ MQTT disconnected, reason: 7
✅ Connected to AWS IoT Core
⚠️ MQTT disconnected, reason: 7
✅ Connected to AWS IoT Core
⚠️ MQTT disconnected, reason: 7
✅ Connected to AWS IoT Core
⚠️ MQTT disconnected, reason: 7
✅ Connected to AWS IoT Core
✅ Connected to AWS IoT Core
⚠️ MQTT disconnected, reason: 7
⚠️ MQTT disconnected, reason: 7
⚠️ MQTT disconnected, reason: 7
✅ Connected to AWS IoT Core
⚠️ MQTT disconnected, reason: 7
✅ Connected to AWS IoT Core
⚠️ MQTT disconnected, reason: 7
⚠️ Not connected to MQTT, retrying...
✅ Connected to AWS IoT Core
⚠️ MQTT disconnected, reason: 7
✅ Connected to AWS IoT Core
⚠️ MQTT disconnected, reason: 7
✅ Connected to AWS IoT Core
⚠️ MQTT disconnected, reason: 7
✅ Connected to AWS IoT Core
⚠️ MQTT disconnected, reason: 7
✅ Connected to AWS IoT Core
⚠️ MQTT disconnected, reason: 7
✅ Connected to AWS IoT Core
⚠️ MQTT disconnected, reason: 7
✅ Connected to AWS IoT Core
⚠️ MQTT disconnected, reason: 7
✅ Connected to AWS IoT Core
⚠️ MQTT disconnected, reason: 7
✅ Connected to AWS IoT Core
⚠️ MQTT disconnected, reason: 7
⚠️ MQTT disconnected, reason: 7
⚠️ MQTT disconnected, reason: 7
✅ Connected to AWS IoT Core
⚠️ MQTT disconnected, reason: 7
✅ Connected to AWS IoT Core
⚠️ MQTT disconnected, reason: 7
✅ Connected to AWS IoT Core
⚠️ MQTT disconnected, reason: 7
✅ Connected to AWS IoT Core
⚠️ MQTT disconnected, reason: 7
✅ Connected to AWS IoT Core
⚠️ MQTT disconnected, reason: 7
✅ Connected to AWS IoT Core
⚠️ MQTT disconnected, reason: 7
✅ Connected to AWS IoT Core
⚠️ MQTT disconnected, reason: 7
✅ Connected to AWS IoT Core
⚠️ MQTT disconnected, reason: 7
✅ Connected to AWS IoT Core
⚠️ MQTT disconnected, reason: 7
✅ Connected to AWS IoT Core
⚠️ MQTT disconnected, reason: 7
✅ Connected to AWS IoT Core
⚠️ MQTT disconnected, reason: 7
✅ Connected to AWS IoT Core
⚠️ MQTT disconnected, reason: 7
✅ Connected to AWS IoT Core
⚠️ MQTT disconnected, reason: 7
✅ Connected to AWS IoT Core
⚠️ MQTT disconnected, reason: 7
✅ Connected to AWS IoT Core
⚠️ MQTT disconnected, reason: 7
✅ Connected to AWS IoT Core
⚠️ MQTT disconnected, reason: 7
⚠️ MQTT disconnected, reason: 7
✅ Connected to AWS IoT Core
✅ Connected to AWS IoT Core
⚠️ MQTT disconnected, reason: 7
⚠️ Not connected to MQTT, retrying...
✅ Connected to AWS IoT Core
⚠️ MQTT disconnected, reason: 7
✅ Connected to AWS IoT Core
⚠️ MQTT disconnected, reason: 7
✅ Connected to AWS IoT Core
⚠️ MQTT disconnected, reason: 7
✅ Connected to AWS IoT Core
⚠️ MQTT disconnected, reason: 7
✅ Connected to AWS IoT Core
⚠️ MQTT disconnected, reason: 7
✅ Connected to AWS IoT Core
⚠️ MQTT disconnected, reason: 7
✅ Connected to AWS IoT Core
⚠️ MQTT disconnected, reason: 7
✅ Connected to AWS IoT Core
⚠️ MQTT disconnected, reason: 7
✅ Connected to AWS IoT Core
⚠️ MQTT disconnected, reason: 7
✅ Connected to AWS IoT Core
⚠️ MQTT disconnected, reason: 7
✅ Connected to AWS IoT Core
⚠️ MQTT disconnected, reason: 7
✅ Connected to AWS IoT Core
⚠️ MQTT disconnected, reason: 7
✅ Connected to AWS IoT Core
⚠️ MQTT disconnected, reason: 7
✅ Connected to AWS IoT Core
⚠️ MQTT disconnected, reason: 7
⚠️ MQTT disconnected, reason: 7
✅ Connected to AWS IoT Core
✅ Connected to AWS IoT Core
⚠️ MQTT disconnected, reason: 7
✅ Connected to AWS IoT Core
⚠️ MQTT disconnected, reason: 7
✅ Connected to AWS IoT Core
⚠️ MQTT disconnected, reason: 7
✅ Connected to AWS IoT Core
⚠️ MQTT disconnected, reason: 7
✅ Connected to AWS IoT Core
⚠️ MQTT disconnected, reason: 7
✅ Connected to AWS IoT Core
⚠️ MQTT disconnected, reason: 7
⚠️ Not connected to MQTT, retrying...
✅ Connected to AWS IoT Core
⚠️ MQTT disconnected, reason: 7
✅ Connected to AWS IoT Core
⚠️ MQTT disconnected, reason: 7
✅ Connected to AWS IoT Core
⚠️ MQTT disconnected, reason: 7
✅ Connected to AWS IoT Core
⚠️ MQTT disconnected, reason: 7
✅ Connected to AWS IoT Core
⚠️ MQTT disconnected, reason: 7
✅ Connected to AWS IoT Core
⚠️ MQTT disconnected, reason: 7
✅ Connected to AWS IoT Core
⚠️ MQTT disconnected, reason: 7
✅ Connected to AWS IoT Core
⚠️ MQTT disconnected, reason: 7
✅ Connected to AWS IoT Core
⚠️ MQTT disconnected, reason: 7
✅ Connected to AWS IoT Core
⚠️ MQTT disconnected, reason: 7
✅ Connected to AWS IoT Core
⚠️ MQTT disconnected, reason: 7
✅ Connected to AWS IoT Core
⚠️ MQTT disconnected, reason: 7
✅ Connected to AWS IoT Core
⚠️ MQTT disconnected, reason: 7
✅ Connected to AWS IoT Core
⚠️ MQTT disconnected, reason: 7
✅ Connected to AWS IoT Core
⚠️ MQTT disconnected, reason: 7
✅ Connected to AWS IoT Core
⚠️ MQTT disconnected, reason: 7
✅ Connected to AWS IoT Core
⚠️ MQTT disconnected, reason: 7
✅ Connected to AWS IoT Core
✅ Connected to AWS IoT Core
⚠️ MQTT disconnected, reason: 7
⚠️ Not connected to MQTT, retrying...
✅ Connected to AWS IoT Core
⚠️ MQTT disconnected, reason: 7
✅ Connected to AWS IoT Core
⚠️ MQTT disconnected, reason: 7
✅ Connected to AWS IoT Core
⚠️ MQTT disconnected, reason: 7
✅ Connected to AWS IoT Core
⚠️ MQTT disconnected, reason: 7
✅ Connected to AWS IoT Core
⚠️ MQTT disconnected, reason: 7
✅ Connected to AWS IoT Core
⚠️ MQTT disconnected, reason: 7
✅ Connected to AWS IoT Core
⚠️ MQTT disconnected, reason: 7
✅ Connected to AWS IoT Core
⚠️ MQTT disconnected, reason: 7
✅ Connected to AWS IoT Core
⚠️ MQTT disconnected, reason: 7
✅ Connected to AWS IoT Core
⚠️ MQTT disconnected, reason: 7
✅ Connected to AWS IoT Core
⚠️ MQTT disconnected, reason: 7
✅ Connected to AWS IoT Core
⚠️ MQTT disconnected, reason: 7
⚠️ MQTT disconnected, reason: 7
✅ Connected to AWS IoT Core
✅ Connected to AWS IoT Core
⚠️ MQTT disconnected, reason: 7
✅ Connected to AWS IoT Core
⚠️ MQTT disconnected, reason: 7
✅ Connected to AWS IoT Core
⚠️ MQTT disconnected, reason: 7
✅ Connected to AWS IoT Core
⚠️ MQTT disconnected, reason: 7
⚠️ Not connected to MQTT, retrying...
✅ Connected to AWS IoT Core
⚠️ MQTT disconnected, reason: 7
✅ Connected to AWS IoT Core
⚠️ MQTT disconnected, reason: 7
✅ Connected to AWS IoT Core
⚠️ MQTT disconnected, reason: 7
✅ Connected to AWS IoT Core
⚠️ MQTT disconnected, reason: 7
✅ Connected to AWS IoT Core
⚠️ MQTT disconnected, reason: 7
✅ Connected to AWS IoT Core
⚠️ MQTT disconnected, reason: 7
✅ Connected to AWS IoT Core
⚠️ MQTT disconnected, reason: 7
✅ Connected to AWS IoT Core
⚠️ MQTT disconnected, reason: 7
✅ Connected to AWS IoT Core
⚠️ MQTT disconnected, reason: 7
✅ Connected to AWS IoT Core
⚠️ MQTT disconnected, reason: 7
✅ Connected to AWS IoT Core
⚠️ MQTT disconnected, reason: 7
✅ Connected to AWS IoT Core
⚠️ MQTT disconnected, reason: 7
✅ Connected to AWS IoT Core
⚠️ MQTT disconnected, reason: 7
✅ Connected to AWS IoT Core
⚠️ MQTT disconnected, reason: 7
✅ Connected to AWS IoT Core
⚠️ MQTT disconnected, reason: 7
✅ Connected to AWS IoT Core
⚠️ MQTT disconnected, reason: 7
✅ Connected to AWS IoT Core
⚠️ MQTT disconnected, reason: 7
✅ Connected to AWS IoT Core
✅ Connected to AWS IoT Core
⚠️ MQTT disconnected, reason: 7
✅ Connected to AWS IoT Core
⚠️ MQTT disconnected, reason: 7
✅ Connected to AWS IoT Core
⚠️ MQTT disconnected, reason: 7
✅ Connected to AWS IoT Core
⚠️ MQTT disconnected, reason: 7
✅ Connected to AWS IoT Core
✅ Connected to AWS IoT Core
⚠️ MQTT disconnected, reason: 7
✅ Connected to AWS IoT Core
⚠️ MQTT disconnected, reason: 7
✅ Connected to AWS IoT Core
⚠️ MQTT disconnected, reason: 7
✅ Connected to AWS IoT Core
⚠️ MQTT disconnected, reason: 7
✅ Connected to AWS IoT Core
⚠️ MQTT disconnected, reason: 7
✅ Connected to AWS IoT Core
⚠️ MQTT disconnected, reason: 7
✅ Connected to AWS IoT Core
⚠️ MQTT disconnected, reason: 7
✅ Connected to AWS IoT Core
⚠️ MQTT disconnected, reason: 7
✅ Connected to AWS IoT Core
⚠️ MQTT disconnected, reason: 7
✅ Connected to AWS IoT Core
⚠️ MQTT disconnected, reason: 7
✅ Connected to AWS IoT Core
⚠️ MQTT disconnected, reason: 7
✅ Connected to AWS IoT Core
⚠️ MQTT disconnected, reason: 7
✅ Connected to AWS IoT Core
✅ Connected to AWS IoT Core
⚠️ MQTT disconnected, reason: 7
⚠️ Not connected to MQTT, retrying...
✅ Connected to AWS IoT Core
⚠️ MQTT disconnected, reason: 7
✅ Connected to AWS IoT Core
⚠️ MQTT disconnected, reason: 7
✅ Connected to AWS IoT Core
⚠️ MQTT disconnected, reason: 7
✅ Connected to AWS IoT Core
⚠️ MQTT disconnected, reason: 7
✅ Connected to AWS IoT Core
⚠️ MQTT disconnected, reason: 7
✅ Connected to AWS IoT Core
⚠️ MQTT disconnected, reason: 7
✅ Connected to AWS IoT Core
⚠️ MQTT disconnected, reason: 7
⚠️ MQTT disconnected, reason: 7
✅ Connected to AWS IoT Core
✅ Connected to AWS IoT Core
⚠️ MQTT disconnected, reason: 7
✅ Connected to AWS IoT Core
⚠️ MQTT disconnected, reason: 7
✅ Connected to AWS IoT Core
⚠️ MQTT disconnected, reason: 7
✅ Connected to AWS IoT Core
⚠️ MQTT disconnected, reason: 7
✅ Connected to AWS IoT Core
⚠️ MQTT disconnected, reason: 7
✅ Connected to AWS IoT Core
⚠️ MQTT disconnected, reason: 7
✅ Connected to AWS IoT Core
⚠️ MQTT disconnected, reason: 7
✅ Connected to AWS IoT Core
⚠️ MQTT disconnected, reason: 7
✅ Connected to AWS IoT Core
⚠️ MQTT disconnected, reason: 7
✅ Connected to AWS IoT Core
⚠️ MQTT disconnected, reason: 7
✅ Connected to AWS IoT Core
⚠️ MQTT disconnected, reason: 7
✅ Connected to AWS IoT Core
⚠️ MQTT disconnected, reason: 7
✅ Connected to AWS IoT Core
⚠️ MQTT disconnected, reason: 7
⚠️ Not connected to MQTT, retrying...
✅ Connected to AWS IoT Core
⚠️ MQTT disconnected, reason: 7
✅ Connected to AWS IoT Core
⚠️ MQTT disconnected, reason: 7
✅ Connected to AWS IoT Core
⚠️ MQTT disconnected, reason: 7
✅ Connected to AWS IoT Core
⚠️ MQTT disconnected, reason: 7
✅ Connected to AWS IoT Core
⚠️ MQTT disconnected, reason: 7
✅ Connected to AWS IoT Core
⚠️ MQTT disconnected, reason: 7
✅ Connected to AWS IoT Core
⚠️ MQTT disconnected, reason: 7
✅ Connected to AWS IoT Core
⚠️ MQTT disconnected, reason: 7
✅ Connected to AWS IoT Core
⚠️ MQTT disconnected, reason: 7
✅ Connected to AWS IoT Core
⚠️ MQTT disconnected, reason: 7
✅ Connected to AWS IoT Core
⚠️ MQTT disconnected, reason: 7
✅ Connected to AWS IoT Core
⚠️ MQTT disconnected, reason: 7
✅ Connected to AWS IoT Core
⚠️ MQTT disconnected, reason: 7
✅ Connected to AWS IoT Core
⚠️ MQTT disconnected, reason: 7
✅ Connected to AWS IoT Core
⚠️ MQTT disconnected, reason: 7
✅ Connected to AWS IoT Core
⚠️ MQTT disconnected, reason: 7
✅ Connected to AWS IoT Core
✅ Connected to AWS IoT Core
⚠️ MQTT disconnected, reason: 7
⚠️ Not connected to MQTT, retrying...
✅ Connected to AWS IoT Core
⚠️ MQTT disconnected, reason: 7
✅ Connected to AWS IoT Core
⚠️ MQTT disconnected, reason: 7
✅ Connected to AWS IoT Core
⚠️ MQTT disconnected, reason: 7
✅ Connected to AWS IoT Core
⚠️ MQTT disconnected, reason: 7
✅ Connected to AWS IoT Core
⚠️ MQTT disconnected, reason: 7
✅ Connected to AWS IoT Core
⚠️ MQTT disconnected, reason: 7
✅ Connected to AWS IoT Core
⚠️ MQTT disconnected, reason: 7
✅ Connected to AWS IoT Core
⚠️ MQTT disconnected, reason: 7
✅ Connected to AWS IoT Core
⚠️ MQTT disconnected, reason: 7
✅ Connected to AWS IoT Core
⚠️ MQTT disconnected, reason: 7
✅ Connected to AWS IoT Core
⚠️ MQTT disconnected, reason: 7
✅ Connected to AWS IoT Core
⚠️ MQTT disconnected, reason: 7
✅ Connected to AWS IoT Core
⚠️ MQTT disconnected, reason: 7
✅ Connected to AWS IoT Core
⚠️ MQTT disconnected, reason: 7
✅ Connected to AWS IoT Core
⚠️ MQTT disconnected, reason: 7
✅ Connected to AWS IoT Core
⚠️ MQTT disconnected, reason: 7
✅ Connected to AWS IoT Core
⚠️ MQTT disconnected, reason: 7
✅ Connected to AWS IoT Core
⚠️ MQTT disconnected, reason: 7
✅ Connected to AWS IoT Core
⚠️ MQTT disconnected, reason: 7
⚠️ MQTT disconnected, reason: 7
✅ Connected to AWS IoT Core
⚠️ MQTT disconnected, reason: 7
✅ Connected to AWS IoT Core
⚠️ MQTT disconnected, reason: 7
⚠️ MQTT disconnected, reason: 7
✅ Connected to AWS IoT Core
✅ Connected to AWS IoT Core
⚠️ MQTT disconnected, reason: 7
✅ Connected to AWS IoT Core
⚠️ MQTT disconnected, reason: 7
✅ Connected to AWS IoT Core
⚠️ MQTT disconnected, reason: 7
⚠️ MQTT disconnected, reason: 7
✅ Connected to AWS IoT Core
⚠️ MQTT disconnected, reason: 7
✅ Connected to AWS IoT Core
⚠️ MQTT disconnected, reason: 7
✅ Connected to AWS IoT Core
⚠️ MQTT disconnected, reason: 7
✅ Connected to AWS IoT Core
⚠️ MQTT disconnected, reason: 7
✅ Connected to AWS IoT Core
⚠️ MQTT disconnected, reason: 7
✅ Connected to AWS IoT Core
⚠️ MQTT disconnected, reason: 7
✅ Connected to AWS IoT Core
⚠️ MQTT disconnected, reason: 7
✅ Connected to AWS IoT Core
⚠️ MQTT disconnected, reason: 7
✅ Connected to AWS IoT Core
⚠️ MQTT disconnected, reason: 7
✅ Connected to AWS IoT Core
⚠️ MQTT disconnected, reason: 7
✅ Connected to AWS IoT Core
⚠️ MQTT disconnected, reason: 7
✅ Connected to AWS IoT Core
⚠️ MQTT disconnected, reason: 7
⚠️ MQTT disconnected, reason: 7
✅ Connected to AWS IoT Core
⚠️ MQTT disconnected, reason: 7
✅ Connected to AWS IoT Core
⚠️ MQTT disconnected, reason: 7
✅ Connected to AWS IoT Core
⚠️ MQTT disconnected, reason: 7
✅ Connected to AWS IoT Core
⚠️ MQTT disconnected, reason: 7
✅ Connected to AWS IoT Core
✅ Connected to AWS IoT Core
⚠️ MQTT disconnected, reason: 7
⚠️ Not connected to MQTT, retrying...
✅ Connected to AWS IoT Core
⚠️ MQTT disconnected, reason: 7
✅ Connected to AWS IoT Core
⚠️ MQTT disconnected, reason: 7
✅ Connected to AWS IoT Core
⚠️ MQTT disconnected, reason: 7
⚠️ MQTT disconnected, reason: 7
✅ Connected to AWS IoT Core
✅ Connected to AWS IoT Core
⚠️ MQTT disconnected, reason: 7
⚠️ Not connected to MQTT, retrying...
✅ Connected to AWS IoT Core
⚠️ MQTT disconnected, reason: 7
✅ Connected to AWS IoT Core
⚠️ MQTT disconnected, reason: 7
✅ Connected to AWS IoT Core
⚠️ MQTT disconnected, reason: 7
✅ Connected to AWS IoT Core
⚠️ MQTT disconnected, reason: 7
⚠️ MQTT disconnected, reason: 7
✅ Connected to AWS IoT Core
⚠️ MQTT disconnected, reason: 7
✅ Connected to AWS IoT Core
⚠️ MQTT disconnected, reason: 7
✅ Connected to AWS IoT Core
⚠️ MQTT disconnected, reason: 7
✅ Connected to AWS IoT Core
⚠️ MQTT disconnected, reason: 7
✅ Connected to AWS IoT Core
⚠️ MQTT disconnected, reason: 7
✅ Connected to AWS IoT Core
⚠️ MQTT disconnected, reason: 7
✅ Connected to AWS IoT Core
⚠️ MQTT disconnected, reason:/home/pi_123/data/src/pressure_project/system_upload.py:78: DeprecationWarning: Callback API version 1 is deprecated, update to latest version
  client = mqtt.Client(client_id=CLIENT_ID, protocol=mqtt.MQTTv311)
=== DEBUG START ===
DB exists: True
CA exists: True
CERT exists: True
KEY exists: True
=== DEBUG END ===
⚠️ Network not ready, waiting 5s...
⚠️ Network not ready, waiting 5s...
⚠️ Network not ready, waiting 5s...
⚠️ Network not ready, waiting 5s...
⚠️ Network not ready, waiting 5s...
⚠️ Network not ready, waiting 5s...
⚠️ Network not ready, waiting 5s...
⚠️ Network not ready, waiting 5s...
✅ Connected to AWS IoT Core
⚠️ MQTT disconnected, reason: 7
✅ Connected to AWS IoT Core
✅ Uploaded | id=9109 BP=13055.0 FP=5.0 CR=12829.0 BC=5027.0 timestamp="2026-02-13 07:54:30"
📤 AWS IoT Sent {'id': 9109, 'bp': 13055.0, 'fp': 5.0, 'cr': 12829.0, 'bc': 5027.0, 'timestamp': '2026-02-13 07:54:30'}
✅ Uploaded | id=9110 BP=10589.0 FP=3.0 CR=10373.0 BC=5025.0 timestamp="2026-02-13 07:54:50"
📤 AWS IoT Sent {'id': 9110, 'bp': 10589.0, 'fp': 3.0, 'cr': 10373.0, 'bc': 5025.0, 'timestamp': '2026-02-13 07:54:50'}
⚠️ MQTT disconnected, reason: 7
⚠️ Not connected to MQTT, retrying...
✅ Connected to AWS IoT Core
⚠️ MQTT disconnected, reason: 7
⚠️ Not connected to MQTT, retrying...
✅ Connected to AWS IoT Core
✅ Uploaded | id=9112 BP=5121.0 FP=-1.0 CR=5039.0 BC=5023.0 timestamp="2026-02-13 07:55:05"
📤 AWS IoT Sent {'id': 9112, 'bp': 5121.0, 'fp': -1.0, 'cr': 5039.0, 'bc': 5023.0, 'timestamp': '2026-02-13 07:55:05'}
⚠️ MQTT disconnected, reason: 7
⚠️ Not connected to MQTT, retrying...
✅ Connected to AWS IoT Core
⚠️ MQTT disconnected, reason: 7
⚠️ Not connected to MQTT, retrying...
✅ Connected to AWS IoT Core
⚠️ MQTT disconnected, reason: 7
⚠️ Not connected to MQTT, retrying...
✅ Connected to AWS IoT Core
✅ Uploaded | id=9114 BP=116.0 FP=4946.0 CR=4964.0 BC=5039.0 timestamp="2026-02-13 07:53:11"
📤 AWS IoT Sent {'id': 9114, 'bp': 116.0, 'fp': 4946.0, 'cr': 4964.0, 'bc': 5039.0, 'timestamp': '2026-02-13 07:53:11'}
⚠️ MQTT disconnected, reason: 7
⚠️ Not connected to MQTT, retrying...
✅ Connected to AWS IoT Core
⚠️ MQTT disconnected, reason: 7
⚠️ Not connected to MQTT, retrying...
✅ Connected to AWS IoT Core
⚠️ MQTT disconnected, reason: 7
⚠️ Not connected to MQTT, retrying...
⚠️ MQTT disconnected, reason: 7
✅ Connected to AWS IoT Core
⚠️ MQTT disconnected, reason: 7
⚠️ Not connected to MQTT, retrying...
✅ Connected to AWS IoT Core
⚠️ MQTT disconnected, reason: 7
⚠️ Not connected to MQTT, retrying...
✅ Connected to AWS IoT Core
⚠️ MQTT disconnected, reason: 7
✅ Connected to AWS IoT Core
⚠️ MQTT disconnected, reason: 7
⚠️ Not connected to MQTT, retrying...
✅ Connected to AWS IoT Core
⚠️ MQTT disconnected, reason: 7
⚠️ Not connected to MQTT, retrying...
✅ Connected to AWS IoT Core
⚠️ MQTT disconnected, reason: 7
⚠️ Not connected to MQTT, retrying...
✅ Connected to AWS IoT Core
⚠️ MQTT disconnected, reason: 7
⚠️ Not connected to MQTT, retrying...
✅ Connected to AWS IoT Core
⚠️ MQTT disconnected, reason: 7
⚠️ Not connected to MQTT, retrying...
✅ Connected to AWS IoT Core
⚠️ MQTT disconnected, reason: 7
⚠️ Not connected to MQTT, retrying...
✅ Connected to AWS IoT Core
⚠️ MQTT disconnected, reason: 7
⚠️ Not connected to MQTT, retrying...
✅ Connected to AWS IoT Core
⚠️ MQTT disconnected, reason: 7
⚠️ Not connected to MQTT, retrying...
✅ Connected to AWS IoT Core
⚠️ MQTT disconnected, reason: 7
✅ Connected to AWS IoT Core
⚠️ MQTT disconnected, reason: 7
✅ Connected to AWS IoT Core
⚠️ MQTT disconnected, reason: 7
⚠️ Not connected to MQTT, retrying...
✅ Connected to AWS IoT Core
⚠️ MQTT disconnected, reason: 7
✅ Connected to AWS IoT Core
⚠️ MQTT disconnected, reason: 7
✅ Connected to AWS IoT Core
⚠️ MQTT disconnected, reason: 7
⚠️ Not connected to MQTT, retrying...
✅ Connected to AWS IoT Core
⚠️ MQTT disconnected, reason: 7
⚠️ Not connected to MQTT, retrying...
✅ Connected to AWS IoT Core
⚠️ MQTT disconnected, reason: 7
⚠️ Not connected to MQTT, retrying...
✅ Connected to AWS IoT Core
⚠️ MQTT disconnected, reason: 7
⚠️ Not connected to MQTT, retrying...
✅ Connected to AWS IoT Core
⚠️ MQTT disconnected, reason: 7
⚠️ Not connected to MQTT, retrying...
✅ Connected to AWS IoT Core
⚠️ MQTT disconnected, reason: 7
✅ Connected to AWS IoT Core
⚠️ MQTT disconnected, reason: 7
✅ Connected to AWS IoT Core
⚠️ MQTT disconnected, reason: 7
✅ Connected to AWS IoT Core
⚠️ MQTT disconnected, reason: 7
⚠️ Not connected to MQTT, retrying...
✅ Connected to AWS IoT Core
⚠️ MQTT disconnected, reason: 7
⚠️ Not connected to MQTT, retrying...
✅ Connected to AWS IoT Core
⚠️ MQTT disconnected, reason: 7
✅ Connected to AWS IoT Core
⚠️ MQTT disconnected, reason: 7
⚠️ Not connected to MQTT, retrying...
✅ Connected to AWS IoT Core
⚠️ MQTT disconnected, reason: 7
⚠️ Not connected to MQTT, retrying...
✅ Connected to AWS IoT Core
⚠️ MQTT disconnected, reason: 7
⚠️ Not connected to MQTT, retrying...
✅ Connected to AWS IoT Core
⚠️ MQTT disconnected, reason: 7
⚠️ Not connected to MQTT, retrying...
✅ Connected to AWS IoT Core
⚠️ MQTT disconnected, reason: 7
✅ Connected to AWS IoT Core
⚠️ MQTT disconnected, reason: 7
⚠️ MQTT disconnected, reason: 7
✅ Connected to AWS IoT Core
⚠️ MQTT disconnected, reason: 7
✅ Connected to AWS IoT Core
⚠️ MQTT disconnected, reason: 7
✅ Connected to AWS IoT Core
⚠️ MQTT disconnected, reason: 7
✅ Connected to AWS IoT Core
⚠️ MQTT disconnected, reason: 7
⚠️ Not connected to MQTT, retrying...
✅ Connected to AWS IoT Core
⚠️ MQTT disconnected, reason: 7
⚠️ Not connected to MQTT, retrying...
✅ Connected to AWS IoT Core
⚠️ MQTT disconnected, reason: 7
✅ Connected to AWS IoT Core
⚠️ MQTT disconnected, reason: 7
✅ Connected to AWS IoT Core
⚠️ MQTT disconnected, reason: 7
⚠️ Not connected to MQTT, retrying...
✅ Connected to AWS IoT Core
⚠️ MQTT disconnected, reason: 7
⚠️ Not connected to MQTT, retrying...
✅ Connected to AWS IoT Core
⚠️ MQTT disconnected, reason: 7
✅ Connected to AWS IoT Core
⚠️ MQTT disconnected, reason: 7
⚠️ Not connected to MQTT, retrying...
✅ Connected to AWS IoT Core
⚠️ MQTT disconnected, reason: 7
✅ Connected to AWS IoT Core
⚠️ MQTT disconnected, reason: 7
⚠️ Not connected to MQTT, retrying...
✅ Connected to AWS IoT Core
⚠️ MQTT disconnected, reason: 7
⚠️ Not connected to MQTT, retrying...
✅ Connected to AWS IoT Core
⚠️ MQTT disconnected, reason: 7
⚠️ Not connected to MQTT, retrying...
✅ Connected to AWS IoT Core
⚠️ MQTT disconnected, reason: 7
⚠️ MQTT disconnected, reason: 7
✅ Connected to AWS IoT Core
⚠️ MQTT disconnected, reason: 7
⚠️ Not connected to MQTT, retrying...
✅ Connected to AWS IoT Core
⚠️ MQTT disconnected, reason: 7
⚠️ Not connected to MQTT, retrying...
✅ Connected to AWS IoT Core
⚠️ MQTT disconnected, reason: 7
✅ Connected to AWS IoT Core
⚠️ MQTT disconnected, reason: 7
✅ Connected to AWS IoT Core
⚠️ MQTT disconnected, reason: 7
⚠️ Not connected to MQTT, retrying...
✅ Connected to AWS IoT Core
⚠️ MQTT disconnected, reason: 7
⚠️ Not connected to MQTT, retrying...
✅ Connected to AWS IoT Core
⚠️ MQTT disconnected, reason: 7
✅ Connected to AWS IoT Core
✅ Uploaded | id=9117 BP=15403.0 FP=15082.0 CR=15122.0 BC=5047.0 timestamp="2026-02-14 04:51:30"
📤 AWS IoT Sent {'id': 9117, 'bp': 15403.0, 'fp': 15082.0, 'cr': 15122.0, 'bc': 5047.0, 'timestamp': '2026-02-14 04:51:30'}
⚠️ MQTT disconnected, reason: 7
⚠️ Not connected to MQTT, retrying...
✅ Connected to AWS IoT Core
⚠️ MQTT disconnected, reason: 7
⚠️ Not connected to MQTT, retrying...
✅ Connected to AWS IoT Core
⚠️ MQTT disconnected, reason: 7
✅ Connected to AWS IoT Core
⚠️ MQTT disconnected, reason: 7
⚠️ Not connected to MQTT, retrying...
✅ Connected to AWS IoT Core
⚠️ MQTT disconnected, reason: 7
✅ Connected to AWS IoT Core
⚠️ MQTT disconnected, reason: 7
⚠️ Not connected to MQTT, retrying...
✅ Connected to AWS IoT Core
⚠️ MQTT disconnected, reason: 7
⚠️ Not connected to MQTT, retrying...
✅ Connected to AWS IoT Core
⚠️ MQTT disconnected, reason: 7
⚠️ Not connected to MQTT, retrying...
✅ Connected to AWS IoT Core
⚠️ MQTT disconnected, reason: 7
⚠️ Not connected to MQTT, retrying...
✅ Connected to AWS IoT Core
⚠️ MQTT disconnected, reason: 7
⚠️ MQTT disconnected, reason: 7
✅ Connected to AWS IoT Core
✅ Connected to AWS IoT Core
⚠️ MQTT disconnected, reason: 7
⚠️ Not connected to MQTT, retrying...
✅ Connected to AWS IoT Core
⚠️ MQTT disconnected, reason: 7
⚠️ Not connected to MQTT, retrying...
✅ Connected to AWS IoT Core
⚠️ MQTT disconnected, reason: 7
⚠️ Not connected to MQTT, retrying...
✅ Connected to AWS IoT Core
⚠️ MQTT disconnected, reason: 7
⚠️ Not connected to MQTT, retrying...
✅ Connected to AWS IoT Core
⚠️ MQTT disconnected, reason: 7
✅ Connected to AWS IoT Core
⚠️ MQTT disconnected, reason: 7
⚠️ Not connected to MQTT, retrying...
✅ Connected to AWS IoT Core
⚠️ MQTT disconnected, reason: 7
⚠️ Not connected to MQTT, retrying...
✅ Connected to AWS IoT Core
⚠️ MQTT disconnected, reason: 7
⚠️ Not connected to MQTT, retrying...
✅ Connected to AWS IoT Core
⚠️ MQTT disconnected, reason: 7
⚠️ Not connected to MQTT, retrying...
✅ Connected to AWS IoT Core
⚠️ MQTT disconnected, reason: 7
⚠️ Not connected to MQTT, retrying...
✅ Connected to AWS IoT Core
⚠️ MQTT disconnected, reason: 7
⚠️ Not connected to MQTT, retrying...
✅ Connected to AWS IoT Core
⚠️ MQTT disconnected, reason: 7
⚠️ Not connected to MQTT, retrying...
✅ Connected to AWS IoT Core
⚠️ MQTT disconnected, reason: 7
⚠️ Not connected to MQTT, retrying...
✅ Connected to AWS IoT Core
⚠️ MQTT disconnected, reason: 7
⚠️ Not connected to MQTT, retrying...
✅ Connected to AWS IoT Core
⚠️ MQTT disconnected, reason: 7
⚠️ Not connected to MQTT, retrying...
✅ Connected to AWS IoT Core
⚠️ MQTT disconnected, reason: 7
⚠️ Not connected to MQTT, retrying...
✅ Connected to AWS IoT Core
⚠️ MQTT disconnected, reason: 7
⚠️ Not connected to MQTT, retrying...
✅ Connected to AWS IoT Core
⚠️ MQTT disconnected, reason: 7
⚠️ Not connected to MQTT, retrying...
✅ Connected to AWS IoT Core
⚠️ MQTT disconnected, reason: 7
⚠️ MQTT disconnected, reason: 7
✅ Connected to AWS IoT Core
⚠️ MQTT disconnected, reason: 7
✅ Connected to AWS IoT Core
⚠️ MQTT disconnected, reason: 7
✅ Connected to AWS IoT Core
⚠️ MQTT disconnected, reason: 7
⚠️ Not connected to MQTT, retrying...
✅ Connected to AWS IoT Core
⚠️ MQTT disconnected, reason: 7
⚠️ Not connected to MQTT, retrying...
✅ Connected to AWS IoT Core
⚠️ MQTT disconnected, reason: 7
⚠️ Not connected to MQTT, retrying...
✅ Connected to AWS IoT Core
⚠️ MQTT disconnected, reason: 7
⚠️ Not connected to MQTT, retrying...
✅ Connected to AWS IoT Core
⚠️ MQTT disconnected, reason: 7
⚠️ Not connected to MQTT, retrying...
✅ Connected to AWS IoT Core
⚠️ MQTT disconnected, reason: 7
⚠️ Not connected to MQTT, retrying...
✅ Connected to AWS IoT Core
⚠️ MQTT disconnected, reason: 7
✅ Connected to AWS IoT Core
⚠️ MQTT disconnected, reason: 7
⚠️ Not connected to MQTT, retrying...
✅ Connected to AWS IoT Core
⚠️ MQTT disconnected, reason: 7
⚠️ Not connected to MQTT, retrying...
✅ Connected to AWS IoT Core
⚠️ MQTT disconnected, reason: 7
⚠️ Not connected to MQTT, retrying...
✅ Connected to AWS IoT Core
⚠️ MQTT disconnected, reason: 7
✅ Connected to AWS IoT Core
⚠️ MQTT disconnected, reason: 7
✅ Connected to AWS IoT Core
⚠️ MQTT disconnected, reason: 7
⚠️ Not connected to MQTT, retrying...
✅ Connected to AWS IoT Core
⚠️ MQTT disconnected, reason: 7
⚠️ Not connected to MQTT, retrying...
✅ Connected to AWS IoT Core
⚠️ MQTT disconnected, reason: 7
✅ Connected to AWS IoT Core
⚠️ MQTT disconnected, reason: 7
✅ Connected to AWS IoT Core
✅ Connected to AWS IoT Core
⚠️ MQTT disconnected, reason: 7
⚠️ Not connected to MQTT, retrying...
✅ Connected to AWS IoT Core
✅ Connected to AWS IoT Core
⚠️ MQTT disconnected, reason: 7
⚠️ Not connected to MQTT, retrying...
✅ Connected to AWS IoT Core
⚠️ MQTT disconnected, reason: 7
⚠️ Not connected to MQTT, retrying...
✅ Connected to AWS IoT Core
⚠️ MQTT disconnected, reason: 7
✅ Connected to AWS IoT Core
⚠️ MQTT disconnected, reason: 7
✅ Connected to AWS IoT Core
✅ Connected to AWS IoT Core
⚠️ MQTT disconnected, reason: 7
⚠️ Not connected to MQTT, retrying...
✅ Connected to AWS IoT Core
✅ Connected to AWS IoT Core
⚠️ MQTT disconnected, reason: 7
⚠️ Not connected to MQTT, retrying...
✅ Connected to AWS IoT Core
⚠️ MQTT disconnected, reason: 7
✅ Connected to AWS IoT Core
⚠️ MQTT disconnected, reason: 7
✅ Connected to AWS IoT Core
⚠️ MQTT disconnected, reason: 7
✅ Connected to AWS IoT Core
⚠️ MQTT disconnected, reason: 7
✅ Connected to AWS IoT Core
⚠️ MQTT disconnected, reason: 7
✅ Connected to AWS IoT Core
⚠️ MQTT disconnected, reason: 7
✅ Connected to AWS IoT Core
⚠️ MQTT disconnected, reason: 7
✅ Connected to AWS IoT Core
⚠️ MQTT disconnected, reason: 7
✅ Connected to AWS IoT Core
✅ Uploaded | id=9123 BP=14976.0 FP=14694.0 CR=7872.0 BC=30719.0 timestamp="2026-02-14 04:56:28"
📤 AWS IoT Sent {'id': 9123, 'bp': 14976.0, 'fp': 14694.0, 'cr': 7872.0, 'bc': 30719.0, 'timestamp': '2026-02-14 04:56:28'}
⚠️ MQTT disconnected, reason: 7
⚠️ Not connected to MQTT, retrying...
✅ Connected to AWS IoT Core
⚠️ MQTT disconnected, reason: 7
⚠️ Not connected to MQTT, retrying...
✅ Connected to AWS IoT Core
⚠️ MQTT disconnected, reason: 7
⚠️ Not connected to MQTT, retrying...
✅ Connected to AWS IoT Core
✅ Connected to AWS IoT Core
⚠️ MQTT disconnected, reason: 7
⚠️ Not connected to MQTT, retrying...
✅ Connected to AWS IoT Core
⚠️ MQTT disconnected, reason: 7
✅ Connected to AWS IoT Core
⚠️ MQTT disconnected, reason: 7
✅ Connected to AWS IoT Core
✅ Connected to AWS IoT Core
⚠️ MQTT disconnected, reason: 7
⚠️ Not connected to MQTT, retrying...
✅ Connected to AWS IoT Core
✅ Connected to AWS IoT Core
⚠️ MQTT disconnected, reason: 7
⚠️ Not connected to MQTT, retrying...
✅ Connected to AWS IoT Core
⚠️ MQTT disconnected, reason: 7
✅ Connected to AWS IoT Core
✅ Connected to AWS IoT Core
⚠️ MQTT disconnected, reason: 7
⚠️ Not connected to MQTT, retrying...
✅ Connected to AWS IoT Core
⚠️ MQTT disconnected, reason: 7
✅ Connected to AWS IoT Core
⚠️ MQTT disconnected, reason: 7
✅ Connected to AWS IoT Core
⚠️ MQTT disconnected, reason: 7
✅ Connected to AWS IoT Core
⚠️ MQTT disconnected, reason: 7
⚠️ MQTT disconnected, reason: 7
✅ Connected to AWS IoT Core
✅ Connected to AWS IoT Core
⚠️ MQTT disconnected, reason: 7
⚠️ Not connected to MQTT, retrying...
✅ Connected to AWS IoT Core
✅ Connected to AWS IoT Core
⚠️ MQTT disconnected, reason: 7
⚠️ Not connected to MQTT, retrying...
✅ Connected to AWS IoT Core
⚠️ MQTT disconnected, reason: 7
✅ Connected to AWS IoT Core
✅ Connected to AWS IoT Core
⚠️ MQTT disconnected, reason: 7
⚠️ Not connected to MQTT, retrying...
✅ Connected to AWS IoT Core
⚠️ MQTT disconnected, reason: 7
✅ Connected to AWS IoT Core
⚠️ MQTT disconnected, reason: 7
✅ Connected to AWS IoT Core
✅ Connected to AWS IoT Core
⚠️ MQTT disconnected, reason: 7
⚠️ Not connected to MQTT, retrying...
✅ Connected to AWS IoT Core
✅ Connected to AWS IoT Core
⚠️ MQTT disconnected, reason: 7
⚠️ Not connected to MQTT, retrying...
✅ Connected to AWS IoT Core
⚠️ MQTT disconnected, reason: 7
✅ Connected to AWS IoT Core
⚠️ MQTT disconnected, reason: 7
✅ Connected to AWS IoT Core
⚠️ MQTT disconnected, reason: 7
✅ Connected to AWS IoT Core
✅ Connected to AWS IoT Core
⚠️ MQTT disconnected, reason: 7
⚠️ Not connected to MQTT, retrying...
✅ Connected to AWS IoT Core
✅ Connected to AWS IoT Core
⚠️ MQTT disconnected, reason: 7
⚠️ Not connected to MQTT, retrying...
✅ Connected to AWS IoT Core
⚠️ MQTT disconnected, reason: 7
✅ Connected to AWS IoT Core
✅ Connected to AWS IoT Core
⚠️ MQTT disconnected, reason: 7
⚠️ Not connected to MQTT, retrying...
✅ Connected to AWS IoT Core
⚠️ MQTT disconnected, reason: 7
✅ Connected to AWS IoT Core
⚠️ MQTT disconnected, reason: 7
✅ Connected to AWS IoT Core
⚠️ MQTT disconnected, reason: 7
✅ Connected to AWS IoT Core
⚠️ MQTT disconnected, reason: 7
✅ Connected to AWS IoT Core
⚠️ MQTT disconnected, reason: 7
✅ Connected to AWS IoT Core
✅ Connected to AWS IoT Core
⚠️ MQTT disconnected, reason: 7
⚠️ Not connected to MQTT, retrying...
✅ Connected to AWS IoT Core
⚠️ MQTT disconnected, reason: 7
✅ Connected to AWS IoT Core
✅ Connected to AWS IoT Core
⚠️ MQTT disconnected, reason: 7
⚠️ Not connected to MQTT, retrying...
✅ Connected to AWS IoT Core
⚠️ MQTT disconnected, reason: 7
✅ Connected to AWS IoT Core
⚠️ MQTT disconnected, reason: 7
✅ Connected to AWS IoT Core
⚠️ MQTT disconnected, reason: 7
✅ Connected to AWS IoT Core
⚠️ MQTT disconnected, reason: 7
⚠️ Not connected to MQTT, retrying...
✅ Connected to AWS IoT Core
⚠️ MQTT disconnected, reason: 7
✅ Connected to AWS IoT Core
⚠️ MQTT disconnected, reason: 7
✅ Connected to AWS IoT Core
⚠️ MQTT disconnected, reason: 7
✅ Connected to AWS IoT Core
⚠️ MQTT disconnected, reason: 7
✅ Connected to AWS IoT Core
⚠️ MQTT disconnected, reason: 7
✅ Connected to AWS IoT Core
⚠️ MQTT disconnected, reason: 7
✅ Connected to AWS IoT Core
⚠️ MQTT disconnected, reason: 7
✅ Connected to AWS IoT Core
✅ Connected to AWS IoT Core
⚠️ MQTT disconnected, reason: 7
✅ Connected to AWS IoT Core
✅ Connected to AWS IoT Core
⚠️ MQTT disconnected, reason: 7
⚠️ Not connected to MQTT, retrying...
✅ Connected to AWS IoT Core
⚠️ MQTT disconnected, reason: 7
✅ Connected to AWS IoT Core
⚠️ MQTT disconnected, reason: 7
✅ Connected to AWS IoT Core
⚠️ MQTT disconnected, reason: 7
✅ Connected to AWS IoT Core
✅ Uploaded | id=9128 BP=7932.0 FP=7791.0 CR=7811.0 BC=30639.0 timestamp="2026-02-14 05:04:11"
📤 AWS IoT Sent {'id': 9128, 'bp': 7932.0, 'fp': 7791.0, 'cr': 7811.0, 'bc': 30639.0, 'timestamp': '2026-02-14 05:04:11'}
⚠️ MQTT disconnected, reason: 7
⚠️ Not connected to MQTT, retrying...
✅ Connected to AWS IoT Core
⚠️ MQTT disconnected, reason: 7
✅ Connected to AWS IoT Core
✅ Connected to AWS IoT Core
⚠️ MQTT disconnected, reason: 7
✅ Connected to AWS IoT Core
⚠️ MQTT disconnected, reason: 7
✅ Connected to AWS IoT Core
⚠️ MQTT disconnected, reason: 7
✅ Connected to AWS IoT Core
⚠️ MQTT disconnected, reason: 7
✅ Connected to AWS IoT Core
⚠️ MQTT disconnected, reason: 7
⚠️ Not connected to MQTT, retrying...
✅ Connected to AWS IoT Core
⚠️ MQTT disconnected, reason: 7
✅ Connected to AWS IoT Core
⚠️ MQTT disconnected, reason: 7
✅ Connected to AWS IoT Core
⚠️ MQTT disconnected, reason: 7
⚠️ Not connected to MQTT, retrying...
✅ Connected to AWS IoT Core
⚠️ MQTT disconnected, reason: 7
✅ Connected to AWS IoT Core
⚠️ MQTT disconnected, reason: 7
⚠️ Not connected to MQTT, retrying...
✅ Connected to AWS IoT Core
⚠️ MQTT disconnected, reason: 7
✅ Connected to AWS IoT Core
⚠️ MQTT disconnected, reason: 7
✅ Connected to AWS IoT Core
⚠️ MQTT disconnected, reason: 7
✅ Connected to AWS IoT Core
✅ Connected to AWS IoT Core
⚠️ MQTT disconnected, reason: 7
⚠️ Not connected to MQTT, retrying...
⚠️ MQTT disconnected, reason: 7
✅ Connected to AWS IoT Core
⚠️ MQTT disconnected, reason: 7
✅ Connected to AWS IoT Core
⚠️ MQTT disconnected, reason: 7
✅ Connected to AWS IoT Core
⚠️ MQTT disconnected, reason: 7
✅ Connected to AWS IoT Core
⚠️ MQTT disconnected, reason: 7
⚠️ Not connected to MQTT, retrying...
✅ Connected to AWS IoT Core
⚠️ MQTT disconnected, reason: 7
✅ Connected to AWS IoT Core
⚠️ MQTT disconnected, reason: 7
✅ Connected to AWS IoT Core
⚠️ MQTT disconnected, reason: 7
✅ Connected to AWS IoT Core
⚠️ MQTT disconnected, reason: 7
⚠️ Not connected to MQTT, retrying...
✅ Connected to AWS IoT Core
⚠️ MQTT disconnected, reason: 7
✅ Connected to AWS IoT Core
⚠️ MQTT disconnected, reason: 7
✅ Connected to AWS IoT Core
⚠️ MQTT disconnected, reason: 7
✅ Connected to AWS IoT Core
✅ Connected to AWS IoT Core
⚠️ MQTT disconnected, reason: 7
⚠️ Not connected to MQTT, retrying...
✅ Connected to AWS IoT Core
⚠️ MQTT disconnected, reason: 7
✅ Connected to AWS IoT Core
⚠️ MQTT disconnected, reason: 7
⚠️ Not connected to MQTT, retrying...
✅ Connected to AWS IoT Core
⚠️ MQTT disconnected, reason: 7
✅ Connected to AWS IoT Core
✅ Connected to AWS IoT Core
⚠️ MQTT disconnected, reason: 7
⚠️ Not connected to MQTT, retrying...
✅ Connected to AWS IoT Core
✅ Connected to AWS IoT Core
⚠️ MQTT disconnected, reason: 7
⚠️ Not connected to MQTT, retrying...
✅ Connected to AWS IoT Core
✅ Connected to AWS IoT Core
⚠️ MQTT disconnected, reason: 7
⚠️ Not connected to MQTT, retrying...
✅ Connected to AWS IoT Core
✅ Connected to AWS IoT Core
⚠️ MQTT disconnected, reason: 7
⚠️ Not connected to MQTT, retrying...
✅ Connected to AWS IoT Core
⚠️ MQTT disconnected, reason: 7
✅ Connected to AWS IoT Core
⚠️ MQTT disconnected, reason: 7
✅ Connected to AWS IoT Core
⚠️ MQTT disconnected, reason: 7
✅ Connected to AWS IoT Core
⚠️ MQTT disconnected, reason: 7
✅ Connected to AWS IoT Core
⚠️ MQTT disconnected, reason: 7
✅ Connected to AWS IoT Core
⚠️ MQTT disconnected, reason: 7
✅ Connected to AWS IoT Core
⚠️ MQTT disconnected, reason: 7
✅ Connected to AWS IoT Core
⚠️ MQTT disconnected, reason: 7
✅ Connected to AWS IoT Core
✅ Connected to AWS IoT Core
⚠️ MQTT disconnected, reason: 7
⚠️ Not connected to MQTT, retrying...
✅ Connected to AWS IoT Core
⚠️ MQTT disconnected, reason: 7
✅ Connected to AWS IoT Core
⚠️ MQTT disconnected, reason: 7
✅ Connected to AWS IoT Core
⚠️ MQTT disconnected, reason: 7
⚠️ Not connected to MQTT, retrying...
✅ Connected to AWS IoT Core
✅ Connected to AWS IoT Core
⚠️ MQTT disconnected, reason: 7
⚠️ Not connected to MQTT, retrying...
✅ Connected to AWS IoT Core
⚠️ MQTT disconnected, reason: 7
✅ Connected to AWS IoT Core
⚠️ MQTT disconnected, reason: 7
✅ Connected to AWS IoT Core
⚠️ MQTT disconnected, reason: 7
✅ Connected to AWS IoT Core
⚠️ MQTT disconnected, reason: 7
✅ Connected to AWS IoT Core
⚠️ MQTT disconnected, reason: 7
✅ Connected to AWS IoT Core
⚠️ MQTT disconnected, reason: 7
⚠️ Not connected to MQTT, retrying...
✅ Connected to AWS IoT Core
✅ Connected to AWS IoT Core
⚠️ MQTT disconnected, reason: 7
⚠️ Not connected to MQTT, retrying...
✅ Connected to AWS IoT Core
⚠️ MQTT disconnected, reason: 7
✅ Connected to AWS IoT Core
⚠️ MQTT disconnected, reason: 7
✅ Connected to AWS IoT Core
✅ Connected to AWS IoT Core
⚠️ MQTT disconnected, reason: 7
⚠️ Not connected to MQTT, retrying...
✅ Connected to AWS IoT Core
⚠️ MQTT disconnected, reason: 7
✅ Connected to AWS IoT Core
⚠️ MQTT disconnected, reason: 7
✅ Connected to AWS IoT Core
⚠️ MQTT disconnected, reason: 7
✅ Connected to AWS IoT Core
⚠️ MQTT disconnected, reason: 7
⚠️ Not connected to MQTT, retrying...
✅ Connected to AWS IoT Core
✅ Connected to AWS IoT Core
⚠️ MQTT disconnected, reason: 7
⚠️ Not connected to MQTT, retrying...
✅ Connected to AWS IoT Core
✅ Connected to AWS IoT Core
⚠️ MQTT disconnected, reason: 7
⚠️ Not connected to MQTT, retrying...
✅ Connected to AWS IoT Core
✅ Connected to AWS IoT Core
⚠️ MQTT disconnected, reason: 7
⚠️ Not connected to MQTT, retrying.../home/pi_123/data/src/pressure_project/system_upload.py:78: DeprecationWarning: Callback API version 1 is deprecated, update to latest version
  client = mqtt.Client(client_id=CLIENT_ID, protocol=mqtt.MQTTv311)
=== DEBUG START ===
DB exists: True
CA exists: True
CERT exists: True
KEY exists: True
=== DEBUG END ===
⚠️ Network not ready, waiting 5s...
✅ Connected to AWS IoT Core
⚠️ MQTT disconnected, reason: 7
✅ Connected to AWS IoT Core
⚠️ MQTT disconnected, reason: 7
⚠️ Not connected to MQTT, retrying...
✅ Connected to AWS IoT Core
⚠️ MQTT disconnected, reason: 7
✅ Connected to AWS IoT Core
⚠️ MQTT disconnected, reason: 7
⚠️ Not connected to MQTT, retrying...
✅ Connected to AWS IoT Core
⚠️ MQTT disconnected, reason: 7
✅ Connected to AWS IoT Core
⚠️ MQTT disconnected, reason: 7
✅ Connected to AWS IoT Core
⚠️ MQTT disconnected, reason: 7
✅ Connected to AWS IoT Core
⚠️ MQTT disconnected, reason: 7
✅ Connected to AWS IoT Core
⚠️ MQTT disconnected, reason: 7
✅ Connected to AWS IoT Core
✅ Uploaded | id=9133 BP=0.0 FP=0.0 CR=0.0 BC=0.0 timestamp="2026-02-14 05:18:28"
📤 AWS IoT Sent {'id': 9133, 'bp': 0.0, 'fp': 0.0, 'cr': 0.0, 'bc': 0.0, 'timestamp': '2026-02-14 05:18:28'}
⚠️ MQTT disconnected, reason: 7
⚠️ Not connected to MQTT, retrying...
✅ Connected to AWS IoT Core
✅ Connected to AWS IoT Core
⚠️ MQTT disconnected, reason: 7
⚠️ Not connected to MQTT, retrying...
✅ Connected to AWS IoT Core
⚠️ MQTT disconnected, reason: 7
✅ Connected to AWS IoT Core
⚠️ MQTT disconnected, reason: 7
✅ Connected to AWS IoT Core
✅ Connected to AWS IoT Core
⚠️ MQTT disconnected, reason: 7
⚠️ Not connected to MQTT, retrying...
✅ Connected to AWS IoT Core
✅ Connected to AWS IoT Core
⚠️ MQTT disconnected, reason: 7
⚠️ Not connected to MQTT, retrying...
✅ Connected to AWS IoT Core
✅ Connected to AWS IoT Core
⚠️ MQTT disconnected, reason: 7
⚠️ Not connected to MQTT, retrying...
✅ Connected to AWS IoT Core
⚠️ MQTT disconnected, reason: 7
✅ Connected to AWS IoT Core
⚠️ MQTT disconnected, reason: 7
✅ Connected to AWS IoT Core
⚠️ MQTT disconnected, reason: 7
✅ Connected to AWS IoT Core
⚠️ MQTT disconnected, reason: 7
✅ Connected to AWS IoT Core
⚠️ MQTT disconnected, reason: 7
⚠️ Not connected to MQTT, retrying...
✅ Connected to AWS IoT Core
✅ Connected to AWS IoT Core
⚠️ MQTT disconnected, reason: 7
⚠️ Not connected to MQTT, retrying...
✅ Connected to AWS IoT Core
✅ Connected to AWS IoT Core
⚠️ MQTT disconnected, reason: 7
⚠️ Not connected to MQTT, retrying...
✅ Connected to AWS IoT Core
⚠️ MQTT disconnected, reason: 7
✅ Connected to AWS IoT Core
⚠️ MQTT disconnected, reason: 7
✅ Connected to AWS IoT Core
⚠️ MQTT disconnected, reason: 7
✅ Connected to AWS IoT Core
⚠️ MQTT disconnected, reason: 7
✅ Connected to AWS IoT Core
⚠️ MQTT disconnected, reason: 7
✅ Connected to AWS IoT Core
⚠️ MQTT disconnected, reason: 7
✅ Connected to AWS IoT Core
⚠️ MQTT disconnected, reason: 7
✅ Connected to AWS IoT Core
⚠️ MQTT disconnected, reason: 7
✅ Connected to AWS IoT Core
⚠️ MQTT disconnected, reason: 7
✅ Connected to AWS IoT Core
⚠️ MQTT disconnected, reason: 7
⚠️ Not connected to MQTT, retrying...
✅ Connected to AWS IoT Core
✅ Connected to AWS IoT Core
⚠️ MQTT disconnected, reason: 7
⚠️ Not connected to MQTT, retrying...
✅ Connected to AWS IoT Core
✅ Connected to AWS IoT Core
⚠️ MQTT disconnected, reason: 7
⚠️ Not connected to MQTT, retrying...
✅ Connected to AWS IoT Core
✅ Connected to AWS IoT Core
⚠️ MQTT disconnected, reason: 7
⚠️ Not connected to MQTT, retrying...
✅ Connected to AWS IoT Core
⚠️ MQTT disconnected, reason: 7
✅ Connected to AWS IoT Core
⚠️ MQTT disconnected, reason: 7
⚠️ Not connected to MQTT, retrying...
✅ Connected to AWS IoT Core
⚠️ MQTT disconnected, reason: 7
⚠️ Not connected to MQTT, retrying...
✅ Connected to AWS IoT Core
⚠️ MQTT disconnected, reason: 7
⚠️ Not connected to MQTT, retrying...
✅ Connected to AWS IoT Core
⚠️ MQTT disconnected, reason: 7
✅ Connected to AWS IoT Core
⚠️ MQTT disconnected, reason: 7
✅ Connected to AWS IoT Core
⚠️ MQTT disconnected, reason: 7
⚠️ MQTT disconnected, reason: 7
✅ Connected to AWS IoT Core
✅ Connected to AWS IoT Core
⚠️ MQTT disconnected, reason: 7
✅ Connected to AWS IoT Core
⚠️ MQTT disconnected, reason: 7
✅ Connected to AWS IoT Core
✅ Connected to AWS IoT Core
⚠️ MQTT disconnected, reason: 7
⚠️ Not connected to MQTT, retrying...
✅ Connected to AWS IoT Core
⚠️ MQTT disconnected, reason: 7
✅ Connected to AWS IoT Core
⚠️ MQTT disconnected, reason: 7
✅ Connected to AWS IoT Core
✅ Connected to AWS IoT Core
⚠️ MQTT disconnected, reason: 7
⚠️ Not connected to MQTT, retrying...
✅ Connected to AWS IoT Core
⚠️ MQTT disconnected, reason: 7
⚠️ Not connected to MQTT, retrying...
✅ Connected to AWS IoT Core
⚠️ MQTT disconnected, reason: 7
✅ Connected to AWS IoT Core
✅ Connected to AWS IoT Core
⚠️ MQTT disconnected, reason: 7
⚠️ Not connected to MQTT, retrying...
✅ Connected to AWS IoT Core
⚠️ MQTT disconnected, reason: 7
✅ Connected to AWS IoT Core
⚠️ MQTT disconnected, reason: 7
✅ Connected to AWS IoT Core
⚠️ MQTT disconnected, reason: 7
✅ Connected to AWS IoT Core
⚠️ MQTT disconnected, reason: 7
✅ Connected to AWS IoT Core
⚠️ MQTT disconnected, reason: 7
✅ Connected to AWS IoT Core
⚠️ MQTT disconnected, reason: 7
✅ Connected to AWS IoT Core
⚠️ MQTT disconnected, reason: 7
⚠️ Not connected to MQTT, retrying...
✅ Connected to AWS IoT Core
⚠️ MQTT disconnected, reason: 7
✅ Connected to AWS IoT Core
⚠️ MQTT disconnected, reason: 7
⚠️ Not connected to MQTT, retrying...
✅ Connected to AWS IoT Core
⚠️ MQTT disconnected, reason: 7
✅ Connected to AWS IoT Core
⚠️ MQTT disconnected, reason: 7
✅ Connected to AWS IoT Core
✅ Connected to AWS IoT Core
⚠️ MQTT disconnected, reason: 7
⚠️ Not connected to MQTT, retrying...
✅ Connected to AWS IoT Core
⚠️ MQTT disconnected, reason: 7
✅ Connected to AWS IoT Core
⚠️ MQTT disconnected, reason: 7
✅ Connected to AWS IoT Core
⚠️ MQTT disconnected, reason: 7
✅ Connected to AWS IoT Core
⚠️ MQTT disconnected, reason: 7
✅ Connected to AWS IoT Core
⚠️ MQTT disconnected, reason: 7
✅ Connected to AWS IoT Core
✅ Connected to AWS IoT Core
⚠️ MQTT disconnected, reason: 7
⚠️ Not connected to MQTT, retrying...
✅ Connected to AWS IoT Core
⚠️ MQTT disconnected, reason: 7
✅ Connected to AWS IoT Core
⚠️ MQTT disconnected, reason: 7
✅ Connected to AWS IoT Core
✅ Connected to AWS IoT Core
⚠️ MQTT disconnected, reason: 7
⚠️ Not connected to MQTT, retrying...
✅ Connected to AWS IoT Core
⚠️ MQTT disconnected, reason: 7
✅ Connected to AWS IoT Core
⚠️ MQTT disconnected, reason: 7
✅ Connected to AWS IoT Core
✅ Connected to AWS IoT Core
⚠️ MQTT disconnected, reason: 7
⚠️ Not connected to MQTT, retrying...
✅ Connected to AWS IoT Core
⚠️ MQTT disconnected, reason: 7
✅ Connected to AWS IoT Core
⚠️ MQTT disconnected, reason: 7
✅ Connected to AWS IoT Core
✅ Connected to AWS IoT Core
⚠️ MQTT disconnected, reason: 7
⚠️ Not connected to MQTT, retrying...
✅ Connected to AWS IoT Core
⚠️ MQTT disconnected, reason: 7
✅ Connected to AWS IoT Core
⚠️ MQTT disconnected, reason: 7
✅ Connected to AWS IoT Core
✅ Connected to AWS IoT Core
⚠️ MQTT disconnected, reason: 7
⚠️ Not connected to MQTT, retrying...
✅ Connected to AWS IoT Core
✅ Connected to AWS IoT Core
⚠️ MQTT disconnected, reason: 7
⚠️ Not connected to MQTT, retrying...
✅ Connected to AWS IoT Core
⚠️ MQTT disconnected, reason: 7
✅ Connected to AWS IoT Core
✅ Connected to AWS IoT Core
⚠️ MQTT disconnected, reason: 7
⚠️ Not connected to MQTT, retrying...
✅ Connected to AWS IoT Core
⚠️ MQTT disconnected, reason: 7
✅ Connected to AWS IoT Core
⚠️ MQTT disconnected, reason: 7
✅ Connected to AWS IoT Core
⚠️ MQTT disconnected, reason: 7
⚠️ Not connected to MQTT, retrying...
✅ Connected to AWS IoT Core
⚠️ MQTT disconnected, reason:/home/pi_123/data/src/pressure_project/system_upload.py:78: DeprecationWarning: Callback API version 1 is deprecated, update to latest version
  client = mqtt.Client(client_id=CLIENT_ID, protocol=mqtt.MQTTv311)
=== DEBUG START ===
DB exists: True
CA exists: True
CERT exists: True
KEY exists: True
=== DEBUG END ===
⚠️ Network not ready, waiting 5s...
✅ Connected to AWS IoT Core
⚠️ MQTT disconnected, reason: 7
✅ Connected to AWS IoT Core
⚠️ MQTT disconnected, reason: 7
⚠️ Not connected to MQTT, retrying...
✅ Connected to AWS IoT Core
⚠️ MQTT disconnected, reason: 7
⚠️ Not connected to MQTT, retrying...
✅ Connected to AWS IoT Core
⚠️ MQTT disconnected, reason: 7
✅ Connected to AWS IoT Core
⚠️ MQTT disconnected, reason: 7
⚠️ Not connected to MQTT, retrying...
✅ Connected to AWS IoT Core
✅ Connected to AWS IoT Core
⚠️ MQTT disconnected, reason: 7
⚠️ Not connected to MQTT, retrying...
✅ Connected to AWS IoT Core
⚠️ MQTT disconnected, reason: 7
✅ Connected to AWS IoT Core
⚠️ MQTT disconnected, reason: 7
⚠️ Not connected to MQTT, retrying...
✅ Connected to AWS IoT Core
⚠️ MQTT disconnected, reason: 7
✅ Connected to AWS IoT Core
⚠️ MQTT disconnected, reason: 7
✅ Connected to AWS IoT Core
✅ Connected to AWS IoT Core
⚠️ MQTT disconnected, reason: 7
⚠️ Not connected to MQTT, retrying...
✅ Connected to AWS IoT Core
✅ Connected to AWS IoT Core
⚠️ MQTT disconnected, reason: 7
⚠️ Not connected to MQTT, retrying...
✅ Connected to AWS IoT Core
⚠️ MQTT disconnected, reason: 7
✅ Connected to AWS IoT Core
✅ Connected to AWS IoT Core
⚠️ MQTT disconnected, reason: 7
⚠️ Not connected to MQTT, retrying...
✅ Connected to AWS IoT Core
⚠️ MQTT disconnected, reason: 7
✅ Connected to AWS IoT Core
⚠️ MQTT disconnected, reason: 7
✅ Connected to AWS IoT Core
⚠️ MQTT disconnected, reason: 7
✅ Connected to AWS IoT Core
⚠️ MQTT disconnected, reason: 7
✅ Connected to AWS IoT Core
✅ Connected to AWS IoT Core
⚠️ MQTT disconnected, reason: 7
⚠️ Not connected to MQTT, retrying...
✅ Connected to AWS IoT Core
✅ Connected to AWS IoT Core
⚠️ MQTT disconnected, reason: 7
⚠️ Not connected to MQTT, retrying...
✅ Connected to AWS IoT Core
⚠️ MQTT disconnected, reason: 7
✅ Connected to AWS IoT Core
✅ Connected to AWS IoT Core
⚠️ MQTT disconnected, reason: 7
⚠️ Not connected to MQTT, retrying...
✅ Connected to AWS IoT Core
⚠️ MQTT disconnected, reason: 7
✅ Connected to AWS IoT Core
⚠️ MQTT disconnected, reason: 7
⚠️ Not connected to MQTT, retrying...
✅ Connected to AWS IoT Core
⚠️ MQTT disconnected, reason: 7
✅ Connected to AWS IoT Core
⚠️ MQTT disconnected, reason: 7
✅ Connected to AWS IoT Core
⚠️ MQTT disconnected, reason: 7
⚠️ Not connected to MQTT, retrying...
✅ Connected to AWS IoT Core
⚠️ MQTT disconnected, reason: 7
✅ Connected to AWS IoT Core
⚠️ MQTT disconnected, reason: 7
⚠️ Not connected to MQTT, retrying...
✅ Connected to AWS IoT Core
⚠️ MQTT disconnected, reason: 7
✅ Connected to AWS IoT Core
⚠️ MQTT disconnected, reason: 7
✅ Connected to AWS IoT Core
⚠️ MQTT disconnected, reason: 7
✅ Connected to AWS IoT Core
⚠️ MQTT disconnected, reason: 7
✅ Connected to AWS IoT Core
✅ Connected to AWS IoT Core
⚠️ MQTT disconnected, reason: 7
⚠️ Not connected to MQTT, retrying...
✅ Connected to AWS IoT Core
⚠️ MQTT disconnected, reason: 7
✅ Connected to AWS IoT Core
⚠️ MQTT disconnected, reason: 7
✅ Connected to AWS IoT Core
⚠️ MQTT disconnected, reason: 7
⚠️ Not connected to MQTT, retrying...
✅ Connected to AWS IoT Core
✅ Connected to AWS IoT Core
⚠️ MQTT disconnected, reason: 7
✅ Connected to AWS IoT Core
⚠️ MQTT disconnected, reason: 7
✅ Connected to AWS IoT Core
⚠️ MQTT disconnected, reason: 7
⚠️ MQTT disconnected, reason: 7
✅ Connected to AWS IoT Core
✅ Connected to AWS IoT Core
⚠️ MQTT disconnected, reason: 7
⚠️ Not connected to MQTT, retrying...
✅ Connected to AWS IoT Core
✅ Connected to AWS IoT Core
⚠️ MQTT disconnected, reason: 7
⚠️ Not connected to MQTT, retrying...
✅ Connected to AWS IoT Core
✅ Connected to AWS IoT Core
⚠️ MQTT disconnected, reason: 7
⚠️ Not connected to MQTT, retrying...
✅ Connected to AWS IoT Core
⚠️ MQTT disconnected, reason: 7
⚠️ MQTT disconnected, reason: 7
✅ Connected to AWS IoT Core
⚠️ MQTT disconnected, reason: 7
✅ Connected to AWS IoT Core
⚠️ MQTT disconnected, reason: 7
✅ Connected to AWS IoT Core
⚠️ MQTT disconnected, reason: 7
⚠️ MQTT disconnected, reason: 7
⚠️ MQTT disconnected, reason: 7
✅ Connected to AWS IoT Core
✅ Connected to AWS IoT Core
✅ Uploaded | id=9137 BP=9606.0 FP=9394.0 CR=9444.0 BC=4980.0 timestamp="2026-02-16 04:54:13"
📤 AWS IoT Sent {'id': 9137, 'bp': 9606.0, 'fp': 9394.0, 'cr': 9444.0, 'bc': 4980.0, 'timestamp': '2026-02-16 04:54:13'}
⚠️ MQTT disconnected, reason: 7
⚠️ Not connected to MQTT, retrying...
✅ Connected to AWS IoT Core
✅ Connected to AWS IoT Core
⚠️ MQTT disconnected, reason: 7
⚠️ Not connected to MQTT, retrying...
✅ Connected to AWS IoT Core
✅ Connected to AWS IoT Core
⚠️ MQTT disconnected, reason: 7
⚠️ Not connected to MQTT, retrying...
✅ Connected to AWS IoT Core
⚠️ MQTT disconnected, reason: 7
✅ Connected to AWS IoT Core
✅ Connected to AWS IoT Core
⚠️ MQTT disconnected, reason: 7
⚠️ Not connected to MQTT, retrying...
✅ Connected to AWS IoT Core
⚠️ MQTT disconnected, reason: 7
✅ Connected to AWS IoT Core
⚠️ MQTT disconnected, reason: 7
✅ Connected to AWS IoT Core
⚠️ MQTT disconnected, reason: 7
✅ Connected to AWS IoT Core
⚠️ MQTT disconnected, reason: 7
⚠️ Not connected to MQTT, retrying...
✅ Connected to AWS IoT Core
✅ Uploaded | id=9139 BP=12104.0 FP=11842.0 CR=11886.0 BC=4969.0 timestamp="2026-02-16 04:55:33"
📤 AWS IoT Sent {'id': 9139, 'bp': 12104.0, 'fp': 11842.0, 'cr': 11886.0, 'bc': 4969.0, 'timestamp': '2026-02-16 04:55:33'}
⚠️ MQTT disconnected, reason: 7
⚠️ Not connected to MQTT, retrying...
✅ Connected to AWS IoT Core
⚠️ MQTT disconnected, reason: 7
✅ Connected to AWS IoT Core
⚠️ MQTT disconnected, reason: 7
✅ Connected to AWS IoT Core
⚠️ MQTT disconnected, reason: 7
✅ Connected to AWS IoT Core
⚠️ MQTT disconnected, reason: 7
✅ Connected to AWS IoT Core
✅ Connected to AWS IoT Core
⚠️ MQTT disconnected, reason: 7
⚠️ Not connected to MQTT, retrying...
✅ Connected to AWS IoT Core
⚠️ MQTT disconnected, reason: 7
✅ Connected to AWS IoT Core
⚠️ MQTT disconnected, reason: 7
⚠️ Not connected to MQTT, retrying...
✅ Connected to AWS IoT Core
✅ Connected to AWS IoT Core
⚠️ MQTT disconnected, reason: 7
⚠️ Not connected to MQTT, retrying...
✅ Connected to AWS IoT Core
✅ Connected to AWS IoT Core
⚠️ MQTT disconnected, reason: 7
⚠️ Not connected to MQTT, retrying...
✅ Connected to AWS IoT Core
⚠️ MQTT disconnected, reason: 7
✅ Connected to AWS IoT Core
⚠️ MQTT disconnected, reason: 7
✅ Connected to AWS IoT Core
⚠️ MQTT disconnected, reason: 7
✅ Connected to AWS IoT Core
✅ Connected to AWS IoT Core
⚠️ MQTT disconnected, reason: 7
✅ Connected to AWS IoT Core
✅ Connected to AWS IoT Core
⚠️ MQTT disconnected, reason: 7
⚠️ Not connected to MQTT, retrying...
✅ Connected to AWS IoT Core
⚠️ MQTT disconnected, reason: 7
✅ Connected to AWS IoT Core
⚠️ MQTT disconnected, reason: 7
✅ Connected to AWS IoT Core
⚠️ MQTT disconnected, reason: 7
✅ Connected to AWS IoT Core
⚠️ MQTT disconnected, reason: 7
⚠️ MQTT disconnected, reason: 7
✅ Connected to AWS IoT Core
⚠️ MQTT disconnected, reason: 7
✅ Connected to AWS IoT Core
✅ Connected to AWS IoT Core
⚠️ MQTT disconnected, reason: 7
⚠️ Not connected to MQTT, retrying...
✅ Connected to AWS IoT Core
✅ Connected to AWS IoT Core
⚠️ MQTT disconnected, reason: 7
⚠️ Not connected to MQTT, retrying...
✅ Connected to AWS IoT Core
✅ Connected to AWS IoT Core
⚠️ MQTT disconnected, reason: 7
⚠️ Not connected to MQTT, retrying...
✅ Connected to AWS IoT Core
✅ Connected to AWS IoT Core
⚠️ MQTT disconnected, reason: 7
⚠️ Not connected to MQTT, retrying...
✅ Connected to AWS IoT Core
⚠️ MQTT disconnected, reason: 7
✅ Connected to AWS IoT Core
⚠️ MQTT disconnected, reason: 7
⚠️ Not connected to MQTT, retrying...
✅ Connected to AWS IoT Core
⚠️ MQTT disconnected, reason: 7
✅ Connected to AWS IoT Core
✅ Connected to AWS IoT Core
⚠️ MQTT disconnected, reason: 7
⚠️ Not connected to MQTT, retrying...
✅ Connected to AWS IoT Core
⚠️ MQTT disconnected, reason: 7
✅ Connected to AWS IoT Core
⚠️ MQTT disconnected, reason: 7
⚠️ Not connected to MQTT, retrying...
⚠️ MQTT disconnected, reason: 7
✅ Connected to AWS IoT Core
⚠️ MQTT disconnected, reason: 7
✅ Connected to AWS IoT Core
⚠️ MQTT disconnected, reason: 7
⚠️ Not connected to MQTT, retrying...
✅ Connected to AWS IoT Core
⚠️ MQTT disconnected, reason: 7
✅ Connected to AWS IoT Core
✅ Connected to AWS IoT Core
⚠️ MQTT disconnected, reason: 7
⚠️ Not connected to MQTT, retrying...
✅ Connected to AWS IoT Core
✅ Connected to AWS IoT Core
⚠️ MQTT disconnected, reason: 7
⚠️ Not connected to MQTT, retrying...
✅ Connected to AWS IoT Core
⚠️ MQTT disconnected, reason: 7
✅ Connected to AWS IoT Core
⚠️ MQTT disconnected, reason: 7
✅ Connected to AWS IoT Core
✅ Connected to AWS IoT Core
⚠️ MQTT disconnected, reason: 7
⚠️ Not connected to MQTT, retrying...
✅ Connected to AWS IoT Core
⚠️ MQTT disconnected, reason: 7
✅ Connected to AWS IoT Core
✅ Connected to AWS IoT Core
⚠️ MQTT disconnected, reason: 7
⚠️ Not connected to MQTT, retrying...
✅ Connected to AWS IoT Core
⚠️ MQTT disconnected, reason: 7
✅ Connected to AWS IoT Core
⚠️ MQTT disconnected, reason: 7
⚠️ Not connected to MQTT, retrying...
✅ Connected to AWS IoT Core
⚠️ MQTT disconnected, reason: 7
✅ Connected to AWS IoT Core
⚠️ MQTT disconnected, reason: 7
✅ Connected to AWS IoT Core
✅ Connected to AWS IoT Core
⚠️ MQTT disconnected, reason: 7
⚠️ Not connected to MQTT, retrying...
✅ Connected to AWS IoT Core
⚠️ MQTT disconnected, reason: 7
⚠️ Not connected to MQTT, retrying...
✅ Connected to AWS IoT Core
✅ Connected to AWS IoT Core
⚠️ MQTT disconnected, reason: 7
⚠️ Not connected to MQTT, retrying...
✅ Connected to AWS IoT Core
⚠️ MQTT disconnected, reason: 7
✅ Connected to AWS IoT Core
⚠️ MQTT disconnected, reason: 7
✅ Connected to AWS IoT Core
⚠️ MQTT disconnected, reason: 7
✅ Connected to AWS IoT Core
⚠️ MQTT disconnected, reason: 7
✅ Connected to AWS IoT Core
⚠️ MQTT disconnected, reason: 7
⚠️ MQTT disconnected, reason: 7
✅ Connected to AWS IoT Core
⚠️ MQTT disconnected, reason: 7
✅ Connected to AWS IoT Core
⚠️ MQTT disconnected, reason: 7
⚠️ MQTT disconnected, reason: 7
✅ Connected to AWS IoT Core
✅ Connected to AWS IoT Core
⚠️ MQTT disconnected, reason: 7
⚠️ Not connected to MQTT, retrying...
✅ Connected to AWS IoT Core
⚠️ MQTT disconnected, reason: 7
✅ Connected to AWS IoT Core
✅ Connected to AWS IoT Core
⚠️ MQTT disconnected, reason: 7
⚠️ Not connected to MQTT, retrying...
✅ Connected to AWS IoT Core
⚠️ MQTT disconnected, reason: 7
⚠️ MQTT disconnected, reason: 7
✅ Connected to AWS IoT Core
⚠️ MQTT disconnected, reason: 7
⚠️ Not connected to MQTT, retrying...
✅ Connected to AWS IoT Core
⚠️ MQTT disconnected, reason: 7
⚠️ Not connected to MQTT, retrying...
✅ Connected to AWS IoT Core
✅ Connected to AWS IoT Core
⚠️ MQTT disconnected, reason: 7
⚠️ Not connected to MQTT, retrying...
✅ Connected to AWS IoT Core
✅ Connected to AWS IoT Core
⚠️ MQTT disconnected, reason: 7
⚠️ Not connected to MQTT, retrying...
✅ Connected to AWS IoT Core
⚠️ MQTT disconnected, reason: 7
✅ Connected to AWS IoT Core
⚠️ MQTT disconnected, reason: 7
✅ Connected to AWS IoT Core
⚠️ MQTT disconnected, reason: 7
✅ Connected to AWS IoT Core
✅ Connected to AWS IoT Core
⚠️ MQTT disconnected, reason: 7
⚠️ Not connected to MQTT, retrying...
✅ Connected to AWS IoT Core
✅ Connected to AWS IoT Core
✅ Uploaded | id=9142 BP=5067.0 FP=4959.0 CR=4985.0 BC=4967.0 timestamp="2026-02-16 05:05:33"
📤 AWS IoT Sent {'id': 9142, 'bp': 5067.0, 'fp': 4959.0, 'cr': 4985.0, 'bc': 4967.0, 'timestamp': '2026-02-16 05:05:33'}
⚠️ MQTT disconnected, reason: 7
⚠️ Not connected to MQTT, retrying...
✅ Connected to AWS IoT Core
✅ Connected to AWS IoT Core
⚠️ MQTT disconnected, reason: 7
⚠️ Not connected to MQTT, retrying...
✅ Connected to AWS IoT Core
✅ Connected to AWS IoT Core
✅ Uploaded | id=9143 BP=10498.0 FP=10233.0 CR=10471.0 BC=4971.0 timestamp="2026-02-16 05:06:08"
📤 AWS IoT Sent {'id': 9143, 'bp': 10498.0, 'fp': 10233.0, 'cr': 10471.0, 'bc': 4971.0, 'timestamp': '2026-02-16 05:06:08'}
✅ Uploaded | id=9144 BP=21314.0 FP=20841.0 CR=20926.0 BC=4977.0 timestamp="2026-02-16 05:06:13"
📤 AWS IoT Sent {'id': 9144, 'bp': 21314.0, 'fp': 20841.0, 'cr': 20926.0, 'bc': 4977.0, 'timestamp': '2026-02-16 05:06:13'}
⚠️ MQTT disconnected, reason: 7
⚠️ Not connected to MQTT, retrying...
✅ Connected to AWS IoT Core
⚠️ MQTT disconnected, reason: 7
✅ Connected to AWS IoT Core
⚠️ MQTT disconnected, reason: 7
✅ Connected to AWS IoT Core
⚠️ MQTT disconnected, reason: 7
✅ Connected to AWS IoT Core
⚠️ MQTT disconnected, reason: 7
✅ Connected to AWS IoT Core
⚠️ MQTT disconnected, reason: 7
✅ Connected to AWS IoT Core
⚠️ MQTT disconnected, reason: 7
✅ Connected to AWS IoT Core
⚠️ MQTT disconnected, reason: 7
✅ Connected to AWS IoT Core
⚠️ MQTT disconnected, reason: 7
✅ Connected to AWS IoT Core
⚠️ MQTT disconnected, reason: 7
✅ Connected to AWS IoT Core
⚠️ MQTT disconnected, reason: 7
✅ Connected to AWS IoT Core
✅ Connected to AWS IoT Core
⚠️ MQTT disconnected, reason: 7
⚠️ Not connected to MQTT, retrying...
✅ Connected to AWS IoT Core
⚠️ MQTT disconnected, reason: 7
⚠️ Not connected to MQTT, retrying...
✅ Connected to AWS IoT Core
⚠️ MQTT disconnected, reason: 7
✅ Connected to AWS IoT Core
⚠️ MQTT disconnected, reason: 7
✅ Connected to AWS IoT Core
⚠️ MQTT disconnected, reason: 7
✅ Connected to AWS IoT Core
⚠️ MQTT disconnected, reason: 7
✅ Connected to AWS IoT Core
⚠️ MQTT disconnected, reason: 7
✅ Connected to AWS IoT Core
✅ Connected to AWS IoT Core
⚠️ MQTT disconnected, reason: 7
⚠️ Not connected to MQTT, retrying...
✅ Connected to AWS IoT Core
⚠️ MQTT disconnected, reason: 7
✅ Connected to AWS IoT Core
⚠️ MQTT disconnected, reason: 7
✅ Connected to AWS IoT Core
✅ Connected to AWS IoT Core
⚠️ MQTT disconnected, reason: 7
⚠️ Not connected to MQTT, retrying...
✅ Connected to AWS IoT Core
⚠️ MQTT disconnected, reason: 7
⚠️ Not connected to MQTT, retrying...
✅ Connected to AWS IoT Core
⚠️ MQTT disconnected, reason: 7
✅ Connected to AWS IoT Core
⚠️ MQTT disconnected, reason: 7
✅ Connected to AWS IoT Core
⚠️ MQTT disconnected, reason: 7
✅ Connected to AWS IoT Core
⚠️ MQTT disconnected, reason: 7
✅ Connected to AWS IoT Core
⚠️ MQTT disconnected, reason: 7
✅ Connected to AWS IoT Core
⚠️ MQTT disconnected, reason: 7
✅ Connected to AWS IoT Core
✅ Connected to AWS IoT Core
⚠️ MQTT disconnected, reason: 7
⚠️ Not connected to MQTT, retrying...
✅ Connected to AWS IoT Core
⚠️ MQTT disconnected, reason: 7
⚠️ Not connected to MQTT, retrying...
✅ Connected to AWS IoT Core
⚠️ MQTT disconnected, reason: 7
⚠️ Not connected to MQTT, retrying...
⚠️ MQTT disconnected, reason: 7
✅ Connected to AWS IoT Core
✅ Connected to AWS IoT Core
⚠️ MQTT disconnected, reason: 7
⚠️ Not connected to MQTT, retrying...
✅ Connected to AWS IoT Core
⚠️ MQTT disconnected, reason: 7
⚠️ Not connected to MQTT, retrying...
✅ Connected to AWS IoT Core
⚠️ MQTT disconnected, reason: 7
✅ Connected to AWS IoT Core
⚠️ MQTT disconnected, reason: 7
✅ Connected to AWS IoT Core
⚠️ MQTT disconnected, reason: 7
⚠️ Not connected to MQTT, retrying...
✅ Connected to AWS IoT Core
⚠️ MQTT disconnected, reason: 7
✅ Connected to AWS IoT Core
⚠️ MQTT disconnected, reason: 7
✅ Connected to AWS IoT Core
✅ Connected to AWS IoT Core
⚠️ MQTT disconnected, reason: 7
⚠️ Not connected to MQTT, retrying...
✅ Connected to AWS IoT Core
⚠️ MQTT disconnected, reason: 7
✅ Connected to AWS IoT Core
⚠️ MQTT disconnected, reason: 7
✅ Connected to AWS IoT Core
⚠️ MQTT disconnected, reason: 7
✅ Connected to AWS IoT Core
⚠️ MQTT disconnected, reason: 7
✅ Connected to AWS IoT Core
⚠️ MQTT disconnected, reason: 7
✅ Connected to AWS IoT Core
⚠️ MQTT disconnected, reason: 7
⚠️ Not connected to MQTT, retrying...
✅ Connected to AWS IoT Core
⚠️ MQTT disconnected, reason: 7
✅ Connected to AWS IoT Core
⚠️ MQTT disconnected, reason: 7
⚠️ Not connected to MQTT, retrying...
✅ Connected to AWS IoT Core
⚠️ MQTT disconnected, reason: 7
✅ Connected to AWS IoT Core
⚠️ MQTT disconnected, reason: 7
✅ Connected to AWS IoT Core
✅ Connected to AWS IoT Core
⚠️ MQTT disconnected, reason: 7
⚠️ Not connected to MQTT, retrying...
✅ Connected to AWS IoT Core
⚠️ MQTT disconnected, reason: 7
✅ Connected to AWS IoT Core
⚠️ MQTT disconnected, reason: 7
✅ Connected to AWS IoT Core
⚠️ MQTT disconnected, reason: 7
⚠️ Not connected to MQTT, retrying...
✅ Connected to AWS IoT Core
⚠️ MQTT disconnected, reason: 7
✅ Connected to AWS IoT Core
⚠️ MQTT disconnected, reason: 7
✅ Connected to AWS IoT Core
⚠️ MQTT disconnected, reason: 7
✅ Connected to AWS IoT Core
✅ Connected to AWS IoT Core
⚠️ MQTT disconnected, reason: 7
⚠️ Not connected to MQTT, retrying...
✅ Connected to AWS IoT Core
⚠️ MQTT disconnected, reason: 7
✅ Connected to AWS IoT Core
⚠️ MQTT disconnected, reason: 7
✅ Connected to AWS IoT Core
⚠️ MQTT disconnected, reason: 7
✅ Connected to AWS IoT Core
⚠️ MQTT disconnected, reason: 7
⚠️ Not connected to MQTT, retrying...
✅ Connected to AWS IoT Core
⚠️ MQTT disconnected, reason: 7
✅ Connected to AWS IoT Core
⚠️ MQTT disconnected, reason: 7
✅ Connected to AWS IoT Core
✅ Connected to AWS IoT Core
⚠️ MQTT disconnected, reason: 7
✅ Connected to AWS IoT Core
⚠️ MQTT disconnected, reason: 7
✅ Connected to AWS IoT Core
✅ Connected to AWS IoT Core
⚠️ MQTT disconnected, reason: 7
✅ Connected to AWS IoT Core
⚠️ MQTT disconnected, reason: 7
✅ Connected to AWS IoT Core
⚠️ MQTT disconnected, reason: 7
✅ Connected to AWS IoT Core
⚠️ MQTT disconnected, reason: 7
⚠️ Not connected to MQTT, retrying...
✅ Connected to AWS IoT Core
⚠️ MQTT disconnected, reason: 7
✅ Connected to AWS IoT Core
⚠️ MQTT disconnected, reason: 7
✅ Connected to AWS IoT Core
⚠️ MQTT disconnected, reason: 7
✅ Connected to AWS IoT Core
⚠️ MQTT disconnected, reason: 7
✅ Connected to AWS IoT Core
✅ Connected to AWS IoT Core
⚠️ MQTT disconnected, reason: 7
⚠️ Not connected to MQTT, retrying...
✅ Connected to AWS IoT Core
⚠️ MQTT disconnected, reason: 7
⚠️ Not connected to MQTT, retrying...
✅ Connected to AWS IoT Core
⚠️ MQTT disconnected, reason: 7
✅ Connected to AWS IoT Core
⚠️ MQTT disconnected, reason: 7
⚠️ Not connected to MQTT, retrying...
✅ Connected to AWS IoT Core
⚠️ MQTT disconnected, reason: 7
✅ Connected to AWS IoT Core
⚠️ MQTT disconnected, reason: 7
✅ Connected to AWS IoT Core
⚠️ MQTT disconnected, reason: 7
✅ Connected to AWS IoT Core
⚠️ MQTT disconnected, reason: 7
⚠️ Not connected to MQTT, retrying...
✅ Connected to AWS IoT Core
⚠️ MQTT disconnected, reason: 7
✅ Connected to AWS IoT Core
⚠️ MQTT disconnected, reason: 7
✅ Connected to AWS IoT Core
⚠️ MQTT disconnected, reason: 7
✅ Connected to AWS IoT Core
⚠️ MQTT disconnected, reason: 7
✅ Connected to AWS IoT Core
⚠️ MQTT disconnected, reason: 7
✅ Connected to AWS IoT Core
⚠️ MQTT disconnected, reason: 7
⚠️ Not connected to MQTT, retrying...
✅ Connected to AWS IoT Core
⚠️ MQTT disconnected, reason: 7
✅ Connected to AWS IoT Core
✅ Connected to AWS IoT Core
⚠️ MQTT disconnected, reason: 7
⚠️ Not connected to MQTT, retrying...
✅ Connected to AWS IoT Core
✅ Connected to AWS IoT Core
⚠️ MQTT disconnected, reason: 7
⚠️ Not connected to MQTT, retrying...
✅ Connected to AWS IoT Core
⚠️ MQTT disconnected, reason: 7
✅ Connected to AWS IoT Core
⚠️ MQTT disconnected, reason: 7
✅ Connected to AWS IoT Core
⚠️ MQTT disconnected, reason: 7
✅ Connected to AWS IoT Core
⚠️ MQTT disconnected, reason: 7
✅ Connected to AWS IoT Core
✅ Connected to AWS IoT Core
⚠️ MQTT disconnected, reason: 7
⚠️ Not connected to MQTT, retrying...
✅ Connected to AWS IoT Core
⚠️ MQTT disconnected, reason: 7
✅ Connected to AWS IoT Core
⚠️ MQTT disconnected, reason: 7
⚠️ Not connected to MQTT, retrying...
✅ Connected to AWS IoT Core
✅ Connected to AWS IoT Core
⚠️ MQTT disconnected, reason: 7
⚠️ Not connected to MQTT, retrying...
✅ Connected to AWS IoT Core
⚠️ MQTT disconnected, reason: 7
✅ Connected to AWS IoT Core
⚠️ MQTT disconnected, reason: 7
✅ Connected to AWS IoT Core
⚠️ MQTT disconnected, reason: 7
✅ Connected to AWS IoT Core
⚠️ MQTT disconnected, reason: 7
✅ Connected to AWS IoT Core
⚠️ MQTT disconnected, reason: 7
✅ Connected to AWS IoT Core
✅ Connected to AWS IoT Core
⚠️ MQTT disconnected, reason: 7
⚠️ Not connected to MQTT, retrying...
✅ Connected to AWS IoT Core
⚠️ MQTT disconnected, reason: 7
✅ Connected to AWS IoT Core
⚠️ MQTT disconnected, reason: 7
✅ Connected to AWS IoT Core
⚠️ MQTT disconnected, reason: 7
⚠️ MQTT disconnected, reason: 7
✅ Connected to AWS IoT Core
✅ Connected to AWS IoT Core
⚠️ MQTT disconnected, reason: 7
⚠️ MQTT disconnected, reason: 7
✅ Connected to AWS IoT Core
✅ Connected to AWS IoT Core
⚠️ MQTT disconnected, reason: 7
✅ Connected to AWS IoT Core
⚠️ MQTT disconnected, reason: 7
✅ Connected to AWS IoT Core
⚠️ MQTT disconnected, reason: 7
✅ Connected to AWS IoT Core
⚠️ MQTT disconnected, reason: 7
⚠️ Not connected to MQTT, retrying...
✅ Connected to AWS IoT Core
⚠️ MQTT disconnected, reason: 7
✅ Connected to AWS IoT Core
✅ Connected to AWS IoT Core
⚠️ MQTT disconnected, reason: 7
⚠️ Not connected to MQTT, retrying...
✅ Connected to AWS IoT Core
⚠️ MQTT disconnected, reason: 7
✅ Connected to AWS IoT Core
✅ Connected to AWS IoT Core
⚠️ MQTT disconnected, reason: 7
⚠️ Not connected to MQTT, retrying...
✅ Connected to AWS IoT Core
⚠️ MQTT disconnected, reason: 7
⚠️ Not connected to MQTT, retrying...
✅ Connected to AWS IoT Core
⚠️ MQTT disconnected, reason: 7
✅ Connected to AWS IoT Core
⚠️ MQTT disconnected, reason: 7
✅ Connected to AWS IoT Core
⚠️ MQTT disconnected, reason: 7
✅ Connected to AWS IoT Core
⚠️ MQTT disconnected, reason: 7
⚠️ Not connected to MQTT, retrying...
✅ Connected to AWS IoT Core
✅ Connected to AWS IoT Core
⚠️ MQTT disconnected, reason: 7
⚠️ Not connected to MQTT, retrying...
✅ Connected to AWS IoT Core
⚠️ MQTT disconnected, reason: 7
✅ Connected to AWS IoT Core
⚠️ MQTT disconnected, reason: 7
⚠️ Not connected to MQTT, retrying...
✅ Connected to AWS IoT Core
⚠️ MQTT disconnected, reason: 7
✅ Connected to AWS IoT Core
⚠️ MQTT disconnected, reason: 7
✅ Connected to AWS IoT Core
⚠️ MQTT disconnected, reason: 7
✅ Connected to AWS IoT Core
✅ Connected to AWS IoT Core
⚠️ MQTT disconnected, reason: 7
⚠️ Not connected to MQTT, retrying...
✅ Connected to AWS IoT Core
⚠️ MQTT disconnected, reason: 7
✅ Connected to AWS IoT Core
⚠️ MQTT disconnected, reason: 7
⚠️ Not connected to MQTT, retrying...
✅ Connected to AWS IoT Core
⚠️ MQTT disconnected, reason: 7
✅ Connected to AWS IoT Core
⚠️ MQTT disconnected, reason: 7
✅ Connected to AWS IoT Core
⚠️ MQTT disconnected, reason: 7
✅ Connected to AWS IoT Core
⚠️ MQTT disconnected, reason: 7
✅ Connected to AWS IoT Core
⚠️ MQTT disconnected, reason: 7
⚠️ Not connected to MQTT, retrying...
✅ Connected to AWS IoT Core
⚠️ MQTT disconnected, reason: 7
⚠️ MQTT disconnected, reason: 7
✅ Connected to AWS IoT Core
✅ Connected to AWS IoT Core
⚠️ MQTT disconnected, reason: 7
⚠️ Not connected to MQTT, retrying...
✅ Connected to AWS IoT Core
⚠️ MQTT disconnected, reason: 7
✅ Connected to AWS IoT Core
✅ Connected to AWS IoT Core
⚠️ MQTT disconnected, reason: 7
⚠️ Not connected to MQTT, retrying...
✅ Connected to AWS IoT Core
⚠️ MQTT disconnected, reason: 7
✅ Connected to AWS IoT Core
⚠️ MQTT disconnected, reason: 7
✅ Connected to AWS IoT Core
⚠️ MQTT disconnected, reason: 7
✅ Connected to AWS IoT Core
✅ Connected to AWS IoT Core
⚠️ MQTT disconnected, reason: 7
⚠️ Not connected to MQTT, retrying...
✅ Connected to AWS IoT Core
⚠️ MQTT disconnected, reason: 7
✅ Connected to AWS IoT Core
⚠️ MQTT disconnected, reason: 7
✅ Connected to AWS IoT Core
⚠️ MQTT disconnected, reason: 7
✅ Connected to AWS IoT Core
⚠️ MQTT disconnected, reason: 7
⚠️ Not connected to MQTT, retrying...
✅ Connected to AWS IoT Core
✅ Connected to AWS IoT Core
⚠️ MQTT disconnected, reason: 7
⚠️ Not connected to MQTT, retrying...
✅ Connected to AWS IoT Core
✅ Connected to AWS IoT Core
⚠️ MQTT disconnected, reason: 7
⚠️ Not connected to MQTT, retrying...
✅ Connected to AWS IoT Core
⚠️ MQTT disconnected, reason: 7
✅ Connected to AWS IoT Core
⚠️ MQTT disconnected, reason: 7
✅ Connected to AWS IoT Core
⚠️ MQTT disconnected, reason: 7
⚠️ Not connected to MQTT, retrying...
✅ Connected to AWS IoT Core
⚠️ MQTT disconnected, reason: 7
✅ Connected to AWS IoT Core
⚠️ MQTT disconnected, reason: 7
✅ Connected to AWS IoT Core
⚠️ MQTT disconnected, reason: 7
⚠️ Not connected to MQTT, retrying...
✅ Connected to AWS IoT Core
⚠️ MQTT disconnected, reason: 7
✅ Connected to AWS IoT Core
✅ Connected to AWS IoT Core
⚠️ MQTT disconnected, reason: 7
⚠️ Not connected to MQTT, retrying...
✅ Connected to AWS IoT Core
⚠️ MQTT disconnected, reason: 7
✅ Connected to AWS IoT Core
⚠️ MQTT disconnected, reason: 7
✅ Connected to AWS IoT Core
⚠️ MQTT disconnected, reason: 7
✅ Connected to AWS IoT Core
⚠️ MQTT disconnected, reason: 7
⚠️ Not connected to MQTT, retrying...
✅ Connected to AWS IoT Core
⚠️ MQTT disconnected, reason: 7
✅ Connected to AWS IoT Core
⚠️ MQTT disconnected, reason: 7
⚠️ Not connected to MQTT, retrying...
✅ Connected to AWS IoT Core
⚠️ MQTT disconnected, reason: 7
⚠️ Not connected to MQTT, retrying...
✅ Connected to AWS IoT Core
⚠️ MQTT disconnected, reason: 7
✅ Connected to AWS IoT Core
⚠️ MQTT disconnected, reason: 7
✅ Connected to AWS IoT Core
⚠️ MQTT disconnected, reason: 7
✅ Connected to AWS IoT Core
⚠️ MQTT disconnected, reason: 7
✅ Connected to AWS IoT Core
⚠️ MQTT disconnected, reason: 7
✅ Connected to AWS IoT Core
⚠️ MQTT disconnected, reason: 7
✅ Connected to AWS IoT Core
⚠️ MQTT disconnected, reason: 7
✅ Connected to AWS IoT Core
⚠️ MQTT disconnected, reason: 7
✅ Connected to AWS IoT Core
⚠️ MQTT disconnected, reason: 7
✅ Connected to AWS IoT Core
⚠️ MQTT disconnected, reason: 7
⚠️ Not connected to MQTT, retrying...
✅ Connected to AWS IoT Core
⚠️ MQTT disconnected, reason: 7
⚠️ Not connected to MQTT, retrying...
✅ Connected to AWS IoT Core
⚠️ MQTT disconnected, reason: 7
⚠️ Not connected to MQTT, retrying...
✅ Connected to AWS IoT Core
⚠️ MQTT disconnected, reason: 7
✅ Connected to AWS IoT Core
⚠️ MQTT disconnected, reason: 7
⚠️ Not connected to MQTT, retrying...
✅ Connected to AWS IoT Core
⚠️ MQTT disconnected, reason: 7
⚠️ Not connected to MQTT, retrying...
✅ Connected to AWS IoT Core
⚠️ MQTT disconnected, reason: 7
✅ Connected to AWS IoT Core
✅ Connected to AWS IoT Core
⚠️ MQTT disconnected, reason: 7
⚠️ Not connected to MQTT, retrying...
✅ Connected to AWS IoT Core
⚠️ MQTT disconnected, reason: 7
✅ Connected to AWS IoT Core
⚠️ MQTT disconnected, reason: 7
⚠️ Not connected to MQTT, retrying...
✅ Connected to AWS IoT Core
⚠️ MQTT disconnected, reason: 7
✅ Connected to AWS IoT Core
⚠️ MQTT disconnected, reason: 7
⚠️ Not connected to MQTT, retrying...
✅ Connected to AWS IoT Core
⚠️ MQTT disconnected, reason: 7
✅ Connected to AWS IoT Core
⚠️ MQTT disconnected, reason: 7
⚠️ Not connected to MQTT, retrying...
✅ Connected to AWS IoT Core
⚠️ MQTT disconnected, reason: 7
✅ Connected to AWS IoT Core
⚠️ MQTT disconnected, reason: 7
✅ Connected to AWS IoT Core
⚠️ MQTT disconnected, reason: 7
✅ Connected to AWS IoT Core
⚠️ MQTT disconnected, reason: 7
✅ Connected to AWS IoT Core
⚠️ MQTT disconnected, reason: 7
✅ Connected to AWS IoT Core
⚠️ MQTT disconnected, reason: 7
✅ Connected to AWS IoT Core
⚠️ MQTT disconnected, reason: 7
✅ Connected to AWS IoT Core
⚠️ MQTT disconnected, reason: 7
⚠️ MQTT disconnected, reason: 7
✅ Connected to AWS IoT Core
⚠️ MQTT disconnected, reason: 7
✅ Connected to AWS IoT Core
⚠️ MQTT disconnected, reason: 7
✅ Connected to AWS IoT Core
⚠️ MQTT disconnected, reason: 7
✅ Connected to AWS IoT Core
⚠️ MQTT disconnected, reason: 7
⚠️ Not connected to MQTT, retrying...
✅ Connected to AWS IoT Core
⚠️ MQTT disconnected, reason: 7
⚠️ Not connected to MQTT, retrying...
✅ Connected to AWS IoT Core
⚠️ MQTT disconnected, reason: 7
✅ Connected to AWS IoT Core
⚠️ MQTT disconnected, reason: 7
✅ Connected to AWS IoT Core
⚠️ MQTT disconnected, reason: 7
⚠️ Not connected to MQTT, retrying...
✅ Connected to AWS IoT Core
⚠️ MQTT disconnected, reason: 7
✅ Connected to AWS IoT Core
✅ Connected to AWS IoT Core
⚠️ MQTT disconnected, reason: 7
⚠️ Not connected to MQTT, retrying...
✅ Connected to AWS IoT Core
⚠️ MQTT disconnected, reason: 7
⚠️ Not connected to MQTT, retrying...
✅ Connected to AWS IoT Core
⚠️ MQTT disconnected, reason: 7
✅ Connected to AWS IoT Core
⚠️ MQTT disconnected, reason: 7
✅ Connected to AWS IoT Core
⚠️ MQTT disconnected, reason: 7
✅ Connected to AWS IoT Core
⚠️ MQTT disconnected, reason: 7
✅ Connected to AWS IoT Core
⚠️ MQTT disconnected, reason: 7
✅ Connected to AWS IoT Core
⚠️ MQTT disconnected, reason: 7
✅ Connected to AWS IoT Core
⚠️ MQTT disconnected, reason: 7
✅ Connected to AWS IoT Core
⚠️ MQTT disconnected, reason: 7
⚠️ Not connected to MQTT, retrying...
✅ Connected to AWS IoT Core
⚠️ MQTT disconnected, reason: 7
⚠️ Not connected to MQTT, retrying...
✅ Connected to AWS IoT Core
⚠️ MQTT disconnected, reason: 7
✅ Connected to AWS IoT Core
⚠️ MQTT disconnected, reason: 7
✅ Connected to AWS IoT Core
✅ Connected to AWS IoT Core
⚠️ MQTT disconnected, reason: 7
✅ Connected to AWS IoT Core
⚠️ MQTT disconnected, reason: 7
✅ Connected to AWS IoT Core
⚠️ MQTT disconnected, reason: 7
✅ Connected to AWS IoT Core
⚠️ MQTT disconnected, reason: 7
✅ Connected to AWS IoT Core
⚠️ MQTT disconnected, reason: 7
✅ Connected to AWS IoT Core
⚠️ MQTT disconnected, reason: 7
⚠️ Not connected to MQTT, retrying...
✅ Connected to AWS IoT Core
⚠️ MQTT disconnected, reason: 7
✅ Connected to AWS IoT Core
⚠️ MQTT disconnected, reason: 7
✅ Connected to AWS IoT Core
⚠️ MQTT disconnected, reason: 7
✅ Connected to AWS IoT Core
⚠️ MQTT disconnected, reason: 7
✅ Connected to AWS IoT Core
⚠️ MQTT disconnected, reason: 7
✅ Connected to AWS IoT Core
✅ Connected to AWS IoT Core
⚠️ MQTT disconnected, reason: 7
⚠️ Not connected to MQTT, retrying...
✅ Connected to AWS IoT Core
⚠️ MQTT disconnected, reason: 7
✅ Connected to AWS IoT Core
⚠️ MQTT disconnected, reason: 7
✅ Connected to AWS IoT Core
⚠️ MQTT disconnected, reason: 7
✅ Connected to AWS IoT Core
⚠️ MQTT disconnected, reason: 7
✅ Connected to AWS IoT Core
⚠️ MQTT disconnected, reason: 7
✅ Connected to AWS IoT Core
⚠️ MQTT disconnected, reason: 7
✅ Connected to AWS IoT Core
⚠️ MQTT disconnected, reason: 7
✅ Connected to AWS IoT Core
⚠️ MQTT disconnected, reason: 7
✅ Connected to AWS IoT Core
⚠️ MQTT disconnected, reason: 7
✅ Connected to AWS IoT Core
⚠️ MQTT disconnected, reason: 7
✅ Connected to AWS IoT Core
✅ Connected to AWS IoT Core
⚠️ MQTT disconnected, reason: 7
⚠️ Not connected to MQTT, retrying...
✅ Connected to AWS IoT Core
⚠️ MQTT disconnected, reason: 7
✅ Connected to AWS IoT Core
✅ Connected to AWS IoT Core
⚠️ MQTT disconnected, reason: 7
⚠️ Not connected to MQTT, retrying...
✅ Connected to AWS IoT Core
⚠️ MQTT disconnected, reason: 7
✅ Connected to AWS IoT Core
✅ Connected to AWS IoT Core
⚠️ MQTT disconnected, reason: 7
✅ Connected to AWS IoT Core
✅ Connected to AWS IoT Core
⚠️ MQTT disconnected, reason: 7
⚠️ Not connected to MQTT, retrying...
✅ Connected to AWS IoT Core
⚠️ MQTT disconnected, reason: 7
✅ Connected to AWS IoT Core
⚠️ MQTT disconnected, reason: 7
✅ Connected to AWS IoT Core
✅ Connected to AWS IoT Core
⚠️ MQTT disconnected, reason: 7
⚠️ Not connected to MQTT, retrying...
✅ Connected to AWS IoT Core
⚠️ MQTT disconnected, reason: 7
✅ Connected to AWS IoT Core
✅ Connected to AWS IoT Core
⚠️ MQTT disconnected, reason: 7
⚠️ Not connected to MQTT, retrying...
✅ Connected to AWS IoT Core
✅ Connected to AWS IoT Core
⚠️ MQTT disconnected, reason: 7
⚠️ Not connected to MQTT, retrying...
✅ Connected to AWS IoT Core
✅ Connected to AWS IoT Core
⚠️ MQTT disconnected, reason: 7
⚠️ Not connected to MQTT, retrying...
✅ Connected to AWS IoT Core
⚠️ MQTT disconnected, reason: 7
✅ Connected to AWS IoT Core
⚠️ MQTT disconnected, reason: 7
✅ Connected to AWS IoT Core
⚠️ MQTT disconnected, reason: 7
✅ Connected to AWS IoT Core
✅ Connected to AWS IoT Core
⚠️ MQTT disconnected, reason: 7
⚠️ Not connected to MQTT, retrying...
✅ Connected to AWS IoT Core
⚠️ MQTT disconnected, reason: 7
✅ Connected to AWS IoT Core
⚠️ MQTT disconnected, reason: 7
✅ Connected to AWS IoT Core
⚠️ MQTT disconnected, reason: 7
⚠️ Not connected to MQTT, retrying...
✅ Connected to AWS IoT Core
⚠️ MQTT disconnected, reason: 7
⚠️ Not connected to MQTT, retrying...
✅ Connected to AWS IoT Core
⚠️ MQTT disconnected, reason: 7
✅ Connected to AWS IoT Core
⚠️ MQTT disconnected, reason: 7
✅ Connected to AWS IoT Core
⚠️ MQTT disconnected, reason: 7
✅ Connected to AWS IoT Core
⚠️ MQTT disconnected, reason: 7
⚠️ Not connected to MQTT, retrying...
✅ Connected to AWS IoT Core
⚠️ MQTT disconnected, reason: 7
✅ Connected to AWS IoT Core
⚠️ MQTT disconnected, reason: 7
✅ Connected to AWS IoT Core
✅ Connected to AWS IoT Core
⚠️ MQTT disconnected, reason: 7
⚠️ Not connected to MQTT, retrying...
✅ Connected to AWS IoT Core
⚠️ MQTT disconnected, reason: 7
⚠️ Not connected to MQTT, retrying...
✅ Connected to AWS IoT Core
⚠️ MQTT disconnected, reason: 7
✅ Connected to AWS IoT Core
⚠️ MQTT disconnected, reason: 7
✅ Connected to AWS IoT Core
⚠️ MQTT disconnected, reason: 7
✅ Connected to AWS IoT Core
✅ Connected to AWS IoT Core
⚠️ MQTT disconnected, reason: 7
✅ Connected to AWS IoT Core
⚠️ MQTT disconnected, reason: 7
⚠️ Not connected to MQTT, retrying...
✅ Connected to AWS IoT Core
⚠️ MQTT disconnected, reason: 7
✅ Connected to AWS IoT Core
⚠️ MQTT disconnected, reason: 7
⚠️ Not connected to MQTT, retrying...
✅ Connected to AWS IoT Core
⚠️ MQTT disconnected, reason: 7
✅ Connected to AWS IoT Core
⚠️ MQTT disconnected, reason: 7
✅ Connected to AWS IoT Core
⚠️ MQTT disconnected, reason: 7
✅ Connected to AWS IoT Core
⚠️ MQTT disconnected, reason: 7
⚠️ Not connected to MQTT, retrying...
✅ Connected to AWS IoT Core
⚠️ MQTT disconnected, reason: 7
⚠️ Not connected to MQTT, retrying...
✅ Connected to AWS IoT Core
⚠️ MQTT disconnected, reason: 7
✅ Connected to AWS IoT Core
⚠️ MQTT disconnected, reason: 7
✅ Connected to AWS IoT Core
⚠️ MQTT disconnected, reason: 7
✅ Connected to AWS IoT Core
⚠️ MQTT disconnected, reason: 7
✅ Connected to AWS IoT Core
⚠️ MQTT disconnected, reason: 7
✅ Connected to AWS IoT Core
⚠️ MQTT disconnected, reason: 7
✅ Connected to AWS IoT Core
⚠️ MQTT disconnected, reason: 7
✅ Connected to AWS IoT Core
⚠️ MQTT disconnected, reason: 7
✅ Connected to AWS IoT Core
⚠️ MQTT disconnected, reason: 7
✅ Connected to AWS IoT Core
⚠️ MQTT disconnected, reason: 7
✅ Connected to AWS IoT Core
⚠️ MQTT disconnected, reason: 7
⚠️ Not connected to MQTT, retrying...
✅ Connected to AWS IoT Core
⚠️ MQTT disconnected, reason: 7
✅ Connected to AWS IoT Core
✅ Connected to AWS IoT Core
⚠️ MQTT disconnected, reason: 7
⚠️ Not connected to MQTT, retrying...
✅ Connected to AWS IoT Core
⚠️ MQTT disconnected, reason: 7
✅ Connected to AWS IoT Core
✅ Connected to AWS IoT Core
⚠️ MQTT disconnected, reason: 7
⚠️ Not connected to MQTT, retrying...
✅ Connected to AWS IoT Core
⚠️ MQTT disconnected, reason: 7
✅ Connected to AWS IoT Core
⚠️ MQTT disconnected, reason: 7
⚠️ Not connected to MQTT, retrying...
✅ Connected to AWS IoT Core
⚠️ MQTT disconnected, reason: 7
✅ Connected to AWS IoT Core
⚠️ MQTT disconnected, reason: 7
✅ Connected to AWS IoT Core
⚠️ MQTT disconnected, reason: 7
✅ Connected to AWS IoT Core
⚠️ MQTT disconnected, reason: 7
✅ Connected to AWS IoT Core
⚠️ MQTT disconnected, reason: 7
⚠️ Not connected to MQTT, retrying...
✅ Connected to AWS IoT Core
⚠️ MQTT disconnected, reason: 7
✅ Connected to AWS IoT Core
⚠️ MQTT disconnected, reason: 7
✅ Connected to AWS IoT Core
⚠️ MQTT disconnected, reason: 7
✅ Connected to AWS IoT Core
⚠️ MQTT disconnected, reason: 7
✅ Connected to AWS IoT Core
⚠️ MQTT disconnected, reason: 7
✅ Connected to AWS IoT Core
⚠️ MQTT disconnected, reason: 7
✅ Connected to AWS IoT Core
✅ Connected to AWS IoT Core
⚠️ MQTT disconnected, reason: 7
⚠️ Not connected to MQTT, retrying...
✅ Connected to AWS IoT Core
⚠️ MQTT disconnected, reason: 7
✅ Connected to AWS IoT Core
✅ Connected to AWS IoT Core
⚠️ MQTT disconnected, reason: 7
⚠️ Not connected to MQTT, retrying...
✅ Connected to AWS IoT Core
⚠️ MQTT disconnected, reason: 7
✅ Connected to AWS IoT Core
⚠️ MQTT disconnected, reason: 7
✅ Connected to AWS IoT Core
⚠️ MQTT disconnected, reason: 7
✅ Connected to AWS IoT Core
✅ Connected to AWS IoT Core
⚠️ MQTT disconnected, reason: 7
✅ Connected to AWS IoT Core
⚠️ MQTT disconnected, reason: 7
⚠️ MQTT disconnected, reason: 7
✅ Connected to AWS IoT Core
⚠️ MQTT disconnected, reason: 7
✅ Connected to AWS IoT Core
⚠️ MQTT disconnected, reason: 7
✅ Connected to AWS IoT Core
⚠️ MQTT disconnected, reason: 7
⚠️ MQTT disconnected, reason: 7
✅ Connected to AWS IoT Core
⚠️ MQTT disconnected, reason: 7
✅ Connected to AWS IoT Core
⚠️ MQTT disconnected, reason: 7
✅ Connected to AWS IoT Core
⚠️ MQTT disconnected, reason: 7
✅ Connected to AWS IoT Core
⚠️ MQTT disconnected, reason: 7
✅ Connected to AWS IoT Core
⚠️ MQTT disconnected, reason: 7
✅ Connected to AWS IoT Core
⚠️ MQTT disconnected, reason: 7
✅ Connected to AWS IoT Core
⚠️ MQTT disconnected, reason: 7
✅ Connected to AWS IoT Core
⚠️ MQTT disconnected, reason: 7
✅ Connected to AWS IoT Core
⚠️ MQTT disconnected, reason: 7
✅ Connected to AWS IoT Core
✅ Connected to AWS IoT Core
⚠️ MQTT disconnected, reason: 7
⚠️ Not connected to MQTT, retrying...
✅ Connected to AWS IoT Core
⚠️ MQTT disconnected, reason: 7
✅ Connected to AWS IoT Core
⚠️ MQTT disconnected, reason: 7
⚠️ Not connected to MQTT, retrying...
✅ Connected to AWS IoT Core
⚠️ MQTT disconnected, reason: 7
⚠️ Not connected to MQTT, retrying...
✅ Connected to AWS IoT Core
⚠️ MQTT disconnected, reason: 7
✅ Connected to AWS IoT Core
⚠️ MQTT disconnected, reason: 7
✅ Connected to AWS IoT Core
⚠️ MQTT disconnected, reason: 7
⚠️ Not connected to MQTT, retrying...
✅ Connected to AWS IoT Core
⚠️ MQTT disconnected, reason: 7
✅ Connected to AWS IoT Core
⚠️ MQTT disconnected, reason: 7
⚠️ Not connected to MQTT, retrying...
✅ Connected to AWS IoT Core
✅ Connected to AWS IoT Core
⚠️ MQTT disconnected, reason: 7
✅ Connected to AWS IoT Core
⚠️ MQTT disconnected, reason: 7
✅ Connected to AWS IoT Core
⚠️ MQTT disconnected, reason: 7
✅ Connected to AWS IoT Core
⚠️ MQTT disconnected, reason: 7
✅ Connected to AWS IoT Core
⚠️ MQTT disconnected, reason: 7
⚠️ Not connected to MQTT, retrying...
✅ Connected to AWS IoT Core
⚠️ MQTT disconnected, reason: 7
⚠️ MQTT disconnected, reason: 7
✅ Connected to AWS IoT Core
⚠️ MQTT disconnected, reason: 7
⚠️ Not connected to MQTT, retrying...
✅ Connected to AWS IoT Core
⚠️ MQTT disconnected, reason: 7
✅ Connected to AWS IoT Core
✅ Connected to AWS IoT Core
⚠️ MQTT disconnected, reason: 7
⚠️ Not connected to MQTT, retrying...
✅ Connected to AWS IoT Core
⚠️ MQTT disconnected, reason: 7
✅ Connected to AWS IoT Core
⚠️ MQTT disconnected, reason: 7
✅ Connected to AWS IoT Core
⚠️ MQTT disconnected, reason: 7
✅ Connected to AWS IoT Core
⚠️ MQTT disconnected, reason: 7
⚠️ Not connected to MQTT, retrying...
✅ Connected to AWS IoT Core
⚠️ MQTT disconnected, reason: 7
✅ Connected to AWS IoT Core
⚠️ MQTT disconnected, reason: 7
⚠️ Not connected to MQTT, retrying...
✅ Connected to AWS IoT Core
⚠️ MQTT disconnected, reason: 7
⚠️ Not connected to MQTT, retrying...
✅ Connected to AWS IoT Core
⚠️ MQTT disconnected, reason: 7
⚠️ Not connected to MQTT, retrying...
✅ Connected to AWS IoT Core
⚠️ MQTT disconnected, reason: 7
⚠️ Not connected to MQTT, retrying...
✅ Connected to AWS IoT Core
⚠️ MQTT disconnected, reason: 7
✅ Connected to AWS IoT Core
⚠️ MQTT disconnected, reason: 7
⚠️ Not connected to MQTT, retrying...
✅ Connected to AWS IoT Core
⚠️ MQTT disconnected, reason: 7
✅ Connected to AWS IoT Core
⚠️ MQTT disconnected, reason: 7
⚠️ Not connected to MQTT, retrying...
✅ Connected to AWS IoT Core
✅ Connected to AWS IoT Core
⚠️ MQTT disconnected, reason: 7
⚠️ Not connected to MQTT, retrying...
✅ Connected to AWS IoT Core
⚠️ MQTT disconnected, reason: 7
✅ Connected to AWS IoT Core
⚠️ MQTT disconnected, reason: 7
✅ Connected to AWS IoT Core
⚠️ MQTT disconnected, reason: 7
✅ Connected to AWS IoT Core
⚠️ MQTT disconnected, reason: 7
✅ Connected to AWS IoT Core
⚠️ MQTT disconnected, reason: 7
✅ Connected to AWS IoT Core
⚠️ MQTT disconnected, reason: 7
✅ Connected to AWS IoT Core
✅ Connected to AWS IoT Core
⚠️ MQTT disconnected, reason: 7
✅ Connected to AWS IoT Core
✅ Connected to AWS IoT Core
⚠️ MQTT disconnected, reason: 7
⚠️ Not connected to MQTT, retrying...
✅ Connected to AWS IoT Core
⚠️ MQTT disconnected, reason: 7
✅ Connected to AWS IoT Core
⚠️ MQTT disconnected, reason: 7
⚠️ Not connected to MQTT, retrying...
⚠️ MQTT disconnected, reason: 7
⚠️ MQTT disconnected, reason: 7
✅ Connected to AWS IoT Core
⚠️ MQTT disconnected, reason: 7
✅ Connected to AWS IoT Core
✅ Connected to AWS IoT Core
⚠️ MQTT disconnected, reason: 7
⚠️ Not connected to MQTT, retrying...
✅ Connected to AWS IoT Core
⚠️ MQTT disconnected, reason: 7
✅ Connected to AWS IoT Core
⚠️ MQTT disconnected, reason: 7
✅ Connected to AWS IoT Core
⚠️ MQTT disconnected, reason: 7
✅ Connected to AWS IoT Core
✅ Connected to AWS IoT Core
⚠️ MQTT disconnected, reason: 7
✅ Connected to AWS IoT Core
⚠️ MQTT disconnected, reason: 7
⚠️ MQTT disconnected, reason: 7
✅ Connected to AWS IoT Core
⚠️ MQTT disconnected, reason: 7
✅ Connected to AWS IoT Core
⚠️ MQTT disconnected, reason: 7
⚠️ Not connected to MQTT, retrying...
✅ Connected to AWS IoT Core
⚠️ MQTT disconnected, reason: 7
✅ Connected to AWS IoT Core
✅ Connected to AWS IoT Core
⚠️ MQTT disconnected, reason: 7
⚠️ Not connected to MQTT, retrying...
✅ Connected to AWS IoT Core
⚠️ MQTT disconnected, reason: 7
✅ Connected to AWS IoT Core
⚠️ MQTT disconnected, reason: 7
✅ Connected to AWS IoT Core
⚠️ MQTT disconnected, reason: 7
⚠️ MQTT disconnected, reason: 7
✅ Connected to AWS IoT Core
⚠️ MQTT disconnected, reason: 7
✅ Connected to AWS IoT Core
✅ Connected to AWS IoT Core
⚠️ MQTT disconnected, reason: 7
⚠️ Not connected to MQTT, retrying...
✅ Connected to AWS IoT Core
⚠️ MQTT disconnected, reason: 7
⚠️ MQTT disconnected, reason: 7
✅ Connected to AWS IoT Core
⚠️ MQTT disconnected, reason: 7
✅ Connected to AWS IoT Core
⚠️ MQTT disconnected, reason: 7
✅ Connected to AWS IoT Core
⚠️ MQTT disconnected, reason: 7
✅ Connected to AWS IoT Core
⚠️ MQTT disconnected, reason: 7
⚠️ Not connected to MQTT, retrying...
✅ Connected to AWS IoT Core
⚠️ MQTT disconnected, reason: 7
✅ Connected to AWS IoT Core
⚠️ MQTT disconnected, reason: 7
✅ Connected to AWS IoT Core
⚠️ MQTT disconnected, reason: 7
✅ Connected to AWS IoT Core
⚠️ MQTT disconnected, reason: 7
✅ Connected to AWS IoT Core
⚠️ MQTT disconnected, reason: 7
⚠️ Not connected to MQTT, retrying...
✅ Connected to AWS IoT Core
⚠️ MQTT disconnected, reason: 7
✅ Connected to AWS IoT Core
⚠️ MQTT disconnected, reason: 7
⚠️ Not connected to MQTT, retrying...
✅ Connected to AWS IoT Core
✅ Connected to AWS IoT Core
⚠️ MQTT disconnected, reason: 7
⚠️ Not connected to MQTT, retrying...
✅ Connected to AWS IoT Core
⚠️ MQTT disconnected, reason: 7
✅ Connected to AWS IoT Core
⚠️ MQTT disconnected, reason: 7
✅ Connected to AWS IoT Core
⚠️ MQTT disconnected, reason: 7
✅ Connected to AWS IoT Core
⚠️ MQTT disconnected, reason: 7
⚠️ Not connected to MQTT, retrying...
✅ Connected to AWS IoT Core
✅ Connected to AWS IoT Core
⚠️ MQTT disconnected, reason: 7
⚠️ Not connected to MQTT, retrying...
✅ Connected to AWS IoT Core
⚠️ MQTT disconnected, reason: 7
✅ Connected to AWS IoT Core
⚠️ MQTT disconnected, reason: 7
✅ Connected to AWS IoT Core
⚠️ MQTT disconnected, reason: 7
✅ Connected to AWS IoT Core
⚠️ MQTT disconnected, reason: 7
✅ Connected to AWS IoT Core
⚠️ MQTT disconnected, reason: 7
✅ Connected to AWS IoT Core
⚠️ MQTT disconnected, reason: 7
✅ Connected to AWS IoT Core
⚠️ MQTT disconnected, reason: 7
✅ Connected to AWS IoT Core
⚠️ MQTT disconnected, reason: 7
✅ Connected to AWS IoT Core
⚠️ MQTT disconnected, reason: 7
✅ Connected to AWS IoT Core
⚠️ MQTT disconnected, reason: 7
✅ Connected to AWS IoT Core
⚠️ MQTT disconnected, reason: 7
✅ Connected to AWS IoT Core
⚠️ MQTT disconnected, reason: 7
✅ Connected to AWS IoT Core
⚠️ MQTT disconnected, reason: 7
✅ Connected to AWS IoT Core
⚠️ MQTT disconnected, reason: 7
✅ Connected to AWS IoT Core
⚠️ MQTT disconnected, reason: 7
✅ Connected to AWS IoT Core
⚠️ MQTT disconnected, reason: 7
⚠️ Not connected to MQTT, retrying...
✅ Connected to AWS IoT Core
⚠️ MQTT disconnected, reason: 7
✅ Connected to AWS IoT Core
⚠️ MQTT disconnected, reason: 7
⚠️ Not connected to MQTT, retrying...
✅ Connected to AWS IoT Core
✅ Connected to AWS IoT Core
⚠️ MQTT disconnected, reason: 7
⚠️ Not connected to MQTT, retrying...
✅ Connected to AWS IoT Core
⚠️ MQTT disconnected, reason: 7
✅ Connected to AWS IoT Core
⚠️ MQTT disconnected, reason: 7
✅ Connected to AWS IoT Core
⚠️ MQTT disconnected, reason: 7
✅ Connected to AWS IoT Core
⚠️ MQTT disconnected, reason: 7
✅ Connected to AWS IoT Core
⚠️ MQTT disconnected, reason: 7
✅ Connected to AWS IoT Core
⚠️ MQTT disconnected, reason:/home/pi_123/data/src/pressure_project/system_upload.py:78: DeprecationWarning: Callback API version 1 is deprecated, update to latest version
  client = mqtt.Client(client_id=CLIENT_ID, protocol=mqtt.MQTTv311)
/home/pi_123/data/src/pressure_project/system_upload.py:78: DeprecationWarning: Callback API version 1 is deprecated, update to latest version
  client = mqtt.Client(client_id=CLIENT_ID, protocol=mqtt.MQTTv311)
/home/pi_123/data/src/pressure_project/system_upload.py:78: DeprecationWarning: Callback API version 1 is deprecated, update to latest version
  client = mqtt.Client(client_id=CLIENT_ID, protocol=mqtt.MQTTv311)
/home/pi_123/data/src/pressure_project/system_upload.py:78: DeprecationWarning: Callback API version 1 is deprecated, update to latest version
  client = mqtt.Client(client_id=CLIENT_ID, protocol=mqtt.MQTTv311)
/home/pi_123/data/src/pressure_project/system_upload.py:78: DeprecationWarning: Callback API version 1 is deprecated, update to latest version
  client = mqtt.Client(client_id=CLIENT_ID, protocol=mqtt.MQTTv311)
/home/pi_123/data/src/pressure_project/system_upload.py:78: DeprecationWarning: Callback API version 1 is deprecated, update to latest version
  client = mqtt.Client(client_id=CLIENT_ID, protocol=mqtt.MQTTv311)
/home/pi_123/data/src/pressure_project/system_upload.py:78: DeprecationWarning: Callback API version 1 is deprecated, update to latest version
  client = mqtt.Client(client_id=CLIENT_ID, protocol=mqtt.MQTTv311)
/home/pi_123/data/src/pressure_project/system_upload.py:78: DeprecationWarning: Callback API version 1 is deprecated, update to latest version
  client = mqtt.Client(client_id=CLIENT_ID, protocol=mqtt.MQTTv311)
=== DEBUG START ===
DB exists: True
CA exists: True
CERT exists: True
KEY exists: True
=== DEBUG END ===
⚠️ Network not ready, waiting 5s...
✅ Connected to AWS IoT Core
⚠️ MQTT disconnected, reason: 7
✅ Connected to AWS IoT Core
⚠️ MQTT disconnected, reason: 7
✅ Connected to AWS IoT Core
⚠️ MQTT disconnected, reason: 7
⚠️ Not connected to MQTT, retrying...
✅ Connected to AWS IoT Core
⚠️ MQTT disconnected, reason: 7
⚠️ Not connected to MQTT, retrying...
✅ Connected to AWS IoT Core
⚠️ MQTT disconnected, reason: 7
✅ Connected to AWS IoT Core
⚠️ MQTT disconnected, reason: 7
⚠️ Not connected to MQTT, retrying...
✅ Connected to AWS IoT Core
⚠️ MQTT disconnected, reason: 7
⚠️ Not connected to MQTT, retrying...
✅ Connected to AWS IoT Core
⚠️ MQTT disconnected, reason: 7
⚠️ Not connected to MQTT, retrying...
✅ Connected to AWS IoT Core
✅ Connected to AWS IoT Core
⚠️ MQTT disconnected, reason: 7
⚠️ Not connected to MQTT, retrying...
✅ Connected to AWS IoT Core
⚠️ MQTT disconnected, reason: 7
✅ Connected to AWS IoT Core
⚠️ MQTT disconnected, reason: 7
✅ Connected to AWS IoT Core
⚠️ MQTT disconnected, reason: 7
✅ Connected to AWS IoT Core
✅ Connected to AWS IoT Core
⚠️ MQTT disconnected, reason: 7
⚠️ Not connected to MQTT, retrying...
✅ Connected to AWS IoT Core
⚠️ MQTT disconnected, reason: 7
✅ Connected to AWS IoT Core
⚠️ MQTT disconnected, reason: 7
✅ Connected to AWS IoT Core
✅ Connected to AWS IoT Core
⚠️ MQTT disconnected, reason: 7
⚠️ Not connected to MQTT, retrying...
✅ Connected to AWS IoT Core
✅ Connected to AWS IoT Core
⚠️ MQTT disconnected, reason: 7
⚠️ Not connected to MQTT, retrying...
✅ Connected to AWS IoT Core
⚠️ MQTT disconnected, reason: 7
✅ Connected to AWS IoT Core
⚠️ MQTT disconnected, reason: 7
✅ Connected to AWS IoT Core
⚠️ MQTT disconnected, reason: 7
⚠️ Not connected to MQTT, retrying...
✅ Connected to AWS IoT Core
✅ Connected to AWS IoT Core
⚠️ MQTT disconnected, reason: 7
⚠️ Not connected to MQTT, retrying...
✅ Connected to AWS IoT Core
⚠️ MQTT disconnected, reason: 7
✅ Connected to AWS IoT Core
⚠️ MQTT disconnected, reason: 7
⚠️ MQTT disconnected, reason: 7
✅ Connected to AWS IoT Core
✅ Connected to AWS IoT Core
⚠️ MQTT disconnected, reason: 7
⚠️ Not connected to MQTT, retrying...
✅ Connected to AWS IoT Core
⚠️ MQTT disconnected, reason: 7
⚠️ Not connected to MQTT, retrying...
✅ Connected to AWS IoT Core
✅ Connected to AWS IoT Core
⚠️ MQTT disconnected, reason: 7
⚠️ Not connected to MQTT, retrying...
✅ Connected to AWS IoT Core
⚠️ MQTT disconnected, reason: 7
⚠️ MQTT disconnected, reason: 7
✅ Connected to AWS IoT Core
✅ Connected to AWS IoT Core
⚠️ MQTT disconnected, reason: 7
⚠️ Not connected to MQTT, retrying...
✅ Connected to AWS IoT Core
⚠️ MQTT disconnected, reason: 7
✅ Connected to AWS IoT Core
⚠️ MQTT disconnected, reason: 7
⚠️ Not connected to MQTT, retrying...
✅ Connected to AWS IoT Core
⚠️ MQTT disconnected, reason: 7
✅ Connected to AWS IoT Core
⚠️ MQTT disconnected, reason: 7
⚠️ Not connected to MQTT, retrying...
✅ Connected to AWS IoT Core
⚠️ MQTT disconnected, reason: 7
✅ Connected to AWS IoT Core
⚠️ MQTT disconnected, reason: 7
✅ Connected to AWS IoT Core
⚠️ MQTT disconnected, reason: 7
✅ Connected to AWS IoT Core
⚠️ MQTT disconnected, reason: 7
⚠️ Not connected to MQTT, retrying...
✅ Connected to AWS IoT Core
✅ Connected to AWS IoT Core
⚠️ MQTT disconnected, reason: 7
⚠️ Not connected to MQTT, retrying...
✅ Connected to AWS IoT Core
⚠️ MQTT disconnected, reason: 7
✅ Connected to AWS IoT Core
✅ Connected to AWS IoT Core
⚠️ MQTT disconnected, reason: 7
⚠️ Not connected to MQTT, retrying...
✅ Connected to AWS IoT Core
✅ Connected to AWS IoT Core
⚠️ MQTT disconnected, reason: 7
⚠️ Not connected to MQTT, retrying...
✅ Connected to AWS IoT Core
✅ Connected to AWS IoT Core
⚠️ MQTT disconnected, reason: 7
⚠️ Not connected to MQTT, retrying...
✅ Connected to AWS IoT Core
✅ Connected to AWS IoT Core
⚠️ MQTT disconnected, reason: 7
✅ Connected to AWS IoT Core
⚠️ MQTT disconnected, reason: 7
⚠️ Not connected to MQTT, retrying...
✅ Connected to AWS IoT Core
✅ Connected to AWS IoT Core
⚠️ MQTT disconnected, reason: 7
⚠️ Not connected to MQTT, retrying...
✅ Connected to AWS IoT Core
⚠️ MQTT disconnected, reason: 7
✅ Connected to AWS IoT Core
⚠️ MQTT disconnected, reason: 7
⚠️ Not connected to MQTT, retrying...
✅ Connected to AWS IoT Core
✅ Connected to AWS IoT Core
⚠️ MQTT disconnected, reason: 7
⚠️ Not connected to MQTT, retrying...
✅ Connected to AWS IoT Core
✅ Connected to AWS IoT Core
⚠️ MQTT disconnected, reason: 7
✅ Connected to AWS IoT Core
✅ Connected to AWS IoT Core
⚠️ MQTT disconnected, reason: 7
⚠️ Not connected to MQTT, retrying...
✅ Connected to AWS IoT Core
⚠️ MQTT disconnected, reason: 7
✅ Connected to AWS IoT Core
✅ Connected to AWS IoT Core
⚠️ MQTT disconnected, reason: 7
⚠️ Not connected to MQTT, retrying...
✅ Connected to AWS IoT Core
⚠️ MQTT disconnected, reason: 7
✅ Connected to AWS IoT Core
✅ Connected to AWS IoT Core
⚠️ MQTT disconnected, reason: 7
⚠️ Not connected to MQTT, retrying...
✅ Connected to AWS IoT Core
⚠️ MQTT disconnected, reason: 7
✅ Connected to AWS IoT Core
⚠️ MQTT disconnected, reason: 7
✅ Connected to AWS IoT Core
⚠️ MQTT disconnected, reason: 7
✅ Connected to AWS IoT Core
⚠️ MQTT disconnected, reason: 7
✅ Connected to AWS IoT Core
⚠️ MQTT disconnected, reason: 7
✅ Connected to AWS IoT Core
⚠️ MQTT disconnected, reason: 7
✅ Connected to AWS IoT Core
⚠️ MQTT disconnected, reason: 7
⚠️ Not connected to MQTT, retrying...
✅ Connected to AWS IoT Core
✅ Connected to AWS IoT Core
⚠️ MQTT disconnected, reason: 7
⚠️ Not connected to MQTT, retrying...
✅ Connected to AWS IoT Core
⚠️ MQTT disconnected, reason: 7
✅ Connected to AWS IoT Core
⚠️ MQTT disconnected, reason: 7
⚠️ Not connected to MQTT, retrying...
✅ Connected to AWS IoT Core
✅ Connected to AWS IoT Core
⚠️ MQTT disconnected, reason: 7
⚠️ Not connected to MQTT, retrying...
✅ Connected to AWS IoT Core
⚠️ MQTT disconnected, reason: 7
✅ Connected to AWS IoT Core
⚠️ MQTT disconnected, reason: 7
⚠️ Not connected to MQTT, retrying...
✅ Connected to AWS IoT Core
⚠️ MQTT disconnected, reason: 7
✅ Connected to AWS IoT Core
⚠️ MQTT disconnected, reason: 7
⚠️ Not connected to MQTT, retrying...
✅ Connected to AWS IoT Core
✅ Connected to AWS IoT Core
⚠️ MQTT disconnected, reason: 7
⚠️ Not connected to MQTT, retrying...
✅ Connected to AWS IoT Core
⚠️ MQTT disconnected, reason: 7
✅ Connected to AWS IoT Core
⚠️ MQTT disconnected, reason: 7
✅ Connected to AWS IoT Core
⚠️ MQTT disconnected, reason: 7
✅ Connected to AWS IoT Core
⚠️ MQTT disconnected, reason: 7
✅ Connected to AWS IoT Core
⚠️ MQTT disconnected, reason: 7
⚠️ Not connected to MQTT, retrying...
✅ Connected to AWS IoT Core
⚠️ MQTT disconnected, reason: 7
✅ Connected to AWS IoT Core
✅ Connected to AWS IoT Core
⚠️ MQTT disconnected, reason: 7
⚠️ Not connected to MQTT, retrying...
✅ Connected to AWS IoT Core
⚠️ MQTT disconnected, reason: 7
✅ Connected to AWS IoT Core
⚠️ MQTT disconnected, reason: 7
✅ Connected to AWS IoT Core
✅ Connected to AWS IoT Core
⚠️ MQTT disconnected, reason: 7
⚠️ Not connected to MQTT, retrying...
✅ Connected to AWS IoT Core
⚠️ MQTT disconnected, reason: 7
✅ Connected to AWS IoT Core
⚠️ MQTT disconnected, reason: 7
✅ Connected to AWS IoT Core
✅ Connected to AWS IoT Core
⚠️ MQTT disconnected, reason: 7
⚠️ Not connected to MQTT, retrying...
✅ Connected to AWS IoT Core
✅ Connected to AWS IoT Core
⚠️ MQTT disconnected, reason: 7
⚠️ Not connected to MQTT, retrying...
✅ Connected to AWS IoT Core
⚠️ MQTT disconnected, reason: 7
✅ Connected to AWS IoT Core
⚠️ MQTT disconnected, reason: 7
✅ Connected to AWS IoT Core
⚠️ MQTT disconnected, reason: 7
✅ Connected to AWS IoT Core
⚠️ MQTT disconnected, reason: 7
⚠️ Not connected to MQTT, retrying...
✅ Connected to AWS IoT Core
⚠️ MQTT disconnected, reason: 7
✅ Connected to AWS IoT Core
⚠️ MQTT disconnected, reason: 7
✅ Connected to AWS IoT Core
⚠️ MQTT disconnected, reason: 7
✅ Connected to AWS IoT Core
⚠️ MQTT disconnected, reason: 7
✅ Connected to AWS IoT Core
⚠️ MQTT disconnected, reason: 7
⚠️ Not connected to MQTT, retrying...
✅ Connected to AWS IoT Core
⚠️ MQTT disconnected, reason: 7
⚠️ Not connected to MQTT, retrying...
✅ Connected to AWS IoT Core
⚠️ MQTT disconnected, reason: 7
✅ Connected to AWS IoT Core
⚠️ MQTT disconnected, reason: 7
✅ Connected to AWS IoT Core
⚠️ MQTT disconnected, reason: 7
✅ Connected to AWS IoT Core
⚠️ MQTT disconnected, reason: 7
✅ Connected to AWS IoT Core
✅ Connected to AWS IoT Core
⚠️ MQTT disconnected, reason: 7
⚠️ Not connected to MQTT, retrying...
✅ Connected to AWS IoT Core
⚠️ MQTT disconnected, reason: 7
⚠️ Not connected to MQTT, retrying...
✅ Connected to AWS IoT Core
⚠️ MQTT disconnected, reason: 7
✅ Connected to AWS IoT Core
⚠️ MQTT disconnected, reason: 7
✅ Connected to AWS IoT Core
⚠️ MQTT disconnected, reason: 7
⚠️ Not connected to MQTT, retrying...
✅ Connected to AWS IoT Core
⚠️ MQTT disconnected, reason: 7
✅ Connected to AWS IoT Core
⚠️ MQTT disconnected, reason: 7
✅ Connected to AWS IoT Core
⚠️ MQTT disconnected, reason: 7
✅ Connected to AWS IoT Core
⚠️ MQTT disconnected, reason: 7
✅ Connected to AWS IoT Core
⚠️ MQTT disconnected, reason: 7
✅ Connected to AWS IoT Core
⚠️ MQTT disconnected, reason: 7
✅ Connected to AWS IoT Core
⚠️ MQTT disconnected, reason: 7
✅ Connected to AWS IoT Core
⚠️ MQTT disconnected, reason: 7
✅ Connected to AWS IoT Core
⚠️ MQTT disconnected, reason: 7
✅ Connected to AWS IoT Core
⚠️ MQTT disconnected, reason: 7
✅ Connected to AWS IoT Core
⚠️ MQTT disconnected, reason: 7
✅ Connected to AWS IoT Core
⚠️ MQTT disconnected, reason: 7
✅ Connected to AWS IoT Core
⚠️ MQTT disconnected, reason: 7
✅ Connected to AWS IoT Core
⚠️ MQTT disconnected, reason: 7
✅ Connected to AWS IoT Core
⚠️ MQTT disconnected, reason: 7
✅ Connected to AWS IoT Core
⚠️ MQTT disconnected, reason: 7
✅ Connected to AWS IoT Core
⚠️ MQTT disconnected, reason: 7
⚠️ Not connected to MQTT, retrying...
✅ Connected to AWS IoT Core
✅ Connected to AWS IoT Core
⚠️ MQTT disconnected, reason: 7
⚠️ Not connected to MQTT, retrying...
✅ Connected to AWS IoT Core
⚠️ MQTT disconnected, reason: 7
✅ Connected to AWS IoT Core
⚠️ MQTT disconnected, reason: 7
✅ Connected to AWS IoT Core
⚠️ MQTT disconnected, reason: 7
⚠️ MQTT disconnected, reason: 7
✅ Connected to AWS IoT Core
✅ Connected to AWS IoT Core
⚠️ MQTT disconnected, reason: 7
⚠️ Not connected to MQTT, retrying...
✅ Connected to AWS IoT Core
✅ Connected to AWS IoT Core
⚠️ MQTT disconnected, reason: 7
⚠️ Not connected to MQTT, retrying...
✅ Connected to AWS IoT Core
✅ Connected to AWS IoT Core
⚠️ MQTT disconnected, reason: 7
⚠️ Not connected to MQTT, retrying...
✅ Connected to AWS IoT Core
✅ Connected to AWS IoT Core
⚠️ MQTT disconnected, reason: 7
⚠️ Not connected to MQTT, retrying...
✅ Connected to AWS IoT Core
✅ Connected to AWS IoT Core
⚠️ MQTT disconnected, reason: 7
⚠️ Not connected to MQTT, retrying...
✅ Connected to AWS IoT Core
✅ Connected to AWS IoT Core
⚠️ MQTT disconnected, reason: 7
⚠️ Not connected to MQTT, retrying...
✅ Connected to AWS IoT Core
⚠️ MQTT disconnected, reason: 7
✅ Connected to AWS IoT Core
⚠️ MQTT disconnected, reason: 7
✅ Connected to AWS IoT Core
✅ Connected to AWS IoT Core
⚠️ MQTT disconnected, reason: 7
⚠️ Not connected to MQTT, retrying...
✅ Connected to AWS IoT Core
⚠️ MQTT disconnected, reason: 7
✅ Connected to AWS IoT Core
✅ Connected to AWS IoT Core
⚠️ MQTT disconnected, reason: 7
⚠️ Not connected to MQTT, retrying...
✅ Connected to AWS IoT Core
⚠️ MQTT disconnected, reason: 7
✅ Connected to AWS IoT Core
⚠️ MQTT disconnected, reason: 7
✅ Connected to AWS IoT Core
✅ Connected to AWS IoT Core
⚠️ MQTT disconnected, reason: 7
✅ Connected to AWS IoT Core
✅ Connected to AWS IoT Core
⚠️ MQTT disconnected, reason: 7
⚠️ Not connected to MQTT, retrying...
✅ Connected to AWS IoT Core
⚠️ MQTT disconnected, reason: 7
✅ Connected to AWS IoT Core
⚠️ MQTT disconnected, reason: 7
✅ Connected to AWS IoT Core
✅ Connected to AWS IoT Core
⚠️ MQTT disconnected, reason: 7
⚠️ Not connected to MQTT, retrying...
✅ Connected to AWS IoT Core
⚠️ MQTT disconnected, reason: 7
✅ Connected to AWS IoT Core
⚠️ MQTT disconnected, reason: 7
✅ Connected to AWS IoT Core
⚠️ MQTT disconnected, reason: 7
✅ Connected to AWS IoT Core
⚠️ MQTT disconnected, reason: 7
✅ Connected to AWS IoT Core
⚠️ MQTT disconnected, reason: 7
✅ Connected to AWS IoT Core
⚠️ MQTT disconnected, reason: 7
✅ Connected to AWS IoT Core
⚠️ MQTT disconnected, reason: 7
✅ Connected to AWS IoT Core
⚠️ MQTT disconnected, reason: 7
✅ Connected to AWS IoT Core
✅ Connected to AWS IoT Core
⚠️ MQTT disconnected, reason: 7
⚠️ Not connected to MQTT, retrying...
✅ Connected to AWS IoT Core
✅ Connected to AWS IoT Core
⚠️ MQTT disconnected, reason: 7
⚠️ Not connected to MQTT, retrying...
✅ Connected to AWS IoT Core
⚠️ MQTT disconnected, reason: 7
✅ Connected to AWS IoT Core
⚠️ MQTT disconnected, reason: 7
✅ Connected to AWS IoT Core
⚠️ MQTT disconnected, reason: 7
✅ Connected to AWS IoT Core
⚠️ MQTT disconnected, reason: 7
✅ Connected to AWS IoT Core
⚠️ MQTT disconnected, reason: 7
⚠️ MQTT disconnected, reason: 7
✅ Connected to AWS IoT Core
⚠️ MQTT disconnected, reason: 7
✅ Connected to AWS IoT Core
✅ Connected to AWS IoT Core
⚠️ MQTT disconnected, reason: 7
⚠️ Not connected to MQTT, retrying...
✅ Connected to AWS IoT Core
⚠️ MQTT disconnected, reason: 7
✅ Connected to AWS IoT Core
⚠️ MQTT disconnected, reason: 7
✅ Connected to AWS IoT Core
⚠️ MQTT disconnected, reason: 7
✅ Connected to AWS IoT Core
⚠️ MQTT disconnected, reason: 7
✅ Connected to AWS IoT Core
⚠️ MQTT disconnected, reason: 7
⚠️ Not connected to MQTT, retrying...
✅ Connected to AWS IoT Core
⚠️ MQTT disconnected, reason: 7
✅ Connected to AWS IoT Core
⚠️ MQTT disconnected, reason: 7
✅ Connected to AWS IoT Core
⚠️ MQTT disconnected, reason: 7
✅ Connected to AWS IoT Core
⚠️ MQTT disconnected, reason: 7
✅ Connected to AWS IoT Core
⚠️ MQTT disconnected, reason: 7
⚠️ MQTT disconnected, reason: 7
✅ Connected to AWS IoT Core
✅ Connected to AWS IoT Core
⚠️ MQTT disconnected, reason: 7
⚠️ Not connected to MQTT, retrying...
⚠️ MQTT disconnected, reason: 7
✅ Connected to AWS IoT Core
⚠️ MQTT disconnected, reason: 7
✅ Connected to AWS IoT Core
✅ Connected to AWS IoT Core
⚠️ MQTT disconnected, reason: 7
⚠️ Not connected to MQTT, retrying...
✅ Connected to AWS IoT Core
✅ Connected to AWS IoT Core
⚠️ MQTT disconnected, reason: 7
✅ Connected to AWS IoT Core
⚠️ MQTT disconnected, reason: 7
⚠️ Not connected to MQTT, retrying...
✅ Connected to AWS IoT Core
⚠️ MQTT disconnected, reason: 7
✅ Connected to AWS IoT Core
✅ Connected to AWS IoT Core
⚠️ MQTT disconnected, reason: 7
⚠️ Not connected to MQTT, retrying...
✅ Connected to AWS IoT Core
✅ Connected to AWS IoT Core
⚠️ MQTT disconnected, reason: 7
⚠️ Not connected to MQTT, retrying...
✅ Connected to AWS IoT Core
✅ Connected to AWS IoT Core
⚠️ MQTT disconnected, reason: 7
⚠️ Not connected to MQTT, retrying...
✅ Connected to AWS IoT Core/home/pi_123/data/src/pressure_project/system_upload.py:78: DeprecationWarning: Callback API version 1 is deprecated, update to latest version
  client = mqtt.Client(client_id=CLIENT_ID, protocol=mqtt.MQTTv311)
=== DEBUG START ===
DB exists: True
CA exists: True
CERT exists: True
KEY exists: True
=== DEBUG END ===
⚠️ Network not ready, waiting 5s...
✅ Connected to AWS IoT Core
⚠️ MQTT disconnected, reason: 7
⚠️ MQTT disconnected, reason: 7
✅ Connected to AWS IoT Core
⚠️ MQTT disconnected, reason: 7
✅ Connected to AWS IoT Core
✅ Connected to AWS IoT Core
⚠️ MQTT disconnected, reason: 7
⚠️ Not connected to MQTT, retrying...
✅ Connected to AWS IoT Core
⚠️ MQTT disconnected, reason: 7
⚠️ Not connected to MQTT, retrying...
✅ Connected to AWS IoT Core
⚠️ MQTT disconnected, reason: 7
⚠️ Not connected to MQTT, retrying...
✅ Connected to AWS IoT Core
⚠️ MQTT disconnected, reason: 7
⚠️ Not connected to MQTT, retrying...
✅ Connected to AWS IoT Core
⚠️ MQTT disconnected, reason: 7
⚠️ Not connected to MQTT, retrying...
✅ Connected to AWS IoT Core
⚠️ MQTT disconnected, reason: 7
⚠️ Not connected to MQTT, retrying...
✅ Connected to AWS IoT Core
⚠️ MQTT disconnected, reason: 7
⚠️ Not connected to MQTT, retrying...
✅ Connected to AWS IoT Core
⚠️ MQTT disconnected, reason: 7
⚠️ Not connected to MQTT, retrying...
✅ Connected to AWS IoT Core
⚠️ MQTT disconnected, reason: 7
⚠️ Not connected to MQTT, retrying...
✅ Connected to AWS IoT Core
⚠️ MQTT disconnected, reason: 7
⚠️ Not connected to MQTT, retrying...
✅ Connected to AWS IoT Core
⚠️ MQTT disconnected, reason: 7
⚠️ Not connected to MQTT, retrying...
✅ Connected to AWS IoT Core
⚠️ MQTT disconnected, reason: 7
⚠️ Not connected to MQTT, retrying...
✅ Connected to AWS IoT Core
⚠️ MQTT disconnected, reason: 7
✅ Connected to AWS IoT Core
⚠️ MQTT disconnected, reason: 7
⚠️ Not connected to MQTT, retrying...
✅ Connected to AWS IoT Core
⚠️ MQTT disconnected, reason: 7
⚠️ Not connected to MQTT, retrying...
✅ Connected to AWS IoT Core
⚠️ MQTT disconnected, reason: 7
⚠️ Not connected to MQTT, retrying...
✅ Connected to AWS IoT Core
⚠️ MQTT disconnected, reason: 7
⚠️ Not connected to MQTT, retrying...
✅ Connected to AWS IoT Core
⚠️ MQTT disconnected, reason: 7
⚠️ Not connected to MQTT, retrying...
✅ Connected to AWS IoT Core
⚠️ MQTT disconnected, reason: 7
⚠️ Not connected to MQTT, retrying...
✅ Connected to AWS IoT Core
⚠️ MQTT disconnected, reason: 7
⚠️ Not connected to MQTT, retrying...
✅ Connected to AWS IoT Core
⚠️ MQTT disconnected, reason: 7
✅ Connected to AWS IoT Core
⚠️ MQTT disconnected, reason: 7
⚠️ Not connected to MQTT, retrying...
✅ Connected to AWS IoT Core
⚠️ MQTT disconnected, reason: 7
⚠️ Not connected to MQTT, retrying...
✅ Connected to AWS IoT Core
⚠️ MQTT disconnected, reason: 7
⚠️ Not connected to MQTT, retrying...
⚠️ MQTT disconnected, reason: 7
✅ Connected to AWS IoT Core
✅ Connected to AWS IoT Core
⚠️ MQTT disconnected, reason: 7
⚠️ Not connected to MQTT, retrying...
⚠️ MQTT disconnected, reason: 7
⚠️ MQTT disconnected, reason: 7
✅ Connected to AWS IoT Core
⚠️ MQTT disconnected, reason: 7
⚠️ Not connected to MQTT, retrying...
⚠️ MQTT disconnected, reason: 7
✅ Connected to AWS IoT Core
✅ Connected to AWS IoT Core
⚠️ MQTT disconnected, reason: 7
⚠️ Not connected to MQTT, retrying...
✅ Connected to AWS IoT Core
⚠️ MQTT disconnected, reason: 7
⚠️ Not connected to MQTT, retrying...
✅ Connected to AWS IoT Core
⚠️ MQTT disconnected, reason: 7
⚠️ Not connected to MQTT, retrying...
✅ Connected to AWS IoT Core
⚠️ MQTT disconnected, reason: 7
⚠️ Not connected to MQTT, retrying...
✅ Connected to AWS IoT Core
⚠️ MQTT disconnected, reason: 7
⚠️ Not connected to MQTT, retrying...
✅ Connected to AWS IoT Core
⚠️ MQTT disconnected, reason: 7
⚠️ Not connected to MQTT, retrying...
✅ Connected to AWS IoT Core
⚠️ MQTT disconnected, reason: 7
⚠️ MQTT disconnected, reason: 7
✅ Connected to AWS IoT Core
⚠️ MQTT disconnected, reason: 7
✅ Connected to AWS IoT Core
⚠️ MQTT disconnected, reason: 7
✅ Connected to AWS IoT Core
⚠️ MQTT disconnected, reason: 7
✅ Connected to AWS IoT Core
⚠️ MQTT disconnected, reason: 7
⚠️ Not connected to MQTT, retrying...
✅ Connected to AWS IoT Core
⚠️ MQTT disconnected, reason: 7
⚠️ Not connected to MQTT, retrying...
✅ Connected to AWS IoT Core
⚠️ MQTT disconnected, reason: 7
⚠️ Not connected to MQTT, retrying...
✅ Connected to AWS IoT Core
⚠️ MQTT disconnected, reason: 7
⚠️ Not connected to MQTT, retrying...
✅ Connected to AWS IoT Core
⚠️ MQTT disconnected, reason: 7
⚠️ Not connected to MQTT, retrying...
✅ Connected to AWS IoT Core
⚠️ MQTT disconnected, reason: 7
✅ Connected to AWS IoT Core
⚠️ MQTT disconnected, reason: 7
✅ Connected to AWS IoT Core
⚠️ MQTT disconnected, reason: 7
⚠️ Not connected to MQTT, retrying...
✅ Connected to AWS IoT Core
⚠️ MQTT disconnected, reason: 7
✅ Connected to AWS IoT Core
⚠️ MQTT disconnected, reason: 7
⚠️ Not connected to MQTT, retrying...
✅ Connected to AWS IoT Core
⚠️ MQTT disconnected, reason: 7
⚠️ Not connected to MQTT, retrying...
✅ Connected to AWS IoT Core
⚠️ MQTT disconnected, reason: 7
⚠️ Not connected to MQTT, retrying...
✅ Connected to AWS IoT Core
⚠️ MQTT disconnected, reason: 7
⚠️ Not connected to MQTT, retrying...
✅ Connected to AWS IoT Core
⚠️ MQTT disconnected, reason: 7
⚠️ Not connected to MQTT, retrying...
⚠️ MQTT disconnected, reason: 7
✅ Connected to AWS IoT Core
✅ Connected to AWS IoT Core
⚠️ MQTT disconnected, reason: 7
⚠️ Not connected to MQTT, retrying...
✅ Connected to AWS IoT Core
⚠️ MQTT disconnected, reason: 7
⚠️ Not connected to MQTT, retrying...
✅ Connected to AWS IoT Core
⚠️ MQTT disconnected, reason: 7
⚠️ Not connected to MQTT, retrying...
✅ Connected to AWS IoT Core
⚠️ MQTT disconnected, reason: 7
⚠️ Not connected to MQTT, retrying...
✅ Connected to AWS IoT Core
⚠️ MQTT disconnected, reason: 7
⚠️ Not connected to MQTT, retrying...
✅ Connected to AWS IoT Core
⚠️ MQTT disconnected, reason: 7
⚠️ Not connected to MQTT, retrying...
✅ Connected to AWS IoT Core
⚠️ MQTT disconnected, reason: 7
✅ Connected to AWS IoT Core
⚠️ MQTT disconnected, reason: 7
⚠️ Not connected to MQTT, retrying...
✅ Connected to AWS IoT Core
⚠️ MQTT disconnected, reason: 7
⚠️ MQTT disconnected, reason: 7
⚠️ MQTT disconnected, reason: 7
✅ Connected to AWS IoT Core
⚠️ MQTT disconnected, reason: 7
⚠️ Not connected to MQTT, retrying...
✅ Connected to AWS IoT Core
⚠️ MQTT disconnected, reason: 7
✅ Connected to AWS IoT Core
⚠️ MQTT disconnected, reason: 7
✅ Connected to AWS IoT Core
⚠️ MQTT disconnected, reason: 7
✅ Connected to AWS IoT Core
⚠️ MQTT disconnected, reason: 7
⚠️ Not connected to MQTT, retrying...
✅ Connected to AWS IoT Core
⚠️ MQTT disconnected, reason: 7
⚠️ Not connected to MQTT, retrying...
✅ Connected to AWS IoT Core
⚠️ MQTT disconnected, reason: 7
⚠️ Not connected to MQTT, retrying...
✅ Connected to AWS IoT Core
⚠️ MQTT disconnected, reason: 7
⚠️ Not connected to MQTT, retrying...
✅ Connected to AWS IoT Core
⚠️ MQTT disconnected, reason: 7
⚠️ Not connected to MQTT, retrying...
✅ Connected to AWS IoT Core
⚠️ MQTT disconnected, reason: 7
⚠️ Not connected to MQTT, retrying...
✅ Connected to AWS IoT Core
⚠️ MQTT disconnected, reason: 7
⚠️ MQTT disconnected, reason: 7
✅ Connected to AWS IoT Core
⚠️ MQTT disconnected, reason: 7
✅ Connected to AWS IoT Core
⚠️ MQTT disconnected, reason: 7
✅ Connected to AWS IoT Core
⚠️ MQTT disconnected, reason: 7
✅ Connected to AWS IoT Core
⚠️ MQTT disconnected, reason: 7
✅ Connected to AWS IoT Core
⚠️ MQTT disconnected, reason: 7
⚠️ Not connected to MQTT, retrying...
✅ Connected to AWS IoT Core
⚠️ MQTT disconnected, reason: 7
⚠️ Not connected to MQTT, retrying...
✅ Connected to AWS IoT Core/home/pi_123/data/src/pressure_project/system_upload.py:78: DeprecationWarning: Callback API version 1 is deprecated, update to latest version
  client = mqtt.Client(client_id=CLIENT_ID, protocol=mqtt.MQTTv311)
=== DEBUG START ===
DB exists: True
CA exists: True
CERT exists: True
KEY exists: True
=== DEBUG END ===
⚠️ Network not ready, waiting 5s...
✅ Connected to AWS IoT Core
⚠️ MQTT disconnected, reason: 7
✅ Connected to AWS IoT Core
✅ Uploaded | id=9164 BP=8215.0 FP=30518.0 CR=8114.0 BC=8154.0 timestamp="2026-02-25 09:12:16"
📤 AWS IoT Sent {'id': 9164, 'bp': 8215.0, 'fp': 30518.0, 'cr': 8114.0, 'bc': 8154.0, 'timestamp': '2026-02-25 09:12:16'}
⚠️ MQTT disconnected, reason: 7
⚠️ Not connected to MQTT, retrying...
✅ Connected to AWS IoT Core
✅ Connected to AWS IoT Core
⚠️ MQTT disconnected, reason: 7
✅ Connected to AWS IoT Core
⚠️ MQTT disconnected, reason: 7
⚠️ Not connected to MQTT, retrying...
✅ Connected to AWS IoT Core
⚠️ MQTT disconnected, reason: 7
✅ Connected to AWS IoT Core
⚠️ MQTT disconnected, reason: 7
⚠️ Not connected to MQTT, retrying...
✅ Connected to AWS IoT Core
⚠️ MQTT disconnected, reason: 7
⚠️ Not connected to MQTT, retrying...
⚠️ MQTT disconnected, reason: 7
✅ Connected to AWS IoT Core
✅ Connected to AWS IoT Core
⚠️ MQTT disconnected, reason: 7
⚠️ Not connected to MQTT, retrying...
✅ Connected to AWS IoT Core
⚠️ MQTT disconnected, reason: 7
✅ Connected to AWS IoT Core
⚠️ MQTT disconnected, reason: 7
✅ Connected to AWS IoT Core
⚠️ MQTT disconnected, reason: 7
⚠️ MQTT disconnected, reason: 7
✅ Connected to AWS IoT Core
⚠️ MQTT disconnected, reason: 7
✅ Connected to AWS IoT Core
⚠️ MQTT disconnected, reason: 7
✅ Connected to AWS IoT Core
⚠️ MQTT disconnected, reason: 7
✅ Connected to AWS IoT Core
⚠️ MQTT disconnected, reason: 7
✅ Connected to AWS IoT Core
⚠️ MQTT disconnected, reason: 7
✅ Connected to AWS IoT Core
⚠️ MQTT disconnected, reason: 7
✅ Connected to AWS IoT Core
⚠️ MQTT disconnected, reason: 7
✅ Connected to AWS IoT Core
⚠️ MQTT disconnected, reason: 7
✅ Connected to AWS IoT Core
⚠️ MQTT disconnected, reason: 7
✅ Connected to AWS IoT Core
⚠️ MQTT disconnected, reason: 7
✅ Connected to AWS IoT Core
✅ Connected to AWS IoT Core
⚠️ MQTT disconnected, reason: 7
✅ Connected to AWS IoT Core
⚠️ MQTT disconnected, reason: 7
✅ Connected to AWS IoT Core
⚠️ MQTT disconnected, reason: 7
✅ Connected to AWS IoT Core
⚠️ MQTT disconnected, reason: 7
✅ Connected to AWS IoT Core
⚠️ MQTT disconnected, reason: 7
✅ Connected to AWS IoT Core
✅ Connected to AWS IoT Core
⚠️ MQTT disconnected, reason: 7
⚠️ Not connected to MQTT, retrying...
✅ Connected to AWS IoT Core
⚠️ MQTT disconnected, reason: 7
✅ Connected to AWS IoT Core
⚠️ MQTT disconnected, reason: 7
✅ Connected to AWS IoT Core
⚠️ MQTT disconnected, reason: 7
⚠️ Not connected to MQTT, retrying...
✅ Connected to AWS IoT Core
✅ Connected to AWS IoT Core
⚠️ MQTT disconnected, reason: 7
⚠️ Not connected to MQTT, retrying...
✅ Connected to AWS IoT Core
⚠️ MQTT disconnected, reason: 7
⚠️ MQTT disconnected, reason: 7
✅ Connected to AWS IoT Core
⚠️ MQTT disconnected, reason: 7
✅ Connected to AWS IoT Core
⚠️ MQTT disconnected, reason: 7
⚠️ MQTT disconnected, reason: 7
✅ Connected to AWS IoT Core
⚠️ MQTT disconnected, reason: 7
✅ Connected to AWS IoT Core
✅ Connected to AWS IoT Core
⚠️ MQTT disconnected, reason: 7
✅ Connected to AWS IoT Core
✅ Connected to AWS IoT Core
⚠️ MQTT disconnected, reason: 7
⚠️ Not connected to MQTT, retrying...
✅ Connected to AWS IoT Core
✅ Connected to AWS IoT Core
⚠️ MQTT disconnected, reason: 7
⚠️ Not connected to MQTT, retrying...
✅ Connected to AWS IoT Core
⚠️ MQTT disconnected, reason: 7
✅ Connected to AWS IoT Core
⚠️ MQTT disconnected, reason: 7
✅ Connected to AWS IoT Core
✅ Connected to AWS IoT Core
⚠️ MQTT disconnected, reason: 7
⚠️ Not connected to MQTT, retrying...
✅ Connected to AWS IoT Core
✅ Connected to AWS IoT Core
✅ Uploaded | id=9165 BP=-869.0 FP=30579.0 CR=-868.0 BC=-863.0 timestamp="2026-02-25 09:18:19"
📤 AWS IoT Sent {'id': 9165, 'bp': -869.0, 'fp': 30579.0, 'cr': -868.0, 'bc': -863.0, 'timestamp': '2026-02-25 09:18:19'}
⚠️ MQTT disconnected, reason: 7
⚠️ Not connected to MQTT, retrying...
✅ Connected to AWS IoT Core
✅ Connected to AWS IoT Core
⚠️ MQTT disconnected, reason: 7
⚠️ Not connected to MQTT, retrying...
✅ Connected to AWS IoT Core
⚠️ MQTT disconnected, reason: 7
✅ Connected to AWS IoT Core
⚠️ MQTT disconnected, reason: 7
⚠️ MQTT disconnected, reason: 7
✅ Connected to AWS IoT Core
⚠️ MQTT disconnected, reason: 7
✅ Connected to AWS IoT Core
⚠️ MQTT disconnected, reason: 7
✅ Connected to AWS IoT Core
⚠️ MQTT disconnected, reason: 7
✅ Connected to AWS IoT Core
⚠️ MQTT disconnected, reason: 7
✅ Connected to AWS IoT Core
✅ Connected to AWS IoT Core
⚠️ MQTT disconnected, reason: 7
⚠️ Not connected to MQTT, retrying...
✅ Connected to AWS IoT Core
✅ Connected to AWS IoT Core
⚠️ MQTT disconnected, reason: 7
⚠️ Not connected to MQTT, retrying...
✅ Connected to AWS IoT Core
⚠️ MQTT disconnected, reason: 7
✅ Connected to AWS IoT Core
⚠️ MQTT disconnected, reason: 7
⚠️ Not connected to MQTT, retrying...
✅ Connected to AWS IoT Core
⚠️ MQTT disconnected, reason: 7
✅ Connected to AWS IoT Core
⚠️ MQTT disconnected, reason: 7
⚠️ Not connected to MQTT, retrying...
✅ Connected to AWS IoT Core
⚠️ MQTT disconnected, reason: 7
✅ Connected to AWS IoT Core
⚠️ MQTT disconnected, reason: 7
✅ Connected to AWS IoT Core
⚠️ MQTT disconnected, reason: 7
✅ Connected to AWS IoT Core
⚠️ MQTT disconnected, reason: 7
✅ Connected to AWS IoT Core
⚠️ MQTT disconnected, reason: 7
✅ Connected to AWS IoT Core
⚠️ MQTT disconnected, reason: 7
✅ Connected to AWS IoT Core
⚠️ MQTT disconnected, reason: 7
✅ Connected to AWS IoT Core
⚠️ MQTT disconnected, reason: 7
✅ Connected to AWS IoT Core
⚠️ MQTT disconnected, reason: 7
✅ Connected to AWS IoT Core
⚠️ MQTT disconnected, reason: 7
✅ Connected to AWS IoT Core
⚠️ MQTT disconnected, reason: 7
⚠️ Not connected to MQTT, retrying...
✅ Connected to AWS IoT Core
✅ Connected to AWS IoT Core
⚠️ MQTT disconnected, reason: 7
⚠️ Not connected to MQTT, retrying...
✅ Connected to AWS IoT Core
⚠️ MQTT disconnected, reason: 7
✅ Connected to AWS IoT Core
⚠️ MQTT disconnected, reason: 7
✅ Connected to AWS IoT Core
⚠️ MQTT disconnected, reason: 7
✅ Connected to AWS IoT Core
⚠️ MQTT disconnected, reason: 7
⚠️ Not connected to MQTT, retrying...
✅ Connected to AWS IoT Core
⚠️ MQTT disconnected, reason: 7
✅ Connected to AWS IoT Core
✅ Uploaded | id=9166 BP=4440.0 FP=30396.0 CR=4279.0 BC=4400.0 timestamp="2026-02-25 09:21:41"
📤 AWS IoT Sent {'id': 9166, 'bp': 4440.0, 'fp': 30396.0, 'cr': 4279.0, 'bc': 4400.0, 'timestamp': '2026-02-25 09:21:41'}
⚠️ MQTT disconnected, reason: 7
⚠️ Not connected to MQTT, retrying...
✅ Connected to AWS IoT Core
⚠️ MQTT disconnected, reason: 7
✅ Connected to AWS IoT Core
⚠️ MQTT disconnected, reason: 7
✅ Connected to AWS IoT Core
⚠️ MQTT disconnected, reason: 7
✅ Connected to AWS IoT Core
⚠️ MQTT disconnected, reason: 7
✅ Connected to AWS IoT Core
⚠️ MQTT disconnected, reason: 7
⚠️ Not connected to MQTT, retrying...
✅ Connected to AWS IoT Core
⚠️ MQTT disconnected, reason: 7
✅ Connected to AWS IoT Core
⚠️ MQTT disconnected, reason: 7
✅ Connected to AWS IoT Core
⚠️ MQTT disconnected, reason: 7
✅ Connected to AWS IoT Core
⚠️ MQTT disconnected, reason: 7
✅ Connected to AWS IoT Core
⚠️ MQTT disconnected, reason: 7
⚠️ Not connected to MQTT, retrying...
✅ Connected to AWS IoT Core
⚠️ MQTT disconnected, reason: 7
✅ Connected to AWS IoT Core
⚠️ MQTT disconnected, reason: 7
✅ Connected to AWS IoT Core
⚠️ MQTT disconnected, reason: 7
⚠️ Not connected to MQTT, retrying...
✅ Connected to AWS IoT Core
⚠️ MQTT disconnected, reason: 7
✅ Connected to AWS IoT Core
⚠️ MQTT disconnected, reason: 7
✅ Connected to AWS IoT Core
⚠️ MQTT disconnected, reason: 7
⚠️ Not connected to MQTT, retrying...
⚠️ MQTT disconnected, reason: 7
✅ Connected to AWS IoT Core
⚠️ MQTT disconnected, reason: 7
✅ Connected to AWS IoT Core
⚠️ MQTT disconnected, reason: 7
✅ Connected to AWS IoT Core
✅ Connected to AWS IoT Core
⚠️ MQTT disconnected, reason: 7
⚠️ Not connected to MQTT, retrying...
✅ Connected to AWS IoT Core
⚠️ MQTT disconnected, reason: 7
⚠️ MQTT disconnected, reason: 7
✅ Connected to AWS IoT Core
⚠️ MQTT disconnected, reason: 7
⚠️ Not connected to MQTT, retrying...
✅ Connected to AWS IoT Core
⚠️ MQTT disconnected, reason: 7
✅ Connected to AWS IoT Core
⚠️ MQTT disconnected, reason: 7
⚠️ Not connected to MQTT, retrying...
✅ Connected to AWS IoT Core
⚠️ MQTT disconnected, reason: 7
⚠️ Not connected to MQTT, retrying...
✅ Connected to AWS IoT Core
⚠️ MQTT disconnected, reason: 7
⚠️ Not connected to MQTT, retrying...
✅ Connected to AWS IoT Core
⚠️ MQTT disconnected, reason: 7
⚠️ Not connected to MQTT, retrying...
✅ Connected to AWS IoT Core
⚠️ MQTT disconnected, reason: 7
⚠️ Not connected to MQTT, retrying...
✅ Connected to AWS IoT Core
⚠️ MQTT disconnected, reason: 7
⚠️ Not connected to MQTT, retrying...
✅ Connected to AWS IoT Core
⚠️ MQTT disconnected, reason: 7
⚠️ Not connected to MQTT, retrying...
✅ Connected to AWS IoT Core
⚠️ MQTT disconnected, reason: 7
⚠️ Not connected to MQTT, retrying...
✅ Connected to AWS IoT Core
⚠️ MQTT disconnected, reason: 7
⚠️ Not connected to MQTT, retrying...
✅ Connected to AWS IoT Core
✅ Uploaded | id=9168 BP=8195.0 FP=30477.0 CR=8094.0 BC=8154.0 timestamp="2026-02-25 09:24:47"
📤 AWS IoT Sent {'id': 9168, 'bp': 8195.0, 'fp': 30477.0, 'cr': 8094.0, 'bc': 8154.0, 'timestamp': '2026-02-25 09:24:47'}
⚠️ MQTT disconnected, reason: 7
⚠️ Not connected to MQTT, retrying...
✅ Connected to AWS IoT Core
⚠️ MQTT disconnected, reason: 7
✅ Connected to AWS IoT Core
⚠️ MQTT disconnected, reason: 7
✅ Connected to AWS IoT Core
⚠️ MQTT disconnected, reason: 7
✅ Connected to AWS IoT Core
⚠️ MQTT disconnected, reason: 7
✅ Connected to AWS IoT Core
⚠️ MQTT disconnected, reason: 7
⚠️ Not connected to MQTT, retrying...
✅ Connected to AWS IoT Core
⚠️ MQTT disconnected, reason: 7
⚠️ Not connected to MQTT, retrying...
✅ Connected to AWS IoT Core
⚠️ MQTT disconnected, reason: 7
⚠️ Not connected to MQTT, retrying...
✅ Connected to AWS IoT Core
⚠️ MQTT disconnected, reason: 7
✅ Connected to AWS IoT Core
⚠️ MQTT disconnected, reason: 7
⚠️ Not connected to MQTT, retrying...
✅ Connected to AWS IoT Core
⚠️ MQTT disconnected, reason: 7
✅ Connected to AWS IoT Core
⚠️ MQTT disconnected, reason: 7
✅ Connected to AWS IoT Core
⚠️ MQTT disconnected, reason: 7
✅ Connected to AWS IoT Core
⚠️ MQTT disconnected, reason: 7
✅ Connected to AWS IoT Core
⚠️ MQTT disconnected, reason: 7
⚠️ Not connected to MQTT, retrying...
✅ Connected to AWS IoT Core
⚠️ MQTT disconnected, reason: 7
⚠️ Not connected to MQTT, retrying...
✅ Connected to AWS IoT Core
⚠️ MQTT disconnected, reason: 7
✅ Connected to AWS IoT Core
⚠️ MQTT disconnected, reason: 7
⚠️ Not connected to MQTT, retrying...
✅ Connected to AWS IoT Core
⚠️ MQTT disconnected, reason: 7
⚠️ Not connected to MQTT, retrying...
✅ Connected to AWS IoT Core
⚠️ MQTT disconnected, reason: 7
⚠️ Not connected to MQTT, retrying...
✅ Connected to AWS IoT Core
⚠️ MQTT disconnected, reason: 7
⚠️ Not connected to MQTT, retrying...
✅ Connected to AWS IoT Core
⚠️ MQTT disconnected, reason: 7
⚠️ MQTT disconnected, reason: 7
✅ Connected to AWS IoT Core
✅ Connected to AWS IoT Core
⚠️ MQTT disconnected, reason: 7
✅ Connected to AWS IoT Core
⚠️ MQTT disconnected, reason: 7
✅ Connected to AWS IoT Core
⚠️ MQTT disconnected, reason: 7
⚠️ Not connected to MQTT, retrying...
✅ Connected to AWS IoT Core
⚠️ MQTT disconnected, reason: 7
⚠️ Not connected to MQTT, retrying...
✅ Connected to AWS IoT Core
⚠️ MQTT disconnected, reason: 7
⚠️ Not connected to MQTT, retrying...
✅ Connected to AWS IoT Core
⚠️ MQTT disconnected, reason: 7
⚠️ Not connected to MQTT, retrying...
✅ Connected to AWS IoT Core
⚠️ MQTT disconnected, reason: 7
✅ Connected to AWS IoT Core
⚠️ MQTT disconnected, reason: 7
✅ Connected to AWS IoT Core
⚠️ MQTT disconnected, reason: 7
⚠️ MQTT disconnected, reason: 7
⚠️ MQTT disconnected, reason: 7
✅ Connected to AWS IoT Core
⚠️ MQTT disconnected, reason: 7
⚠️ Not connected to MQTT, retrying...
✅ Connected to AWS IoT Core
⚠️ MQTT disconnected, reason: 7
✅ Connected to AWS IoT Core
⚠️ MQTT disconnected, reason: 7
✅ Connected to AWS IoT Core
⚠️ MQTT disconnected, reason: 7
✅ Connected to AWS IoT Core
⚠️ MQTT disconnected, reason: 7
⚠️ Not connected to MQTT, retrying...
✅ Connected to AWS IoT Core
⚠️ MQTT disconnected, reason: 7
⚠️ Not connected to MQTT, retrying...
✅ Connected to AWS IoT Core
⚠️ MQTT disconnected, reason: 7
⚠️ Not connected to MQTT, retrying...
✅ Connected to AWS IoT Core
⚠️ MQTT disconnected, reason: 7
✅ Connected to AWS IoT Core
⚠️ MQTT disconnected, reason: 7
⚠️ Not connected to MQTT, retrying...
✅ Connected to AWS IoT Core
⚠️ MQTT disconnected, reason: 7
✅ Connected to AWS IoT Core
⚠️ MQTT disconnected, reason: 7
✅ Connected to AWS IoT Core
⚠️ MQTT disconnected, reason: 7
⚠️ Not connected to MQTT, retrying...
✅ Connected to AWS IoT Core
⚠️ MQTT disconnected, reason: 7
⚠️ Not connected to MQTT, retrying...
✅ Connected to AWS IoT Core
⚠️ MQTT disconnected, reason: 7
⚠️ Not connected to MQTT, retrying...
✅ Connected to AWS IoT Core
⚠️ MQTT disconnected, reason: 7
⚠️ Not connected to MQTT, retrying...
✅ Connected to AWS IoT Core
⚠️ MQTT disconnected, reason: 7
⚠️ Not connected to MQTT, retrying...
✅ Connected to AWS IoT Core
⚠️ MQTT disconnected, reason: 7
✅ Connected to AWS IoT Core
⚠️ MQTT disconnected, reason: 7
⚠️ Not connected to MQTT, retrying...
✅ Connected to AWS IoT Core
⚠️ MQTT disconnected, reason: 7
⚠️ Not connected to MQTT, retrying...
✅ Connected to AWS IoT Core
⚠️ MQTT disconnected, reason: 7
⚠️ Not connected to MQTT, retrying...
✅ Connected to AWS IoT Core
⚠️ MQTT disconnected, reason: 7
✅ Connected to AWS IoT Core
⚠️ MQTT disconnected, reason: 7
✅ Connected to AWS IoT Core
⚠️ MQTT disconnected, reason: 7
⚠️ Not connected to MQTT, retrying...
✅ Connected to AWS IoT Core
⚠️ MQTT disconnected, reason: 7
⚠️ Not connected to MQTT, retrying...
✅ Connected to AWS IoT Core
⚠️ MQTT disconnected, reason: 7
⚠️ Not connected to MQTT, retrying...
✅ Connected to AWS IoT Core
⚠️ MQTT disconnected, reason: 7
⚠️ Not connected to MQTT, retrying...
✅ Connected to AWS IoT Core
⚠️ MQTT disconnected, reason: 7
⚠️ Not connected to MQTT, retrying...
⚠️ MQTT disconnected, reason: 7
✅ Connected to AWS IoT Core
✅ Connected to AWS IoT Core
⚠️ MQTT disconnected, reason: 7
⚠️ Not connected to MQTT, retrying...
✅ Connected to AWS IoT Core
⚠️ MQTT disconnected, reason: 7
✅ Connected to AWS IoT Core
⚠️ MQTT disconnected, reason: 7
⚠️ Not connected to MQTT, retrying...
✅ Connected to AWS IoT Core
⚠️ MQTT disconnected, reason: 7
⚠️ Not connected to MQTT, retrying...
✅ Connected to AWS IoT Core
⚠️ MQTT disconnected, reason: 7
⚠️ Not connected to MQTT, retrying...
✅ Connected to AWS IoT Core
⚠️ MQTT disconnected, reason: 7
⚠️ Not connected to MQTT, retrying...
✅ Connected to AWS IoT Core
⚠️ MQTT disconnected, reason: 7
⚠️ MQTT disconnected, reason: 7
✅ Connected to AWS IoT Core
✅ Connected to AWS IoT Core
⚠️ MQTT disconnected, reason: 7
⚠️ Not connected to MQTT, retrying...
✅ Connected to AWS IoT Core
⚠️ MQTT disconnected, reason: 7
✅ Connected to AWS IoT Core
⚠️ MQTT disconnected, reason: 7
⚠️ Not connected to MQTT, retrying...
✅ Connected to AWS IoT Core
⚠️ MQTT disconnected, reason: 7
⚠️ Not connected to MQTT, retrying...
✅ Connected to AWS IoT Core
⚠️ MQTT disconnected, reason: 7
⚠️ Not connected to MQTT, retrying...
✅ Connected to AWS IoT Core
⚠️ MQTT disconnected, reason: 7
⚠️ Not connected to MQTT, retrying...
✅ Connected to AWS IoT Core
⚠️ MQTT disconnected, reason: 7
⚠️ Not connected to MQTT, retrying...
✅ Connected to AWS IoT Core
⚠️ MQTT disconnected, reason: 7
⚠️ Not connected to MQTT, retrying...
✅ Connected to AWS IoT Core
⚠️ MQTT disconnected, reason: 7
⚠️ Not connected to MQTT, retrying...
✅ Connected to AWS IoT Core
⚠️ MQTT disconnected, reason: 7
⚠️ Not connected to MQTT, retrying...
✅ Connected to AWS IoT Core
⚠️ MQTT disconnected, reason: 7
⚠️ Not connected to MQTT, retrying...
✅ Connected to AWS IoT Core
⚠️ MQTT disconnected, reason: 7
⚠️ Not connected to MQTT, retrying...
✅ Connected to AWS IoT Core
⚠️ MQTT disconnected, reason: 7
⚠️ Not connected to MQTT, retrying...
✅ Connected to AWS IoT Core
⚠️ MQTT disconnected, reason: 7
⚠️ Not connected to MQTT, retrying...
⚠️ MQTT disconnected, reason: 7
✅ Connected to AWS IoT Core
⚠️ MQTT disconnected, reason: 7
✅ Connected to AWS IoT Core
⚠️ MQTT disconnected, reason: 7
✅ Connected to AWS IoT Core
⚠️ MQTT disconnected, reason: 7
✅ Connected to AWS IoT Core
⚠️ MQTT disconnected, reason: 7
✅ Connected to AWS IoT Core
⚠️ MQTT disconnected, reason: 7
✅ Connected to AWS IoT Core
⚠️ MQTT disconnected, reason: 7
✅ Connected to AWS IoT Core
⚠️ MQTT disconnected, reason: 7
✅ Connected to AWS IoT Core
⚠️ MQTT disconnected, reason: 7
⚠️ Not connected to MQTT, retrying...
✅ Connected to AWS IoT Core
⚠️ MQTT disconnected, reason: 7
⚠️ Not connected to MQTT, retrying...
✅ Connected to AWS IoT Core
⚠️ MQTT disconnected, reason: 7
⚠️ Not connected to MQTT, retrying...
✅ Connected to AWS IoT Core
⚠️ MQTT disconnected, reason: 7
⚠️ Not connected to MQTT, retrying...
✅ Connected to AWS IoT Core
⚠️ MQTT disconnected, reason: 7
⚠️ Not connected to MQTT, retrying...
✅ Connected to AWS IoT Core
⚠️ MQTT disconnected, reason: 7
✅ Connected to AWS IoT Core
⚠️ MQTT disconnected, reason: 7
⚠️ Not connected to MQTT, retrying...
✅ Connected to AWS IoT Core
⚠️ MQTT disconnected, reason: 7
⚠️ Not connected to MQTT, retrying...
✅ Connected to AWS IoT Core
⚠️ MQTT disconnected, reason: 7
⚠️ Not connected to MQTT, retrying...
✅ Connected to AWS IoT Core
⚠️ MQTT disconnected, reason: 7
⚠️ Not connected to MQTT, retrying...
✅ Connected to AWS IoT Core
⚠️ MQTT disconnected, reason: 7
⚠️ Not connected to MQTT, retrying...
✅ Connected to AWS IoT Core
⚠️ MQTT disconnected, reason: 7
⚠️ Not connected to MQTT, retrying...
✅ Connected to AWS IoT Core
⚠️ MQTT disconnected, reason: 7
⚠️ Not connected to MQTT, retrying...
✅ Connected to AWS IoT Core
⚠️ MQTT disconnected, reason: 7
⚠️ Not connected to MQTT, retrying...
⚠️ MQTT disconnected, reason: 7
✅ Connected to AWS IoT Core
⚠️ MQTT disconnected, reason: 7
✅ Connected to AWS IoT Core
⚠️ MQTT disconnected, reason: 7
✅ Connected to AWS IoT Core
⚠️ MQTT disconnected, reason: 7
✅ Connected to AWS IoT Core
⚠️ MQTT disconnected, reason: 7
✅ Connected to AWS IoT Core
⚠️ MQTT disconnected, reason: 7
✅ Connected to AWS IoT Core
⚠️ MQTT disconnected, reason: 7
✅ Connected to AWS IoT Core
⚠️ MQTT disconnected, reason: 7
⚠️ Not connected to MQTT, retrying...
✅ Connected to AWS IoT Core
⚠️ MQTT disconnected, reason: 7
⚠️ Not connected to MQTT, retrying...
⚠️ MQTT disconnected, reason: 7
✅ Connected to AWS IoT Core
⚠️ MQTT disconnected, reason: 7
✅ Connected to AWS IoT Core
⚠️ MQTT disconnected, reason: 7
✅ Connected to AWS IoT Core
⚠️ MQTT disconnected, reason: 7
⚠️ Not connected to MQTT, retrying...
✅ Connected to AWS IoT Core
⚠️ MQTT disconnected, reason: 7
⚠️ Not connected to MQTT, retrying...
✅ Connected to AWS IoT Core
⚠️ MQTT disconnected, reason: 7
⚠️ Not connected to MQTT, retrying...
✅ Connected to AWS IoT Core
⚠️ MQTT disconnected, reason: 7
⚠️ Not connected to MQTT, retrying...
✅ Connected to AWS IoT Core
⚠️ MQTT disconnected, reason: 7
⚠️ Not connected to MQTT, retrying...
⚠️ MQTT disconnected, reason: 7
✅ Connected to AWS IoT Core
✅ Connected to AWS IoT Core
⚠️ MQTT disconnected, reason: 7
⚠️ Not connected to MQTT, retrying...
✅ Connected to AWS IoT Core
⚠️ MQTT disconnected, reason: 7
⚠️ Not connected to MQTT, retrying...
✅ Connected to AWS IoT Core
⚠️ MQTT disconnected, reason: 7
⚠️ Not connected to MQTT, retrying...
✅ Connected to AWS IoT Core
⚠️ MQTT disconnected, reason: 7
⚠️ Not connected to MQTT, retrying...
✅ Connected to AWS IoT Core
⚠️ MQTT disconnected, reason: 7
⚠️ Not connected to MQTT, retrying...
✅ Connected to AWS IoT Core
⚠️ MQTT disconnected, reason: 7
✅ Connected to AWS IoT Core
⚠️ MQTT disconnected, reason: 7
✅ Connected to AWS IoT Core
⚠️ MQTT disconnected, reason: 7
✅ Connected to AWS IoT Core
⚠️ MQTT disconnected, reason: 7
✅ Connected to AWS IoT Core
⚠️ MQTT disconnected, reason: 7
✅ Connected to AWS IoT Core
⚠️ MQTT disconnected, reason: 7
⚠️ Not connected to MQTT, retrying...
✅ Connected to AWS IoT Core
⚠️ MQTT disconnected, reason: 7
⚠️ Not connected to MQTT, retrying...
✅ Connected to AWS IoT Core
⚠️ MQTT disconnected, reason: 7
⚠️ Not connected to MQTT, retrying...
✅ Connected to AWS IoT Core
⚠️ MQTT disconnected, reason: 7
⚠️ Not connected to MQTT, retrying...
⚠️ MQTT disconnected, reason: 7
⚠️ MQTT disconnected, reason: 7
✅ Connected to AWS IoT Core
⚠️ MQTT disconnected, reason: 7
⚠️ Not connected to MQTT, retrying...
✅ Connected to AWS IoT Core
⚠️ MQTT disconnected, reason: 7
⚠️ Not connected to MQTT, retrying...
✅ Connected to AWS IoT Core
⚠️ MQTT disconnected, reason: 7
✅ Connected to AWS IoT Core
⚠️ MQTT disconnected, reason: 7
⚠️ Not connected to MQTT, retrying...
✅ Connected to AWS IoT Core
⚠️ MQTT disconnected, reason: 7
⚠️ Not connected to MQTT, retrying...
✅ Connected to AWS IoT Core
✅ Connected to AWS IoT Core
⚠️ MQTT disconnected, reason: 7
⚠️ Not connected to MQTT, retrying...
✅ Connected to AWS IoT Core
⚠️ MQTT disconnected, reason: 7
✅ Connected to AWS IoT Core
⚠️ MQTT disconnected, reason: 7
✅ Connected to AWS IoT Core
⚠️ MQTT disconnected, reason: 7
⚠️ Not connected to MQTT, retrying...
✅ Connected to AWS IoT Core
⚠️ MQTT disconnected, reason: 7
✅ Connected to AWS IoT Core
⚠️ MQTT disconnected, reason: 7
⚠️ Not connected to MQTT, retrying...
✅ Connected to AWS IoT Core
⚠️ MQTT disconnected, reason: 7
⚠️ Not connected to MQTT, retrying...
✅ Connected to AWS IoT Core
⚠️ MQTT disconnected, reason: 7
⚠️ Not connected to MQTT, retrying...
✅ Connected to AWS IoT Core
⚠️ MQTT disconnected, reason: 7
✅ Connected to AWS IoT Core
⚠️ MQTT disconnected, reason: 7
✅ Connected to AWS IoT Core
⚠️ MQTT disconnected, reason: 7
✅ Connected to AWS IoT Core
⚠️ MQTT disconnected, reason: 7
✅ Connected to AWS IoT Core
⚠️ MQTT disconnected, reason: 7
⚠️ Not connected to MQTT, retrying...
✅ Connected to AWS IoT Core
⚠️ MQTT disconnected, reason: 7
✅ Connected to AWS IoT Core
⚠️ MQTT disconnected, reason: 7
✅ Connected to AWS IoT Core
⚠️ MQTT disconnected, reason: 7
✅ Connected to AWS IoT Core
⚠️ MQTT disconnected, reason: 7
✅ Connected to AWS IoT Core
⚠️ MQTT disconnected, reason: 7
⚠️ Not connected to MQTT, retrying...
✅ Connected to AWS IoT Core
⚠️ MQTT disconnected, reason: 7
⚠️ Not connected to MQTT, retrying...
✅ Connected to AWS IoT Core
⚠️ MQTT disconnected, reason: 7
⚠️ Not connected to MQTT, retrying...
✅ Connected to AWS IoT Core
⚠️ MQTT disconnected, reason: 7
⚠️ Not connected to MQTT, retrying...
✅ Connected to AWS IoT Core
⚠️ MQTT disconnected, reason: 7
⚠️ Not connected to MQTT, retrying...
✅ Connected to AWS IoT Core
⚠️ MQTT disconnected, reason: 7
⚠️ Not connected to MQTT, retrying...
✅ Connected to AWS IoT Core
⚠️ MQTT disconnected, reason: 7
⚠️ Not connected to MQTT, retrying...
✅ Connected to AWS IoT Core
⚠️ MQTT disconnected, reason: 7
✅ Connected to AWS IoT Core
⚠️ MQTT disconnected, reason: 7
✅ Connected to AWS IoT Core
⚠️ MQTT disconnected, reason: 7
✅ Connected to AWS IoT Core
⚠️ MQTT disconnected, reason: 7
✅ Connected to AWS IoT Core
⚠️ MQTT disconnected, reason: 7
✅ Connected to AWS IoT Core
⚠️ MQTT disconnected, reason: 7
⚠️ Not connected to MQTT, retrying...
✅ Connected to AWS IoT Core
⚠️ MQTT disconnected, reason: 7
⚠️ Not connected to MQTT, retrying...
✅ Connected to AWS IoT Core
⚠️ MQTT disconnected, reason: 7
⚠️ Not connected to MQTT, retrying...
✅ Connected to AWS IoT Core
⚠️ MQTT disconnected, reason: 7
⚠️ Not connected to MQTT, retrying...
✅ Connected to AWS IoT Core
⚠️ MQTT disconnected, reason: 7
✅ Connected to AWS IoT Core
⚠️ MQTT disconnected, reason: 7
✅ Connected to AWS IoT Core
⚠️ MQTT disconnected, reason: 7
✅ Connected to AWS IoT Core
⚠️ MQTT disconnected, reason: 7
✅ Connected to AWS IoT Core
⚠️ MQTT disconnected, reason: 7
✅ Connected to AWS IoT Core
⚠️ MQTT disconnected, reason: 7
✅ Connected to AWS IoT Core
⚠️ MQTT disconnected, reason: 7
✅ Connected to AWS IoT Core
⚠️ MQTT disconnected, reason: 7
✅ Connected to AWS IoT Core
⚠️ MQTT disconnected, reason: 7
⚠️ MQTT disconnected, reason: 7
✅ Connected to AWS IoT Core
⚠️ MQTT disconnected, reason: 7
✅ Connected to AWS IoT Core
⚠️ MQTT disconnected, reason: 7
✅ Connected to AWS IoT Core
⚠️ MQTT disconnected, reason: 7
⚠️ MQTT disconnected, reason: 7
✅ Connected to AWS IoT Core
⚠️ MQTT disconnected, reason: 7
✅ Connected to AWS IoT Core
⚠️ MQTT disconnected, reason: 7
✅ Connected to AWS IoT Core
⚠️ MQTT disconnected, reason: 7
✅ Connected to AWS IoT Core
⚠️ MQTT disconnected, reason: 7
✅ Connected to AWS IoT Core
⚠️ MQTT disconnected, reason: 7
⚠️ Not connected to MQTT, retrying...
✅ Connected to AWS IoT Core
⚠️ MQTT disconnected, reason: 7
⚠️ Not connected to MQTT, retrying...
✅ Connected to AWS IoT Core
⚠️ MQTT disconnected, reason: 7
⚠️ Not connected to MQTT, retrying...
✅ Connected to AWS IoT Core
⚠️ MQTT disconnected, reason: 7
✅ Connected to AWS IoT Core
⚠️ MQTT disconnected, reason: 7
✅ Connected to AWS IoT Core
⚠️ MQTT disconnected, reason: 7
⚠️ Not connected to MQTT, retrying...
✅ Connected to AWS IoT Core
⚠️ MQTT disconnected, reason: 7
⚠️ Not connected to MQTT, retrying...
✅ Connected to AWS IoT Core
⚠️ MQTT disconnected, reason: 7
⚠️ Not connected to MQTT, retrying...
✅ Connected to AWS IoT Core
⚠️ MQTT disconnected, reason: 7
⚠️ Not connected to MQTT, retrying...
⚠️ MQTT disconnected, reason: 7
✅ Connected to AWS IoT Core
⚠️ MQTT disconnected, reason: 7
✅ Connected to AWS IoT Core
⚠️ MQTT disconnected, reason: 7
✅ Connected to AWS IoT Core
⚠️ MQTT disconnected, reason: 7
✅ Connected to AWS IoT Core
⚠️ MQTT disconnected, reason: 7
✅ Connected to AWS IoT Core
⚠️ MQTT disconnected, reason: 7
⚠️ Not connected to MQTT, retrying...
✅ Connected to AWS IoT Core
⚠️ MQTT disconnected, reason: 7
⚠️ Not connected to MQTT, retrying...
✅ Connected to AWS IoT Core
⚠️ MQTT disconnected, reason: 7
⚠️ Not connected to MQTT, retrying...
✅ Connected to AWS IoT Core
⚠️ MQTT disconnected, reason: 7
⚠️ Not connected to MQTT, retrying...
✅ Connected to AWS IoT Core
⚠️ MQTT disconnected, reason: 7
✅ Connected to AWS IoT Core
⚠️ MQTT disconnected, reason: 7
✅ Connected to AWS IoT Core
⚠️ MQTT disconnected, reason: 7
✅ Connected to AWS IoT Core
⚠️ MQTT disconnected, reason: 7
⚠️ Not connected to MQTT, retrying...
✅ Connected to AWS IoT Core
⚠️ MQTT disconnected, reason: 7
⚠️ Not connected to MQTT, retrying...
✅ Connected to AWS IoT Core
⚠️ MQTT disconnected, reason: 7
⚠️ Not connected to MQTT, retrying...
✅ Connected to AWS IoT Core
⚠️ MQTT disconnected, reason: 7
⚠️ Not connected to MQTT, retrying...
✅ Connected to AWS IoT Core
⚠️ MQTT disconnected, reason: 7
✅ Connected to AWS IoT Core
⚠️ MQTT disconnected, reason: 7
✅ Connected to AWS IoT Core
⚠️ MQTT disconnected, reason: 7
✅ Connected to AWS IoT Core
⚠️ MQTT disconnected, reason: 7
✅ Connected to AWS IoT Core
⚠️ MQTT disconnected, reason: 7
⚠️ MQTT disconnected, reason: 7
⚠️ MQTT disconnected, reason: 7
✅ Connected to AWS IoT Core
⚠️ MQTT disconnected, reason: 7
⚠️ Not connected to MQTT, retrying...
✅ Connected to AWS IoT Core
⚠️ MQTT disconnected, reason: 7
⚠️ Not connected to MQTT, retrying...
✅ Connected to AWS IoT Core
⚠️ MQTT disconnected, reason: 7
⚠️ Not connected to MQTT, retrying...
✅ Connected to AWS IoT Core
⚠️ MQTT disconnected, reason: 7
✅ Connected to AWS IoT Core
⚠️ MQTT disconnected, reason: 7
⚠️ Not connected to MQTT, retrying...
✅ Connected to AWS IoT Core
⚠️ MQTT disconnected, reason: 7
⚠️ Not connected to MQTT, retrying...
✅ Connected to AWS IoT Core
⚠️ MQTT disconnected, reason: 7
✅ Connected to AWS IoT Core
⚠️ MQTT disconnected, reason: 7
⚠️ MQTT disconnected, reason: 7
✅ Connected to AWS IoT Core
⚠️ MQTT disconnected, reason: 7
✅ Connected to AWS IoT Core
⚠️ MQTT disconnected, reason: 7
⚠️ MQTT disconnected, reason: 7
✅ Connected to AWS IoT Core
✅ Connected to AWS IoT Core
⚠️ MQTT disconnected, reason: 7
⚠️ Not connected to MQTT, retrying...
✅ Connected to AWS IoT Core
⚠️ MQTT disconnected, reason: 7
✅ Connected to AWS IoT Core
⚠️ MQTT disconnected, reason: 7
⚠️ Not connected to MQTT, retrying...
✅ Connected to AWS IoT Core
⚠️ MQTT disconnected, reason: 7
⚠️ Not connected to MQTT, retrying...
✅ Connected to AWS IoT Core
⚠️ MQTT disconnected, reason: 7
⚠️ Not connected to MQTT, retrying...
✅ Connected to AWS IoT Core
⚠️ MQTT disconnected, reason: 7
⚠️ Not connected to MQTT, retrying...
✅ Connected to AWS IoT Core
⚠️ MQTT disconnected, reason: 7
✅ Connected to AWS IoT Core
⚠️ MQTT disconnected, reason: 7
⚠️ Not connected to MQTT, retrying...
✅ Connected to AWS IoT Core
⚠️ MQTT disconnected, reason: 7
⚠️ Not connected to MQTT, retrying...
✅ Connected to AWS IoT Core
⚠️ MQTT disconnected, reason: 7
⚠️ Not connected to MQTT, retrying...
✅ Connected to AWS IoT Core
⚠️ MQTT disconnected, reason: 7
⚠️ Not connected to MQTT, retrying...
✅ Connected to AWS IoT Core
⚠️ MQTT disconnected, reason: 7
⚠️ Not connected to MQTT, retrying...
✅ Connected to AWS IoT Core
⚠️ MQTT disconnected, reason: 7
⚠️ Not connected to MQTT, retrying...
✅ Connected to AWS IoT Core
⚠️ MQTT disconnected, reason: 7
✅ Connected to AWS IoT Core
⚠️ MQTT disconnected, reason: 7
⚠️ Not connected to MQTT, retrying...
✅ Connected to AWS IoT Core
⚠️ MQTT disconnected, reason: 7
⚠️ Not connected to MQTT, retrying...
✅ Connected to AWS IoT Core
⚠️ MQTT disconnected, reason: 7
✅ Connected to AWS IoT Core
⚠️ MQTT disconnected, reason: 7
✅ Connected to AWS IoT Core
⚠️ MQTT disconnected, reason: 7
✅ Connected to AWS IoT Core
⚠️ MQTT disconnected, reason: 7
⚠️ Not connected to MQTT, retrying...
✅ Connected to AWS IoT Core
⚠️ MQTT disconnected, reason: 7
⚠️ Not connected to MQTT, retrying...
✅ Connected to AWS IoT Core
⚠️ MQTT disconnected, reason: 7
✅ Connected to AWS IoT Core
⚠️ MQTT disconnected, reason: 7
✅ Connected to AWS IoT Core/home/pi_123/data/src/pressure_project/system_upload.py:78: DeprecationWarning: Callback API version 1 is deprecated, update to latest version
  client = mqtt.Client(client_id=CLIENT_ID, protocol=mqtt.MQTTv311)
/home/pi_123/data/src/pressure_project/system_upload.py:78: DeprecationWarning: Callback API version 1 is deprecated, update to latest version
  client = mqtt.Client(client_id=CLIENT_ID, protocol=mqtt.MQTTv311)
/home/pi_123/data/src/pressure_project/system_upload.py:78: DeprecationWarning: Callback API version 1 is deprecated, update to latest version
  client = mqtt.Client(client_id=CLIENT_ID, protocol=mqtt.MQTTv311)
=== DEBUG START ===
DB exists: True
CA exists: True
CERT exists: True
KEY exists: True
=== DEBUG END ===
⚠️ Network not ready, waiting 5s...
✅ Connected to AWS IoT Core
✅ Uploaded | id=9175 BP=-21556.0 FP=30740.0 CR=8235.0 BC=8275.0 timestamp="2026-02-25 09:57:49"
📤 AWS IoT Sent {'id': 9175, 'bp': -21556.0, 'fp': 30740.0, 'cr': 8235.0, 'bc': 8275.0, 'timestamp': '2026-02-25 09:57:49'}
⚠️ MQTT disconnected, reason: 7
⚠️ Not connected to MQTT, retrying...
✅ Connected to AWS IoT Core
✅ Uploaded | id=9176 BP=8316.0 FP=30719.0 CR=8215.0 BC=8275.0 timestamp="2026-02-25 09:57:55"
📤 AWS IoT Sent {'id': 9176, 'bp': 8316.0, 'fp': 30719.0, 'cr': 8215.0, 'bc': 8275.0, 'timestamp': '2026-02-25 09:57:55'}
⚠️ MQTT disconnected, reason: 7
⚠️ Not connected to MQTT, retrying...
✅ Connected to AWS IoT Core
⚠️ MQTT disconnected, reason: 7
✅ Connected to AWS IoT Core
⚠️ MQTT disconnected, reason: 7
⚠️ Not connected to MQTT, retrying...
✅ Connected to AWS IoT Core
⚠️ MQTT disconnected, reason: 7
✅ Connected to AWS IoT Core
⚠️ MQTT disconnected, reason: 7
✅ Connected to AWS IoT Core
⚠️ MQTT disconnected, reason: 7
⚠️ Not connected to MQTT, retrying...
✅ Connected to AWS IoT Core
⚠️ MQTT disconnected, reason: 7
⚠️ Not connected to MQTT, retrying...
✅ Connected to AWS IoT Core
⚠️ MQTT disconnected, reason: 7
⚠️ Not connected to MQTT, retrying...
✅ Connected to AWS IoT Core
⚠️ MQTT disconnected, reason: 7
⚠️ Not connected to MQTT, retrying...
✅ Connected to AWS IoT Core
⚠️ MQTT disconnected, reason: 7
✅ Connected to AWS IoT Core
✅ Connected to AWS IoT Core
⚠️ MQTT disconnected, reason: 7
✅ Connected to AWS IoT Core
⚠️ MQTT disconnected, reason: 7
⚠️ Not connected to MQTT, retrying...
✅ Connected to AWS IoT Core
⚠️ MQTT disconnected, reason: 7
⚠️ Not connected to MQTT, retrying...
✅ Connected to AWS IoT Core
⚠️ MQTT disconnected, reason: 7
⚠️ Not connected to MQTT, retrying...
✅ Connected to AWS IoT Core
⚠️ MQTT disconnected, reason: 7
⚠️ Not connected to MQTT, retrying...
✅ Connected to AWS IoT Core
⚠️ MQTT disconnected, reason: 7
⚠️ Not connected to MQTT, retrying...
✅ Connected to AWS IoT Core
⚠️ MQTT disconnected, reason: 7
✅ Connected to AWS IoT Core
⚠️ MQTT disconnected, reason: 7
⚠️ Not connected to MQTT, retrying...
✅ Connected to AWS IoT Core
⚠️ MQTT disconnected, reason: 7
✅ Connected to AWS IoT Core
⚠️ MQTT disconnected, reason: 7
✅ Connected to AWS IoT Core
⚠️ MQTT disconnected, reason: 7
⚠️ Not connected to MQTT, retrying...
✅ Connected to AWS IoT Core
⚠️ MQTT disconnected, reason: 7
⚠️ Not connected to MQTT, retrying...
✅ Connected to AWS IoT Core
⚠️ MQTT disconnected, reason: 7
⚠️ Not connected to MQTT, retrying...
✅ Connected to AWS IoT Core
⚠️ MQTT disconnected, reason: 7
⚠️ Not connected to MQTT, retrying...
✅ Connected to AWS IoT Core
✅ Connected to AWS IoT Core
⚠️ MQTT disconnected, reason: 7
⚠️ Not connected to MQTT, retrying...
✅ Connected to AWS IoT Core
⚠️ MQTT disconnected, reason: 7
✅ Connected to AWS IoT Core
⚠️ MQTT disconnected, reason: 7
⚠️ MQTT disconnected, reason: 7
✅ Connected to AWS IoT Core
✅ Connected to AWS IoT Core
⚠️ MQTT disconnected, reason: 7
⚠️ Not connected to MQTT, retrying...
✅ Connected to AWS IoT Core
⚠️ MQTT disconnected, reason: 7
✅ Connected to AWS IoT Core
✅ Connected to AWS IoT Core
⚠️ MQTT disconnected, reason: 7
⚠️ Not connected to MQTT, retrying...
✅ Connected to AWS IoT Core
⚠️ MQTT disconnected, reason: 7
✅ Connected to AWS IoT Core
⚠️ MQTT disconnected, reason: 7
✅ Connected to AWS IoT Core
⚠️ MQTT disconnected, reason: 7
✅ Connected to AWS IoT Core
⚠️ MQTT disconnected, reason: 7
⚠️ Not connected to MQTT, retrying...
✅ Connected to AWS IoT Core
✅ Connected to AWS IoT Core
⚠️ MQTT disconnected, reason: 7
⚠️ Not connected to MQTT, retrying...
✅ Connected to AWS IoT Core
✅ Connected to AWS IoT Core
⚠️ MQTT disconnected, reason: 7
⚠️ Not connected to MQTT, retrying...
✅ Connected to AWS IoT Core
✅ Connected to AWS IoT Core
⚠️ MQTT disconnected, reason: 7
⚠️ Not connected to MQTT, retrying...
✅ Connected to AWS IoT Core
✅ Connected to AWS IoT Core
⚠️ MQTT disconnected, reason: 7
⚠️ Not connected to MQTT, retrying...
✅ Connected to AWS IoT Core
⚠️ MQTT disconnected, reason: 7
✅ Connected to AWS IoT Core
✅ Connected to AWS IoT Core
⚠️ MQTT disconnected, reason: 7
⚠️ Not connected to MQTT, retrying...
✅ Connected to AWS IoT Core
✅ Connected to AWS IoT Core
⚠️ MQTT disconnected, reason: 7
⚠️ Not connected to MQTT, retrying...
✅ Connected to AWS IoT Core
⚠️ MQTT disconnected, reason: 7
⚠️ Not connected to MQTT, retrying...
✅ Connected to AWS IoT Core
✅ Connected to AWS IoT Core
⚠️ MQTT disconnected, reason: 7
⚠️ Not connected to MQTT, retrying...
✅ Connected to AWS IoT Core
⚠️ MQTT disconnected, reason: 7
✅ Connected to AWS IoT Core
⚠️ MQTT disconnected, reason: 7
✅ Connected to AWS IoT Core
✅ Connected to AWS IoT Core
⚠️ MQTT disconnected, reason: 7
⚠️ Not connected to MQTT, retrying...
✅ Connected to AWS IoT Core
⚠️ MQTT disconnected, reason: 7
✅ Connected to AWS IoT Core
⚠️ MQTT disconnected, reason: 7
✅ Connected to AWS IoT Core
⚠️ MQTT disconnected, reason: 7
✅ Connected to AWS IoT Core
⚠️ MQTT disconnected, reason: 7
✅ Connected to AWS IoT Core
⚠️ MQTT disconnected, reason: 7
✅ Connected to AWS IoT Core
⚠️ MQTT disconnected, reason: 7
⚠️ Not connected to MQTT, retrying...
✅ Connected to AWS IoT Core
⚠️ MQTT disconnected, reason: 7
✅ Connected to AWS IoT Core
⚠️ MQTT disconnected, reason: 7
✅ Connected to AWS IoT Core
⚠️ MQTT disconnected, reason: 7
✅ Connected to AWS IoT Core
⚠️ MQTT disconnected, reason: 7
✅ Connected to AWS IoT Core
⚠️ MQTT disconnected, reason: 7
⚠️ Not connected to MQTT, retrying...
✅ Connected to AWS IoT Core
✅ Connected to AWS IoT Core
⚠️ MQTT disconnected, reason: 7
⚠️ Not connected to MQTT, retrying...
✅ Connected to AWS IoT Core
⚠️ MQTT disconnected, reason: 7
✅ Connected to AWS IoT Core
✅ Connected to AWS IoT Core
⚠️ MQTT disconnected, reason: 7
⚠️ Not connected to MQTT, retrying...
✅ Connected to AWS IoT Core
⚠️ MQTT disconnected, reason: 7
✅ Connected to AWS IoT Core
⚠️ MQTT disconnected, reason: 7
✅ Connected to AWS IoT Core
⚠️ MQTT disconnected, reason: 7
⚠️ Not connected to MQTT, retrying...
✅ Connected to AWS IoT Core
⚠️ MQTT disconnected, reason: 7
⚠️ Not connected to MQTT, retrying...
✅ Connected to AWS IoT Core
⚠️ MQTT disconnected, reason: 7
✅ Connected to AWS IoT Core
⚠️ MQTT disconnected, reason: 7
✅ Connected to AWS IoT Core
⚠️ MQTT disconnected, reason: 7
⚠️ Not connected to MQTT, retrying...
✅ Connected to AWS IoT Core
⚠️ MQTT disconnected, reason: 7
✅ Connected to AWS IoT Core
⚠️ MQTT disconnected, reason: 7
✅ Connected to AWS IoT Core
⚠️ MQTT disconnected, reason: 7
✅ Connected to AWS IoT Core
⚠️ MQTT disconnected, reason: 7
✅ Connected to AWS IoT Core
⚠️ MQTT disconnected, reason: 7
⚠️ Not connected to MQTT, retrying...
✅ Connected to AWS IoT Core
⚠️ MQTT disconnected, reason: 7
⚠️ Not connected to MQTT, retrying...
✅ Connected to AWS IoT Core
⚠️ MQTT disconnected, reason: 7
⚠️ Not connected to MQTT, retrying...
⚠️ MQTT disconnected, reason: 7
✅ Connected to AWS IoT Core
✅ Connected to AWS IoT Core
⚠️ MQTT disconnected, reason: 7
⚠️ Not connected to MQTT, retrying...
✅ Connected to AWS IoT Core
⚠️ MQTT disconnected, reason: 7
⚠️ Not connected to MQTT, retrying...
✅ Connected to AWS IoT Core
✅ Connected to AWS IoT Core
⚠️ MQTT disconnected, reason: 7
⚠️ Not connected to MQTT, retrying...
✅ Connected to AWS IoT Core
⚠️ MQTT disconnected, reason: 7
✅ Connected to AWS IoT Core
⚠️ MQTT disconnected, reason: